1502942400000,301.13000000,302.57000000,298.00000000,301.61000000,125.66877000,1502945999999,37684.80418100,129,80.56377000,24193.44078900,47039.70675719
1502946000000,301.61000000,303.28000000,300.00000000,303.10000000,377.67246000,1502949599999,114043.28267640,202,328.10428000,99079.80356860,47250.80517462
1502949600000,302.40000000,304.44000000,301.90000000,302.68000000,303.86672000,1502953199999,92034.44129390,182,259.28668000,78525.94861270,47176.44458354
1502953200000,302.68000000,307.96000000,302.60000000,307.96000000,754.74510000,1502956799999,229725.13696720,198,592.43176000,180297.96696090,46884.54339102
1502956800000,307.95000000,309.97000000,307.00000000,308.62000000,150.75029000,1502960399999,46559.46237070,182,140.68470000,43451.49539780,46771.05734185
1502960400000,308.62000000,312.00000000,308.62000000,310.00000000,469.27879000,1502963999999,145510.06322500,198,438.71878000,136034.15770830,46737.41039768
1502964000000,310.00000000,310.97000000,308.54000000,309.30000000,284.39140000,1502967599999,88083.86640000,198,264.55324000,81938.86006260,46726.16936455
1502967600000,308.30000000,310.68000000,307.78000000,308.95000000,273.29040000,1502971199999,84391.92440580,197,249.89213000,77163.08951500,46866.63079951
1502971200000,308.95000000,310.51000000,307.98000000,308.62000000,401.79278000,1502974799999,124016.82296520,232,382.13691000,117937.58242720,47096.00227307
1502974800000,308.62000000,309.72000000,307.77000000,309.40000000,310.58042000,1502978399999,95966.37892170,231,296.76116000,91702.62903500,47287.00205330
1502978400000,307.77000000,308.71000000,305.49000000,306.50000000,710.25965000,1502981999999,218060.04932710,243,627.17946000,192533.05544000,47703.08560401
1502982000000,306.50000000,308.76000000,303.56000000,307.06000000,459.41982000,1502985599999,140601.68067640,434,436.06889000,133453.87311690,47528.18909052
1502985600000,307.74000000,312.18000000,298.21000000,308.00000000,596.81077000,1502989199999,182453.78460010,422,512.17019000,156798.02722990,48185.52512534
1502989200000,308.00000000,308.33000000,303.98000000,308.33000000,191.94856000,1502992799999,58976.57228090,178,187.38705000,57573.13651170,48911.68953077
1502992800000,308.33000000,311.53000000,298.96000000,309.10000000,203.65480000,1502996399999,62722.63650260,183,188.34465000,58034.07428370,48761.17342281
1502996400000,309.10000000,309.84000000,301.60000000,301.60000000,215.63779000,1502999999999,66056.05808360,174,209.41831000,64140.94175680,48886.75337014
1503000000000,301.60000000,309.40000000,299.01000000,304.79000000,272.42251000,1503003599999,82882.49363480,241,238.04363000,72453.02839720,49152.64520440
1503003600000,304.79000000,309.40000000,304.04000000,307.44000000,330.54526000,1503007199999,101419.04584850,255,276.50064000,84807.46512240,49281.26073673
1503007200000,308.57000000,310.74000000,303.44000000,306.74000000,368.36785000,1503010799999,113373.21704210,222,320.67801000,98807.96312690,50288.90511454
1503010800000,306.74000000,310.85000000,302.00000000,302.00000000,229.60620000,1503014399999,70093.57895360,221,195.66575000,59778.82946760,50579.87228839
1503014400000,302.00000000,306.20000000,297.40000000,301.19000000,501.26558000,1503017999999,151407.12150610,244,400.96944000,121075.35388840,50828.73404005
1503018000000,300.08000000,305.55000000,295.19000000,298.73000000,374.41661000,1503021599999,112326.17998370,211,350.01032000,104986.65872930,50782.76608647
1503021600000,298.73000000,304.70000000,298.73000000,300.52000000,208.96849000,1503025199999,63098.58256770,177,194.11739000,58588.71306070,50744.41542427
1503025200000,300.05000000,306.47000000,300.05000000,301.40000000,605.93251000,1503028799999,183852.18186430,327,331.25425000,100452.80269660,51205.10800759
1503028800000,301.40000000,302.95000000,298.41000000,301.80000000,444.33795000,1503032399999,133774.84623970,227,377.94231000,113783.49838110,51184.54541958
1503032400000,301.80000000,305.92000000,300.00000000,304.70000000,525.33357000,1503035999999,159515.28393580,337,473.47658000,143786.37727980,52168.05742462
1503036000000,304.70000000,307.00000000,303.21000000,307.00000000,356.12220000,1503039599999,108751.76962970,298,336.51812000,102752.39976830,51832.72494653
1503039600000,307.00000000,309.49000000,305.23000000,306.24000000,406.73244000,1503043199999,125068.70828430,206,389.11940000,119673.00374950,52708.21645626
1503043200000,306.24000000,310.85000000,303.79000000,304.23000000,313.23742000,1503046799999,96663.35903810,229,269.59649000,83204.77124530,52963.46600100
1503046800000,304.23000000,307.72000000,303.22000000,304.71000000,306.05941000,1503050399999,93189.12446660,239,284.94231000,86754.77887140,53351.86810746
1503050400000,304.73000000,311.06000000,304.73000000,308.88000000,332.56430000,1503053999999,102119.42034510,226,297.72711000,91421.68812530,53113.31687262
1503054000000,308.88000000,311.79000000,306.27000000,307.78000000,261.15170000,1503057599999,80940.09714080,190,212.75837000,65992.14690400,53419.38354110
1503057600000,307.78000000,310.29000000,305.73000000,308.47000000,388.17208000,1503061199999,119593.46100730,227,306.74200000,94607.57127720,53607.24965359
1503061200000,307.17000000,309.66000000,301.30000000,303.22000000,357.19041000,1503064799999,109071.07169300,229,294.88278000,90173.34309290,53837.42078914
1503064800000,303.22000000,303.22000000,296.32000000,298.52000000,398.64644000,1503068399999,119383.70945770,238,371.05596000,111143.12841280,54331.04723158
1503068400000,298.52000000,300.99000000,297.32000000,298.80000000,214.98578000,1503071999999,64155.46673630,188,191.01746000,56981.75715690,54157.36861102
1503072000000,298.80000000,301.11000000,295.64000000,299.21000000,403.96386000,1503075599999,121118.95596560,219,363.96541000,109178.17874370,54450.03093778
1503075600000,297.50000000,299.21000000,293.18000000,295.53000000,359.12225000,1503079199999,106685.93035090,179,335.54370000,99709.21363280,54827.36681822
1503079200000,295.53000000,298.25000000,289.75000000,289.75000000,412.39491000,1503082799999,121210.69466570,228,306.61433000,90336.67292340,55077.61100205
1503082800000,289.75000000,295.60000000,287.37000000,293.83000000,445.23397000,1503086399999,129850.33044850,259,296.98434000,86725.49564370,55038.10651699
1503086400000,295.46000000,295.46000000,288.25000000,291.87000000,748.21537000,1503089999999,217316.00463090,276,303.46658000,88446.78664930,55171.90714110
1503090000000,291.87000000,291.87000000,283.94000000,286.30000000,602.03512000,1503093599999,173970.71722910,279,466.53903000,135008.86898890,55289.81780153
1503093600000,288.01000000,294.19000000,284.02000000,293.74000000,477.84453000,1503097199999,138454.33067870,296,264.17700000,76362.92753420,55259.05981541
1503097200000,293.74000000,294.18000000,289.97000000,293.96000000,93.91956000,1503100799999,27429.16148830,129,33.01474000,9667.12447090,55329.57432378
1503100800000,293.31000000,297.15000000,293.31000000,295.44000000,86.00150000,1503104399999,25343.64660980,128,75.43247000,22227.44147580,55077.54974374
1503104400000,297.15000000,298.20000000,294.24000000,297.19000000,41.96377000,1503107999999,12408.99707660,41,8.00867000,2380.97977210,55124.17092500
1503108000000,297.19000000,299.84000000,296.56000000,299.84000000,87.48968000,1503111599999,26034.96694810,84,61.56688000,18339.90096500,55777.31237531
1503111600000,298.64000000,298.64000000,292.83000000,293.22000000,66.73802000,1503115199999,19668.73169820,85,36.15918000,10663.46144950,55410.13905317
1503115200000,294.69000000,297.19000000,291.87000000,291.87000000,42.99260000,1503118799999,12631.82907380,34,4.84952000,1434.71500060,55052.77840996
1503118800000,297.17000000,299.90000000,291.87000000,293.23000000,35.01324000,1503122399999,10408.69989860,28,21.05131000,6294.07972160,55091.92511306
1503122400000,293.69000000,295.56000000,289.02000000,289.02000000,45.02220000,1503125999999,13161.09730170,56,34.60580000,10146.07692750,54730.83129727
1503126000000,289.02000000,292.17000000,287.01000000,290.16000000,112.26406000,1503129599999,32485.96951330,117,92.61858000,26812.37172950,54680.77887682
1503129600000,290.16000000,290.16000000,287.00000000,288.40000000,148.37539000,1503133199999,42805.81215720,119,139.96818000,40388.86905880,54613.33878121
1503133200000,287.66000000,293.17000000,287.66000000,290.30000000,228.92457000,1503136799999,66172.77143910,137,201.37848000,58169.20059050,54595.48509115
1503136800000,291.36000000,292.24000000,283.58000000,287.14000000,447.45268000,1503140399999,129009.11272680,200,390.05600000,112493.31764010,57945.40593084
1503140400000,285.97000000,287.15000000,278.00000000,282.58000000,314.27781000,1503143999999,89280.04686220,230,154.64732000,44124.88649990,57773.45482767
1503144000000,281.39000000,290.85000000,279.56000000,290.85000000,166.32417000,1503147599999,47231.81349720,161,116.25188000,33015.77745770,57822.10961120
1503147600000,290.16000000,290.16000000,286.36000000,286.36000000,20.94515000,1503151199999,6032.93781020,20,1.80514000,523.74932640,58170.37790536
1503151200000,285.50000000,288.64000000,283.00000000,283.00000000,13.81812000,1503154799999,3928.40221520,16,0.09343000,26.95324520,57972.77276542
1503154800000,283.88000000,288.64000000,283.01000000,288.64000000,87.21250000,1503158399999,24881.10942050,71,77.21180000,22041.27370950,57651.86498228
1503158400000,288.64000000,290.16000000,286.12000000,286.14000000,61.94884000,1503161999999,17856.86069910,63,30.47531000,8802.98123440,58010.83488911
1503162000000,286.19000000,293.15000000,284.16000000,293.15000000,11.12991000,1503165599999,3207.62255520,14,4.00391000,1170.09107520,58016.05728270
1503165600000,294.33000000,295.00000000,288.95000000,295.00000000,41.13882000,1503169199999,12012.20736620,70,40.70771000,11885.81884750,57873.80757540
1503169200000,292.64000000,293.38000000,291.99000000,293.31000000,13.16832000,1503172799999,3854.25924400,19,6.86332000,2009.17749400,58020.26884135
1503172800000,290.60000000,291.85000000,288.80000000,290.31000000,13.80734000,1503176399999,3997.34331020,28,4.74818000,1375.97477420,58119.67814802
1503176400000,289.90000000,293.25000000,289.90000000,293.25000000,25.03040000,1503179999999,7309.64881910,34,17.88308000,5223.43772670,58011.71928055
1503180000000,293.25000000,294.90000000,290.91000000,290.91000000,35.15864000,1503183599999,10298.70361940,40,17.58935000,5163.07648690,57870.17979123
1503183600000,290.91000000,290.91000000,290.91000000,290.91000000,0.00000000,1503187199999,0.00000000,0,0.00000000,0.00000000,58005.17104565
1503187200000,289.41000000,292.42000000,286.91000000,287.00000000,15.54493000,1503190799999,4473.79564640,13,0.00342000,1.00007640,57842.32255030
1503190800000,287.40000000,290.87000000,285.96000000,289.94000000,17.24852000,1503194399999,4961.29539790,34,12.83852000,3700.21179790,57748.23219147
1503194400000,289.94000000,292.42000000,287.66000000,292.42000000,32.59927000,1503197999999,9454.74581450,43,22.09022000,6407.75185750,57553.29450080
1503198000000,292.42000000,292.42000000,289.47000000,292.41000000,3.00820000,1503201599999,879.64370880,3,3.00820000,879.64370880,57469.66676677
1503201600000,287.97000000,288.31000000,287.97000000,288.30000000,6.65904000,1503205199999,1919.12780240,33,0.00000000,0.00000000,57439.54794903
1503205200000,285.39000000,293.15000000,285.39000000,292.17000000,42.89756000,1503208799999,12455.29381020,69,35.46674000,10305.34300640,56833.78349296
1503208800000,292.17000000,293.15000000,289.00000000,293.12000000,35.00818000,1503212399999,10179.62167240,57,16.94475000,4931.26653730,56757.92655124
1503212400000,293.10000000,295.56000000,287.87000000,292.08000000,167.69750000,1503215999999,48972.11720440,215,148.33874000,43323.50291410,57175.27023540
1503216000000,293.02000000,295.98000000,282.85000000,295.98000000,159.52169000,1503219599999,46079.57911790,147,135.84391000,39206.48573560,57556.84993214
1503219600000,292.59000000,295.96000000,292.59000000,295.96000000,4.86604000,1503223199999,1432.22688840,10,4.86603000,1432.22396250,57321.71823053
1503223200000,295.97000000,296.89000000,293.43000000,295.51000000,24.83550000,1503226799999,7329.95443950,36,21.95775000,6483.11894700,57116.27569994
1503226800000,292.59000000,295.51000000,292.59000000,295.00000000,51.53645000,1503230399999,15167.17523630,50,42.45514000,12505.15363100,57259.36166759
1503230400000,295.00000000,296.92000000,294.29000000,296.92000000,57.35344000,1503233999999,16942.44559880,93,47.77132000,14111.48663910,56970.37274300
1503234000000,296.39000000,296.39000000,292.28000000,293.41000000,6.09547000,1503237599999,1788.69438930,8,5.74347000,1685.81182930,56593.24127802
1503237600000,294.25000000,294.25000000,294.25000000,294.25000000,3.90000000,1503241199999,1147.57500000,2,2.50000000,735.62500000,55198.54141848
1503241200000,295.16000000,295.16000000,295.10000000,295.10000000,0.01579000,1503244799999,4.66000100,3,0.01579000,4.66000100,56732.23274455
1503244800000,295.10000000,297.92000000,293.28000000,296.46000000,74.02462000,1503248399999,21859.27669730,105,70.21016000,20736.46722550,57073.93010120
1503248400000,296.46000000,298.79000000,293.63000000,296.88000000,100.71171000,1503251999999,29855.64590740,82,56.20018000,16719.64327360,57492.62337008
1503252000000,296.88000000,300.53000000,295.89000000,298.57000000,41.00621000,1503255599999,12212.76697380,63,35.63365000,10619.10628060,57742.55897485
1503255600000,298.57000000,298.57000000,294.91000000,297.88000000,145.82441000,1503259199999,43327.04735110,87,135.65635000,40305.05231970,59347.25249404
1503259200000,297.87000000,297.88000000,294.51000000,297.27000000,260.07005000,1503262799999,76924.25495650,177,243.21369000,71930.78385100,59371.69168602
1503262800000,297.27000000,298.30000000,295.19000000,298.13000000,353.55114000,1503266399999,104947.54543900,243,333.62466000,99019.75209490,59619.52958499
1503266400000,298.13000000,299.52000000,297.60000000,298.19000000,422.41153000,1503269999999,125918.18110710,247,409.42553000,122045.88780130,59810.48113616
1503270000000,297.68000000,300.53000000,297.19000000,299.10000000,483.75146000,1503273599999,144615.22439950,218,402.87917000,120416.08353000,60299.06615403
1503273600000,299.10000000,300.90000000,295.76000000,300.70000000,370.66684000,1503277199999,110695.81086010,294,275.30911000,82349.54795780,60210.39809274
1503277200000,300.70000000,300.70000000,294.60000000,299.00000000,213.50155000,1503280799999,63588.48034730,167,183.00368000,54535.37983440,60300.36949553
1503280800000,299.00000000,299.00000000,294.60000000,297.51000000,71.75290000,1503284399999,21297.22391080,116,40.91903000,12176.25741480,60876.76573896
1503284400000,299.00000000,299.85000000,297.12000000,299.85000000,67.88466000,1503287999999,20265.75804020,72,45.26130000,13530.69493600,60631.59334700
1503288000000,300.03000000,304.83000000,299.11000000,303.91000000,275.65820000,1503291599999,83202.58501090,187,264.99021000,79978.17016460,61387.21424642
1503291600000,303.91000000,314.28000000,303.91000000,314.05000000,256.50980000,1503295199999,78938.31014390,232,221.49725000,68145.89744250,61196.73825392
1503295200000,314.05000000,329.49000000,313.28000000,321.79000000,232.70889000,1503298799999,74891.11453190,269,146.86577000,47314.95552410,59658.51009210
1503298800000,320.28000000,325.30000000,313.00000000,318.50000000,123.69424000,1503302399999,39282.84967440,227,69.41281000,22097.51670890,61675.92556078
1503302400000,317.48000000,324.30000000,312.75000000,318.72000000,21.51000000,1503305999999,6872.51239530,66,14.63005000,4687.70313380,61829.55613141
1503306000000,317.86000000,318.27000000,314.98000000,317.29000000,23.53728000,1503309599999,7442.67273070,41,6.78991000,2157.33287730,62718.70385678
1503309600000,317.29000000,325.30000000,316.77000000,321.21000000,85.34600000,1503313199999,27403.66905950,118,52.90767000,16992.72225440,62383.62513945
1503313200000,318.99000000,333.66000000,312.60000000,331.53000000,76.98358000,1503316799999,24721.99620200,135,53.22367000,17129.96660830,61598.97721378
1503316800000,331.33000000,331.33000000,325.42000000,331.30000000,94.82266000,1503320399999,31202.43780170,98,77.43645000,25519.31865590,61988.88139992
1503320400000,331.30000000,346.52000000,329.41000000,346.52000000,402.39209000,1503323999999,136621.72899180,280,375.50200000,127509.69203270,62322.29032004
1503324000000,344.38000000,345.31000000,328.68000000,334.17000000,379.94648000,1503327599999,127348.42110370,205,307.40985000,103217.47900440,63151.08263069
1503327600000,334.17000000,338.34000000,329.47000000,334.94000000,350.27902000,1503331199999,116892.85185380,218,293.35108000,97839.17463950,64981.30384834
1503331200000,334.34000000,338.34000000,333.25000000,338.33000000,276.92293000,1503334799999,92743.18273990,150,233.23187000,78079.99466610,65167.07056353
1503334800000,337.95000000,342.72000000,330.80000000,332.33000000,509.09007000,1503338399999,171786.53922030,198,409.24783000,138115.29355260,65414.32143113
1503338400000,332.12000000,333.63000000,316.82000000,316.82000000,503.65311000,1503341999999,164729.00707440,201,340.93578000,111812.92525530,65598.72702201
1503342000000,328.47000000,332.33000000,327.70000000,329.71000000,425.40661000,1503345599999,140661.56367750,248,286.51623000,94697.69371040,65821.67122599
1503345600000,332.27000000,332.74000000,320.88000000,325.28000000,289.46359000,1503349199999,95183.84829950,139,234.36030000,77141.48260680,65877.36386272
1503349200000,324.05000000,326.80000000,318.42000000,326.79000000,58.45958000,1503352799999,18696.75656110,74,7.40044000,2379.94551830,65896.01203789
1503352800000,325.79000000,325.79000000,318.45000000,318.45000000,29.83539000,1503356399999,9636.42741700,100,25.04674000,8102.37795830,66068.56586422
1503356400000,318.25000000,323.29000000,316.12000000,323.29000000,79.41995000,1503359999999,25366.59356630,90,38.95064000,12465.90065700,66203.84022245
1503360000000,321.04000000,330.41000000,318.72000000,323.04000000,406.34950000,1503363599999,132395.79749170,288,250.09985000,81328.25449790,65997.20452579
1503363600000,323.04000000,325.07000000,302.27000000,309.97000000,169.73213000,1503367199999,53076.97227610,232,27.61408000,8820.99438270,65609.33193067
1503367200000,309.96000000,315.20000000,301.40000000,312.99000000,143.49091000,1503370799999,44497.21670900,137,60.70712000,18868.65044900,65695.29031307
1503370800000,310.00000000,317.68000000,280.00000000,280.00000000,90.04270000,1503374399999,27703.97697010,65,55.89434000,17373.83484700,66252.18619501
1503374400000,144.21000000,309.03000000,144.21000000,287.00000000,149.91376000,1503377999999,42284.30868780,142,110.29683000,30456.38993140,66532.32151537
1503378000000,287.00000000,303.00000000,279.96000000,279.96000000,28.29975000,1503381599999,8045.36332880,69,7.41020000,2148.13958240,65951.97492967
1503381600000,302.99000000,310.24000000,285.69000000,305.37000000,228.01188000,1503385199999,69904.11666470,225,204.60971000,62729.83274530,65606.46173591
1503385200000,305.37000000,305.37000000,294.38000000,300.35000000,301.24710000,1503388799999,90076.33182630,340,264.21695000,79043.24010740,65486.08485167
1503388800000,300.35000000,302.26000000,296.00000000,299.82000000,516.27772000,1503392399999,153553.62551390,279,484.56535000,144107.82142880,65568.51691571
1503392400000,301.09000000,310.24000000,300.30000000,308.33000000,557.58036000,1503395999999,170878.59068390,292,461.54309000,141449.89953250,65758.72670325
1503396000000,308.33000000,313.16000000,305.40000000,310.24000000,537.67538000,1503399599999,166724.27091230,461,450.16957000,139488.48212340,65485.94266097
1503399600000,309.40000000,312.93000000,306.97000000,308.03000000,564.59159000,1503403199999,174949.21156140,450,262.59607000,81595.62330400,65949.37241246
1503403200000,311.16000000,311.24000000,304.53000000,311.23000000,671.88512000,1503406799999,207084.06740320,662,357.65975000,110361.42114060,66368.89323140
1503406800000,306.66000000,310.27000000,306.65000000,307.08000000,404.77411000,1503410399999,124865.22733230,428,160.82582000,49784.60168800,66246.83481461
1503410400000,307.08000000,309.53000000,301.48000000,305.48000000,393.09732000,1503413999999,120114.78050480,325,216.97332000,66394.15406140,66066.40410859
1503414000000,305.48000000,309.85000000,304.88000000,308.39000000,287.07405000,1503417599999,88140.51517840,197,93.76369000,28916.07613770,66010.33086831
1503417600000,305.08000000,320.24000000,305.08000000,317.74000000,455.53867000,1503421199999,142684.60587240,215,158.41154000,49770.13969140,66058.86829607
1503421200000,316.24000000,320.76000000,312.00000000,312.07000000,247.04944000,1503424799999,77767.01877630,245,126.93601000,40006.26892770,66220.19649818
1503424800000,313.99000000,315.25000000,309.60000000,310.77000000,378.04740000,1503428399999,118123.35304760,323,201.09321000,62953.63409140,66261.56009970
1503428400000,310.77000000,314.83000000,307.03000000,307.03000000,223.61559000,1503431999999,69595.14138720,288,102.00661000,31827.67096840,66214.62452762
1503432000000,307.03000000,312.00000000,305.66000000,310.19000000,251.25776000,1503435599999,77355.21740640,194,46.32980000,14363.95060110,66355.71114303
1503435600000,310.27000000,311.99000000,305.08000000,309.16000000,277.13507000,1503439199999,85595.61005030,207,42.65654000,13257.56622810,66537.80955798
1503439200000,309.16000000,313.10000000,309.16000000,310.61000000,302.25672000,1503442799999,93997.71827180,262,179.79582000,55969.75601800,66542.07515680
1503442800000,310.61000000,313.99000000,306.90000000,309.80000000,371.40685000,1503446399999,115012.76545700,251,107.60605000,33456.08584740,66821.52067468
1503446400000,312.25000000,313.99000000,309.41000000,312.45000000,202.93145000,1503449999999,63168.56198160,189,49.74172000,15578.87815370,67309.88315115
1503450000000,310.56000000,314.82000000,310.56000000,312.67000000,170.07430000,1503453599999,53138.30781950,191,49.56381000,15546.48616070,67300.54497766
1503453600000,314.80000000,316.27000000,312.66000000,314.15000000,482.22957000,1503457199999,151792.97419550,402,255.64117000,80699.15623310,66796.35606634
1503457200000,315.71000000,319.78000000,312.98000000,317.26000000,233.09815000,1503460799999,73646.77804500,197,95.74705000,30438.78132630,65960.52590029
1503460800000,315.45000000,324.99000000,315.45000000,323.00000000,432.60958000,1503464399999,138739.38575620,260,104.43779000,33641.25134170,65796.11570502
1503464400000,320.73000000,323.26000000,316.51000000,316.74000000,262.04246000,1503467999999,83545.36519110,255,133.84996000,42795.22169310,65080.79910806
1503468000000,316.74000000,323.29000000,315.35000000,322.10000000,435.21335000,1503471599999,139093.26736020,277,92.66125000,29723.74106980,67062.31866007
1503471600000,319.77000000,323.30000000,318.04000000,319.06000000,246.19782000,1503475199999,78866.77613040,322,132.22918000,42437.48826630,67597.09412547
1503475200000,319.06000000,323.19000000,318.02000000,322.07000000,390.97267000,1503478799999,125024.20224800,241,93.60917000,30078.78042450,68509.81990727
1503478800000,319.74000000,324.51000000,319.74000000,320.74000000,312.13542000,1503482399999,100532.68958160,240,60.91281000,19687.50092300,69666.27690653
1503482400000,320.74000000,324.21000000,319.73000000,319.74000000,260.26644000,1503485999999,83775.34301370,211,118.31622000,38202.34929630,71331.66043997
1503486000000,319.74000000,323.07000000,318.95000000,319.20000000,322.49950000,1503489599999,103180.28349340,374,43.79699000,14087.79074890,72548.68114494
1503489600000,319.20000000,322.00000000,313.75000000,316.96000000,598.91827000,1503493199999,190661.57663070,633,101.55602000,32505.41588700,72589.42793898
1503493200000,316.96000000,318.96000000,314.50000000,316.00000000,686.70237000,1503496799999,216839.77891740,1010,74.94101000,23759.36972050,72452.69774179
1503496800000,315.04000000,318.96000000,313.81000000,318.29000000,514.84876000,1503500399999,162710.96808320,628,110.69167000,35028.94908430,72999.04978511
1503500400000,317.06000000,319.32000000,315.53000000,319.20000000,305.91619000,1503503999999,96953.94561700,289,79.78684000,25348.58255350,73661.57420791
1503504000000,317.87000000,319.21000000,315.53000000,318.85000000,790.83539000,1503507599999,250969.24416570,1152,152.30302000,48509.28392610,74697.10346859
1503507600000,318.39000000,320.32000000,317.19000000,318.47000000,269.24306000,1503511199999,85803.99351760,294,65.11074000,20805.45999570,74928.48672366
1503511200000,318.48000000,321.29000000,318.25000000,318.30000000,253.30139000,1503514799999,80884.19204570,230,77.21657000,24770.17164020,75455.91804147
1503514800000,321.19000000,322.34000000,316.73000000,318.57000000,322.11689000,1503518399999,102914.67099290,245,138.97893000,44594.48431160,75758.06793757
1503518400000,318.57000000,320.20000000,312.05000000,313.75000000,481.54407000,1503521999999,152283.64162090,247,140.62667000,44801.09375180,76105.18301887
1503522000000,314.74000000,319.47000000,314.66000000,316.68000000,239.65437000,1503525599999,75806.57332930,229,43.14127000,13725.79050120,76044.40485161
1503525600000,318.12000000,318.62000000,313.78000000,316.74000000,203.49297000,1503529199999,64368.25903250,222,33.77358000,10740.08295660,76037.55146987
1503529200000,316.74000000,319.47000000,315.45000000,315.74000000,248.88125000,1503532799999,78764.16627170,202,33.60289000,10700.80764900,76587.70953099
1503532800000,315.74000000,318.45000000,314.40000000,317.44000000,280.73305000,1503536399999,88859.74599760,216,91.92001000,29235.13368170,77076.20462658
1503536400000,315.52000000,318.45000000,314.01000000,315.08000000,316.04429000,1503539999999,99906.24000700,244,43.07924000,13688.59791060,78427.73073430
1503540000000,315.08000000,318.44000000,314.06000000,315.05000000,190.08968000,1503543599999,60060.68593940,239,59.51920000,18882.72913030,79808.87163384
1503543600000,315.05000000,318.44000000,315.04000000,315.22000000,274.30696000,1503547199999,86614.26129420,210,35.57986000,11305.98765980,81675.53826335
1503547200000,315.22000000,319.47000000,314.31000000,316.45000000,256.61959000,1503550799999,81194.83812110,218,50.22526000,15984.96745150,83464.39073566
1503550800000,316.46000000,322.36000000,316.14000000,318.00000000,321.99605000,1503554399999,102521.75939050,277,119.71486000,38310.60636430,84639.43737368
1503554400000,319.57000000,320.53000000,316.15000000,320.53000000,296.71128000,1503557999999,94512.12700750,203,169.72651000,54234.06689240,86823.62047661
1503558000000,320.53000000,321.14000000,317.53000000,318.54000000,198.74900000,1503561599999,63418.20827110,200,82.37050000,26374.89692300,87862.58063044
1503561600000,318.54000000,321.07000000,318.54000000,320.32000000,289.02874000,1503565199999,92385.68538610,227,56.21005000,18044.21823820,90020.06926918
1503565200000,320.32000000,322.00000000,318.53000000,318.75000000,339.18864000,1503568799999,108496.86940530,367,61.27516000,19637.38732960,92434.71467467
1503568800000,320.03000000,321.30000000,316.66000000,317.02000000,630.71733000,1503572399999,200717.95680970,740,120.24323000,38393.89510840,95291.02313874
1503572400000,317.02000000,323.61000000,316.14000000,323.61000000,411.56848000,1503575999999,131391.05931950,323,69.95581000,22355.41630920,100625.53419390
1503576000000,322.51000000,328.04000000,317.90000000,322.00000000,347.54966000,1503579599999,111514.83992370,391,87.53368000,28241.14578410,103289.77609336
1503579600000,319.01000000,325.37000000,318.97000000,324.80000000,355.69270000,1503583199999,114324.90790810,369,219.58634000,70752.14315340,104038.63022991
1503583200000,323.80000000,326.79000000,320.84000000,320.84000000,316.22927000,1503586799999,102318.47291530,383,122.47371000,39685.22084900,103251.06829869
1503586800000,320.84000000,323.98000000,320.84000000,321.20000000,118.57683000,1503590399999,38200.15633800,182,43.71237000,14139.27305740,102987.43910962
1503590400000,323.67000000,323.68000000,319.00000000,322.00000000,203.90406000,1503593999999,65524.58589310,238,91.08948000,29360.65591970,102897.17937665
1503594000000,322.00000000,323.56000000,318.97000000,322.45000000,203.63927000,1503597599999,65419.94980250,246,54.39397000,17541.48867030,102452.70734824
1503597600000,322.45000000,323.79000000,320.17000000,322.76000000,242.60003000,1503601199999,78248.44063350,174,85.08721000,27500.58208900,102399.91798176
1503601200000,322.76000000,325.35000000,321.22000000,321.23000000,258.98256000,1503604799999,83671.24843510,208,74.91065000,24303.49290780,102552.06980149
1503604800000,321.23000000,324.00000000,318.97000000,320.04000000,138.61314000,1503608399999,44454.32259130,168,13.67844000,4415.72873030,102314.42123043
1503608400000,320.04000000,322.29000000,318.97000000,321.21000000,265.99646000,1503611999999,85352.63062520,246,32.39331000,10436.07400360,102151.91184091
1503612000000,321.22000000,326.33000000,319.83000000,323.72000000,308.09107000,1503615599999,99547.40998050,240,62.38037000,20261.93045490,102390.98073664
1503615600000,323.72000000,326.25000000,322.30000000,323.42000000,187.64378000,1503619199999,60760.71215840,186,54.84107000,17843.50854940,102226.34289434
1503619200000,323.42000000,327.81000000,323.42000000,325.54000000,485.63977000,1503622799999,158236.33254620,643,248.99828000,81295.76998930,102258.52143710
1503622800000,327.80000000,328.82000000,324.41000000,328.81000000,462.31574000,1503626399999,150840.96728900,494,212.83324000,69719.83474480,103188.83991050
1503626400000,328.81000000,329.93000000,324.42000000,328.19000000,258.63675000,1503629999999,84526.41620010,220,43.44338000,14243.82179280,104526.85504471
1503630000000,328.19000000,330.44000000,325.40000000,326.55000000,200.25624000,1503633599999,65512.82300890,196,22.11372000,7262.69587060,105383.24751691
1503633600000,326.55000000,331.35000000,326.55000000,331.35000000,324.10004000,1503637199999,106599.47230270,338,118.47931000,39140.54193570,106443.01819592
1503637200000,331.34000000,335.00000000,329.18000000,331.73000000,244.29766000,1503640799999,81096.98235870,196,47.78699000,15933.33612390,108126.69868864
1503640800000,331.74000000,333.31000000,328.69000000,330.17000000,225.15560000,1503644399999,74494.70592570,239,39.09805000,12980.51752540,109827.16504163
1503644400000,330.17000000,334.34000000,330.17000000,330.29000000,322.05362000,1503647999999,106996.18299870,242,45.27980000,15117.78354900,111260.78939004
1503648000000,330.29000000,334.34000000,329.86000000,334.17000000,318.27009000,1503651599999,105546.48381600,231,38.64631000,12897.60829780,113310.36540051
1503651600000,332.68000000,335.41000000,331.09000000,331.09000000,217.82876000,1503655199999,72636.75738940,270,90.44064000,30235.86336760,117826.14513353
1503655200000,330.11000000,333.42000000,327.69000000,329.78000000,333.09478000,1503658799999,109722.47872660,214,80.35655000,26355.55424310,122532.92797111
1503658800000,331.69000000,331.69000000,327.40000000,331.26000000,330.23241000,1503662399999,108678.82358540,231,198.29231000,65263.77563250,127398.32390508
1503662400000,329.68000000,335.33000000,328.72000000,330.70000000,1348.31341000,1503665999999,448156.95827310,1905,1051.58946000,349700.79478470,114450.93355927
1503666000000,333.32000000,334.74000000,330.68000000,332.00000000,184.12642000,1503669599999,61166.89312610,200,58.50360000,19491.72571920,112839.78371208
1503669600000,332.89000000,333.68000000,330.67000000,331.95000000,286.77891000,1503673199999,95224.83428620,248,37.47303000,12478.88843600,110371.30548811
1503673200000,332.57000000,335.33000000,330.68000000,333.15000000,141.95926000,1503676799999,47282.19436710,181,28.22893000,9415.70119340,109011.54704024
1503676800000,335.29000000,338.28000000,333.15000000,334.77000000,199.13677000,1503680399999,66732.94460290,171,16.09501000,5403.09344560,108453.51356943
1503680400000,336.35000000,337.00000000,331.88000000,332.01000000,138.08871000,1503683999999,46121.97768800,175,48.77397000,16347.75579930,107918.55234347
1503684000000,333.20000000,336.49000000,331.88000000,333.27000000,146.06360000,1503687599999,48711.31865500,203,11.65160000,3909.51118800,107614.29062540
1503687600000,333.27000000,335.10000000,325.42000000,328.71000000,267.97046000,1503691199999,88648.77710570,154,49.62524000,16432.24391900,107227.51490340
1503691200000,329.91000000,330.99000000,324.90000000,330.98000000,196.49748000,1503694799999,64378.69987670,225,28.13077000,9266.76970200,107284.65595857
1503694800000,327.80000000,332.26000000,326.77000000,330.18000000,201.47090000,1503698399999,66396.26947830,175,8.25683000,2736.53346600,107287.79345872
1503698400000,330.18000000,332.27000000,326.99000000,328.60000000,100.21031000,1503701999999,32968.98306740,144,31.02438000,10260.20647150,106690.91989231
1503702000000,329.81000000,330.99000000,326.25000000,327.24000000,193.47193000,1503705599999,63483.76162010,157,40.70421000,13424.35632120,106332.85796088
1503705600000,327.24000000,332.27000000,327.24000000,328.26000000,153.95314000,1503709199999,50660.41568020,170,24.50300000,8112.39448080,105034.36743716
1503709200000,332.26000000,332.26000000,325.02000000,325.39000000,122.81320000,1503712799999,40190.94297620,124,22.68539000,7489.83528080,104028.89505301
1503712800000,324.41000000,328.02000000,323.41000000,324.72000000,174.12675000,1503716399999,56726.38213120,193,44.93764000,14702.72989200,102709.99282624
1503716400000,324.72000000,328.02000000,323.46000000,323.46000000,118.68492000,1503719999999,38614.91899360,182,21.27628000,6952.80390420,101352.40242320
1503720000000,323.46000000,326.74000000,323.41000000,324.72000000,196.89672000,1503723599999,63938.48960270,186,20.01253000,6538.33180550,100810.35417291
1503723600000,323.56000000,326.86000000,323.55000000,326.23000000,285.19418000,1503727199999,92726.39341380,160,34.94123000,11413.91777350,100128.55649339
1503727200000,325.23000000,329.69000000,324.06000000,326.19000000,199.73728000,1503730799999,65120.93074050,196,46.46882000,15255.08039330,98994.59235455
1503730800000,326.19000000,328.91000000,325.17000000,327.90000000,388.87032000,1503734399999,127119.18987370,210,31.86646000,10451.28319570,98395.38549665
1503734400000,328.45000000,330.73000000,327.58000000,328.82000000,186.86310000,1503737999999,61452.40601930,166,22.38492000,7393.25402390,99086.35855088
1503738000000,330.63000000,330.89000000,326.69000000,327.69000000,167.41761000,1503741599999,55031.73058070,166,45.59521000,15080.84996870,98687.48200073
1503741600000,327.69000000,330.89000000,327.69000000,327.89000000,257.33601000,1503745199999,84690.45360040,185,81.77932000,27034.20413640,97641.52997634
1503745200000,330.87000000,331.25000000,326.69000000,327.89000000,244.92428000,1503748799999,80450.94349650,187,47.95584000,15832.44493900,97107.20210375
1503748800000,328.25000000,330.11000000,325.10000000,330.11000000,231.13593000,1503752399999,75625.55667280,248,39.69062000,13049.06474490,95770.82858537
1503752400000,326.14000000,332.26000000,324.06000000,330.98000000,309.07769000,1503755999999,101209.43378630,162,112.18352000,36923.75308840,95276.50131803
1503756000000,330.98000000,335.44000000,329.83000000,332.34000000,190.94030000,1503759599999,63528.31515340,149,23.22179000,7766.72854810,94083.91060578
1503759600000,332.34000000,334.16000000,327.00000000,327.00000000,209.43090000,1503763199999,68948.02981180,200,56.84826000,18841.57801800,93788.79869889
1503763200000,327.01000000,330.38000000,326.70000000,330.38000000,156.03136000,1503766799999,51099.56858900,184,6.64433000,2182.69954310,93175.34949290
1503766800000,330.38000000,332.11000000,326.79000000,331.04000000,196.30353000,1503770399999,64722.60887100,220,73.73497000,24420.94037170,93046.21352143
1503770400000,327.38000000,332.10000000,327.03000000,328.08000000,226.97145000,1503773999999,74725.37133300,194,17.62745000,5840.08923360,93065.85135949
1503774000000,329.78000000,334.17000000,328.88000000,331.19000000,223.69461000,1503777599999,74086.71230670,348,57.98685000,19319.63867410,92803.60351282
1503777600000,332.68000000,334.17000000,330.18000000,331.12000000,213.56767000,1503781199999,70873.18486470,167,26.30526000,8790.18576260,93091.19713665
1503781200000,331.12000000,334.16000000,330.49000000,334.16000000,10.76919000,1503784799999,3566.77504400,35,0.58969000,197.04768940,92631.82639531
1503784800000,330.51000000,332.93000000,329.33000000,330.60000000,247.83683000,1503788399999,82085.23136290,190,43.32810000,14413.04888150,92549.99090617
1503788400000,332.43000000,334.17000000,330.60000000,330.79000000,165.10824000,1503791999999,54800.39241220,178,39.42907000,13130.35875110,92462.65806951
1503792000000,332.18000000,336.55000000,330.79000000,334.37000000,345.34454000,1503795599999,115264.40861880,228,45.58029000,15254.20832780,93693.17844033
1503795600000,334.37000000,336.55000000,331.98000000,334.47000000,175.00161000,1503799199999,58523.19505970,256,40.05494000,13407.70937490,93377.72112975
1503799200000,334.47000000,338.28000000,333.12000000,333.12000000,264.11435000,1503802799999,88245.64842850,283,136.89627000,45723.84714470,93389.09771334
1503802800000,333.96000000,335.99000000,330.79000000,331.62000000,272.16184000,1503806399999,90774.67942230,296,98.55678000,33046.00126470,92401.77679788
1503806400000,334.50000000,338.29000000,331.49000000,334.84000000,225.92548000,1503809999999,75538.25086820,305,101.65887000,34117.18326400,91825.18366824
1503810000000,337.52000000,337.52000000,331.86000000,335.00000000,209.66722000,1503813599999,70217.91960380,216,35.24850000,11844.03029550,91313.97942737
1503813600000,332.75000000,336.36000000,332.74000000,333.77000000,94.16174000,1503817199999,31469.94111780,149,28.32963000,9513.34670960,91130.38470336
1503817200000,335.00000000,336.49000000,332.77000000,332.77000000,159.41236000,1503820799999,53232.06438430,155,35.83220000,12029.89491200,90916.41549533
1503820800000,332.77000000,334.70000000,331.61000000,334.48000000,191.57696000,1503824399999,63814.66125580,227,7.82648000,2619.22356560,90958.21143973
1503824400000,332.00000000,336.25000000,330.73000000,336.25000000,171.54931000,1503827999999,57164.99046740,270,29.92326000,10025.47840630,91075.20402684
1503828000000,334.88000000,337.53000000,332.28000000,337.53000000,208.23048000,1503831599999,69710.47365380,322,89.88902000,30201.46350180,90812.74905649
1503831600000,337.53000000,338.42000000,333.68000000,333.94000000,285.89314000,1503835199999,95978.28952140,256,142.60846000,48037.67830320,91087.27762995
1503835200000,333.93000000,336.90000000,331.88000000,333.57000000,104.46136000,1503838799999,34812.21690000,148,15.81300000,5304.91581000,90354.32429542
1503838800000,333.57000000,336.99000000,333.52000000,335.60000000,190.68012000,1503842399999,63788.99737480,243,62.27671000,20900.41640530,89944.01904584
1503842400000,333.61000000,336.99000000,332.21000000,332.21000000,176.45375000,1503845999999,58963.09178020,143,28.68003000,9633.24391770,89620.98641711
1503846000000,333.96000000,336.49000000,332.21000000,334.67000000,193.94708000,1503849599999,64815.15569000,188,18.80223000,6310.94524570,89586.55409476
1503849600000,335.04000000,336.49000000,332.97000000,334.83000000,219.16864000,1503853199999,73276.76793500,203,20.98778000,7054.15855820,89341.49641941
1503853200000,336.50000000,339.14000000,334.67000000,337.56000000,277.35622000,1503856799999,93424.71325940,177,92.88719000,31361.75222830,89419.40246955
1503856800000,339.89000000,340.29000000,336.02000000,340.26000000,115.46914000,1503860399999,39074.39061190,134,31.62850000,10746.87525370,89008.17580959
1503860400000,340.24000000,341.47000000,337.12000000,339.64000000,183.13777000,1503863999999,62082.21623080,196,20.21127000,6866.49114670,88995.68557126
1503864000000,341.47000000,341.47000000,337.12000000,340.36000000,212.10891000,1503867599999,72030.29749230,179,32.92163000,11221.47343160,88840.43467935
1503867600000,340.36000000,341.47000000,337.13000000,338.66000000,136.62020000,1503871199999,46353.81520610,146,34.05360000,11579.34989090,88809.20686855
1503871200000,338.66000000,341.43000000,338.46000000,338.81000000,168.79731000,1503874799999,57267.84145310,203,6.91785000,2360.96969040,88739.25195914
1503874800000,338.81000000,348.13000000,338.81000000,348.13000000,54.19762000,1503878399999,18653.33182490,50,8.61580000,2969.45855000,88406.05374074
1503878400000,348.11000000,351.00000000,345.83000000,345.87000000,240.20694000,1503881999999,83679.71524200,297,121.63148000,42444.62455070,88229.63969525
1503882000000,346.60000000,348.00000000,343.57000000,347.87000000,103.71249000,1503885599999,35856.73743040,148,34.10172000,11824.60045510,87940.08612368
1503885600000,344.18000000,350.85000000,343.76000000,350.84000000,98.01125000,1503889199999,34082.01424560,132,51.08177000,17797.31209380,87392.08257512
1503889200000,350.84000000,350.84000000,343.44000000,343.44000000,298.70360000,1503892799999,103169.95275090,221,96.13994000,33232.72092160,87315.36904559
1503892800000,343.43000000,343.69000000,331.95000000,338.54000000,582.93715000,1503896399999,196819.50868510,472,100.87070000,34080.81729440,86767.87349050
1503896400000,338.54000000,340.41000000,333.79000000,336.01000000,166.14597000,1503899999999,55951.15732880,288,15.97915000,5376.96336560,86621.70431833
1503900000000,337.19000000,340.18000000,336.01000000,338.26000000,224.47022000,1503903599999,75969.54769980,205,39.06101000,13250.17895790,86403.69775707
1503903600000,338.26000000,341.33000000,336.65000000,338.77000000,166.39564000,1503907199999,56400.74356620,177,10.47598000,3568.16951860,86153.53324804
1503907200000,340.89000000,341.92000000,338.31000000,339.50000000,169.69262000,1503910799999,57733.25987310,160,41.83165000,14285.07618660,86034.24602228
1503910800000,338.34000000,340.51000000,336.54000000,340.48000000,120.15133000,1503914399999,40621.71377470,146,28.94319000,9824.34583650,85489.84289317
1503914400000,340.48000000,340.70000000,337.13000000,339.81000000,124.56626000,1503917999999,42210.67871620,140,22.63521000,7702.37307320,85256.62094349
1503918000000,339.81000000,342.86000000,338.77000000,341.90000000,221.63740000,1503921599999,75378.60565970,200,41.57632000,14188.79691980,84718.14573538
1503921600000,339.62000000,344.86000000,339.34000000,341.76000000,100.75910000,1503925199999,34361.44863690,160,25.55261000,8749.25333730,84742.27043455
1503925200000,347.33000000,347.41000000,341.64000000,341.96000000,183.23626000,1503928799999,62994.35656480,180,42.90633000,14800.69257500,84715.15272113
1503928800000,342.19000000,345.18000000,341.65000000,342.95000000,100.89855000,1503932399999,34612.58426610,161,19.17203000,6595.90721880,84364.43813101
1503932400000,342.95000000,345.89000000,341.83000000,341.83000000,202.40127000,1503935999999,69587.33067900,228,66.79053000,23025.93334330,84135.25044387
1503936000000,341.83000000,345.88000000,340.66000000,343.20000000,203.24719000,1503939599999,69692.04463090,196,71.03859000,24439.27742790,83769.19134541
1503939600000,343.20000000,344.78000000,340.49000000,340.49000000,160.23094000,1503943199999,54942.04376000,220,52.29800000,17976.90963460,83330.01543475
1503943200000,341.84000000,345.69000000,341.77000000,345.00000000,176.28286000,1503946799999,60457.79150750,163,22.87190000,7866.97229540,83229.40644299
1503946800000,344.82000000,347.42000000,343.37000000,344.30000000,219.30128000,1503950399999,75652.70987140,164,80.66110000,27887.02663330,83184.76453799
1503950400000,342.54000000,346.20000000,342.20000000,342.29000000,95.24482000,1503953999999,32753.44232230,131,33.84669000,11681.29281040,83022.85852916
1503954000000,342.40000000,347.42000000,342.16000000,346.51000000,182.37778000,1503957599999,62721.15484030,205,41.26068000,14239.57596860,82952.83319962
1503957600000,346.42000000,348.50000000,345.31000000,348.49000000,103.74800000,1503961199999,36034.18561130,79,46.46937000,16174.49480390,82931.85379588
1503961200000,348.20000000,348.20000000,345.28000000,346.00000000,34.82278000,1503964799999,12075.44144110,53,7.06684000,2460.67368800,82902.92984582
1503964800000,347.00000000,349.55000000,346.00000000,348.98000000,46.56295000,1503968399999,16193.14297200,88,32.80566000,11429.81587900,82687.75541066
1503968400000,349.83000000,351.94000000,347.06000000,349.98000000,60.23594000,1503971999999,21084.40481020,65,40.30622000,14130.37395580,82293.94769353
1503972000000,348.90000000,350.99000000,347.38000000,348.00000000,32.45710000,1503975599999,11345.12970780,75,9.72795000,3410.86907050,82432.64224582
1503975600000,349.34000000,353.23000000,348.22000000,350.03000000,137.58977000,1503979199999,48296.73865150,199,55.94408000,19691.04503640,82398.02718938
1503979200000,351.19000000,351.73000000,350.02000000,351.68000000,11.12142000,1503982799999,3901.34674270,28,6.80203000,2388.82036040,82430.55761948
1503982800000,351.73000000,355.00000000,351.60000000,355.00000000,27.21856000,1503986399999,9643.17759610,50,27.13423000,9613.45717420,82268.82059283
1503986400000,355.00000000,355.79000000,350.72000000,354.93000000,77.59397000,1503989999999,27524.38180550,118,36.15548000,12857.40922390,82367.33722990
1503990000000,355.79000000,360.79000000,352.32000000,354.18000000,265.69325000,1503993599999,94992.23819080,264,123.65964000,44402.53330310,82528.06963965
1503993600000,354.17000000,357.49000000,354.01000000,355.22000000,44.19242000,1503997199999,15709.41119650,96,14.96828000,5331.32660340,82960.68169646
1503997200000,356.20000000,362.99000000,356.20000000,362.99000000,87.63842000,1504000799999,31485.59247770,102,28.88413000,10422.57137420,82372.23027627
1504000800000,362.00000000,367.13000000,360.13000000,362.20000000,193.08164000,1504004399999,70183.64677560,197,56.71590000,20672.75788260,81943.81571296
1504004400000,365.29000000,365.29000000,356.74000000,356.75000000,138.52780000,1504007999999,49966.02876460,193,24.31380000,8795.84630220,81140.02177999
1504008000000,358.10000000,364.71000000,358.10000000,358.42000000,119.02615000,1504011599999,43003.68333020,170,44.04724000,15967.92454910,85985.08133363
1504011600000,362.00000000,365.46000000,360.00000000,364.35000000,116.52032000,1504015199999,42374.73683200,145,60.80495000,22108.08252810,85775.30433052
1504015200000,364.36000000,365.43000000,361.31000000,362.17000000,351.56358000,1504018799999,127660.94263390,161,31.08710000,11306.17608670,85580.00410323
1504018800000,362.17000000,367.40000000,362.04000000,364.57000000,150.84565000,1504022399999,54977.82174760,195,59.94112000,21912.38735660,85287.49762864
1504022400000,365.74000000,369.41000000,362.79000000,368.16000000,176.91074000,1504025999999,64716.56273600,146,20.78546000,7625.45609760,85074.09508145
1504026000000,368.16000000,373.66000000,366.94000000,370.43000000,212.34052000,1504029599999,78571.93537590,189,55.26415000,20463.43381200,85261.67164517
1504029600000,372.60000000,373.52000000,367.54000000,368.90000000,122.68070000,1504033199999,45329.84740140,123,21.26942000,7885.25761160,85675.37549991
1504033200000,368.90000000,373.42000000,365.65000000,367.44000000,182.91059000,1504036799999,67424.90643740,171,49.86466000,18520.07730080,85546.81623495
1504036800000,367.44000000,374.13000000,367.36000000,370.77000000,265.69481000,1504040399999,98546.91285410,201,69.67699000,25924.51451780,85445.44503427
1504040400000,370.79000000,376.76000000,370.77000000,376.76000000,161.95325000,1504043999999,60445.52307290,195,34.65701000,12988.87637390,85576.48058584
1504044000000,376.76000000,377.60000000,373.52000000,374.51000000,41.60678000,1504047599999,15627.21854330,87,17.36634000,6547.59292940,85210.86460452
1504047600000,377.49000000,377.49000000,374.70000000,374.70000000,8.16792000,1504051199999,3064.28992520,7,0.98600000,372.20514000,85024.54473430
1504051200000,374.70000000,374.70000000,367.37000000,371.60000000,147.66099000,1504054799999,54596.96344650,191,75.91689000,28063.09036670,85181.29790802
1504054800000,371.60000000,377.80000000,371.00000000,375.68000000,41.01480000,1504058399999,15374.09548650,79,18.33166000,6868.93971620,85016.36814889
1504058400000,373.39000000,377.11000000,371.78000000,374.90000000,95.20549000,1504061999999,35614.16047580,202,23.33718000,8744.76679340,84657.73375454
1504062000000,375.01000000,377.27000000,371.80000000,373.00000000,60.41718000,1504065599999,22598.11106450,105,12.88021000,4856.14686670,86345.49070036
1504065600000,373.00000000,380.81000000,372.92000000,380.81000000,64.55169000,1504069199999,24235.48658440,95,28.01797000,10574.54215570,85635.12642162
1504069200000,376.60000000,381.13000000,376.41000000,381.13000000,37.58972000,1504072799999,14246.57438230,62,5.07200000,1933.09136000,85256.34786600
1504072800000,380.81000000,393.71000000,380.81000000,385.50000000,168.84850000,1504076399999,65440.72892370,117,85.18178000,33185.16659000,84968.32555473
1504076400000,387.99000000,392.00000000,378.14000000,378.14000000,181.44888000,1504079999999,69975.89974380,190,36.78819000,14294.89009370,85132.51689795
1504080000000,378.16000000,384.33000000,374.30000000,377.23000000,51.27905000,1504083599999,19446.45412340,57,21.04585000,7982.72872000,85753.53649067
1504083600000,375.70000000,375.70000000,365.65000000,365.65000000,164.91588000,1504087199999,61221.61824220,134,21.23010000,7917.45136050,85511.42590435
1504087200000,367.15000000,377.56000000,362.05000000,371.62000000,941.85909000,1504090799999,347154.25837370,872,240.48089000,89103.76658390,85752.83085072
1504090800000,371.62000000,379.00000000,371.62000000,375.90000000,191.86744000,1504094399999,72079.45304080,254,37.85945000,14295.49836860,85592.53844884
1504094400000,373.01000000,385.33000000,370.49000000,382.01000000,324.20412000,1504097999999,122604.79694490,375,57.82805000,21988.81144880,85361.09000247
1504098000000,382.01000000,382.30000000,377.80000000,380.43000000,257.22121000,1504101599999,97811.13910480,277,84.26566000,32094.39952230,85450.95637823
1504101600000,379.78000000,380.70000000,374.22000000,376.20000000,216.93008000,1504105199999,81808.30420180,200,70.11565000,26495.33682810,85472.70044521
1504105200000,376.20000000,380.89000000,376.10000000,379.38000000,229.15619000,1504108799999,86582.27510720,301,39.80880000,15058.85209280,85171.99709476
1504108800000,379.38000000,383.64000000,378.72000000,383.18000000,182.77938000,1504112399999,69701.71359900,180,56.56083000,21621.18358110,85180.88639984
1504112400000,383.18000000,386.96000000,382.03000000,384.95000000,225.18590000,1504115999999,86591.96798340,229,37.83160000,14562.66444780,85175.25453348
1504116000000,383.76000000,389.80000000,382.05000000,384.66000000,143.03348000,1504119599999,55264.06028240,145,68.39634000,26490.85336390,85099.08389814
1504119600000,384.66000000,387.41000000,383.38000000,383.38000000,127.10316000,1504123199999,48995.07438440,115,46.27663000,17872.93593280,84881.32198617
1504123200000,385.34000000,387.29000000,382.02000000,385.00000000,170.24828000,1504126799999,65320.04280870,217,37.51612000,14417.14883930,84880.47868221
1504126800000,385.99000000,386.11000000,380.74000000,382.00000000,131.15843000,1504130399999,50346.92213020,122,69.10961000,26540.85759500,84814.85430474
1504130400000,385.03000000,386.00000000,381.99000000,385.00000000,139.67697000,1504133999999,53652.76225050,114,55.57062000,21367.73244740,84777.96767465
1504134000000,384.52000000,386.25000000,381.99000000,385.93000000,153.24017000,1504137599999,58863.34982660,179,55.95591000,21506.88968300,84593.83335425
1504137600000,384.64000000,384.64000000,380.69000000,381.98000000,145.44771000,1504141199999,55632.29769720,139,23.48349000,9006.41419360,84242.79448258
1504141200000,381.98000000,384.35000000,379.42000000,380.56000000,164.80650000,1504144799999,62915.26752630,155,50.43035000,19261.95110460,83794.80638076
1504144800000,380.58000000,382.60000000,377.78000000,382.52000000,190.17860000,1504148399999,72334.80237940,269,110.76286000,42143.62869290,83804.37531758
1504148400000,382.60000000,383.80000000,381.03000000,383.51000000,175.96699000,1504151999999,67429.88269380,253,82.52536000,31643.33115950,83778.40625733
1504152000000,383.66000000,385.94000000,382.47000000,385.50000000,228.77137000,1504155599999,87863.74253440,226,81.99440000,31536.18855070,83819.77726342
1504155600000,384.04000000,385.91000000,381.40000000,382.16000000,98.69375000,1504159199999,37783.48219560,112,38.64233000,14812.72862020,83764.23946828
1504159200000,383.27000000,383.41000000,379.21000000,379.99000000,90.77746000,1504162799999,34610.86420430,88,23.57156000,8993.32328520,84362.52069902
1504162800000,380.45000000,383.14000000,379.99000000,383.14000000,64.43431000,1504166399999,24564.05906350,36,24.91503000,9525.06467500,84585.19073120
1504166400000,381.89000000,383.41000000,379.00000000,381.87000000,126.58938000,1504169999999,48245.74559620,156,37.75028000,14409.63372740,85011.48371123
1504170000000,381.96000000,383.39000000,378.85000000,379.20000000,251.80406000,1504173599999,95934.39324540,219,71.74675000,27397.05268370,85338.89305433
1504173600000,379.59000000,385.88000000,379.20000000,383.41000000,237.51757000,1504177199999,90560.49961690,202,81.96786000,31270.40249090,85965.87830478
1504177200000,384.59000000,387.42000000,382.01000000,387.42000000,172.45309000,1504180799999,66334.05935160,135,80.33986000,30970.25522730,86608.93490276
1504180800000,385.82000000,387.41000000,383.48000000,387.41000000,257.54500000,1504184399999,99391.72022690,339,111.02405000,42873.57458960,84043.11131834
1504184400000,387.00000000,389.13000000,385.95000000,386.49000000,125.82301000,1504187999999,48754.37750250,149,38.78315000,15034.60832820,82884.90876477
1504188000000,387.25000000,389.36000000,386.48000000,386.92000000,308.88520000,1504191599999,119730.90829870,355,111.65458000,43329.47236140,82534.34174059
1504191600000,387.14000000,388.23000000,383.48000000,383.76000000,213.03073000,1504195199999,82201.63250810,157,59.42560000,22946.73507730,82653.31539628
1504195200000,384.38000000,387.39000000,383.47000000,386.69000000,216.74342000,1504198799999,83512.41155020,213,46.50821000,17966.40022360,82741.80864405
1504198800000,384.86000000,386.81000000,383.13000000,385.67000000,185.44997000,1504202399999,71390.59411430,194,44.16376000,17017.97033210,82906.17185520
1504202400000,384.51000000,386.80000000,383.13000000,384.06000000,256.36961000,1504205999999,98661.73845730,269,46.36388000,17865.76111570,82818.25470161
1504206000000,385.47000000,386.50000000,383.19000000,384.45000000,220.32072000,1504209599999,84813.07793000,181,49.11574000,18928.67894750,82604.55812604
1504209600000,385.10000000,388.25000000,383.19000000,384.42000000,182.31510000,1504213199999,70339.11639890,175,69.56224000,26877.43063080,82446.69875627
1504213200000,384.42000000,388.06000000,384.42000000,384.42000000,152.50791000,1504216799999,58884.09635940,142,46.55177000,17993.14259400,82513.81419039
1504216800000,386.21000000,388.25000000,384.42000000,384.59000000,181.94619000,1504220399999,70298.32324040,186,57.83727000,22369.76310880,82433.63428078
1504220400000,385.95000000,387.79000000,384.33000000,384.79000000,187.49090000,1504223999999,72254.30157530,224,43.07343000,16635.09916400,82026.24194321
