TIMESTAMP,MISA_OPEN_PRICE_USD,MISA_HIGH_PRICE_USD,MISA_LOW_PRICE_USD,MISA_CLOSE_PRICE_USD,MISA_VOLUME_USD,MISA_DIVIDENDS_USD,MISA_STOCK_SPLITS_USD
2022-05-01 00:00:00+00:00,0.00026000000070780516,0.00041199999395757914,0.0002229999954579398,0.0002579999854788184,981791,0.0,0.0
2022-05-02 00:00:00+00:00,0.0002579999854788184,0.00028899998869746923,0.00025400001322850585,0.00028199999360367656,1136182,0.0,0.0
2022-05-03 00:00:00+00:00,0.00028199999360367656,0.00041099998634308577,0.0002690000110305846,0.00031599999056197703,1149497,0.0,0.0
2022-05-04 00:00:00+00:00,0.00031599999056197703,0.0004020000051241368,0.0002770000137388706,0.00039500001003034413,1009024,0.0,0.0
2022-05-05 00:00:00+00:00,0.00039500001003034413,0.00041000000783242285,0.00039400000241585076,0.00039999998989515007,1240147,0.0,0.0
2022-05-06 00:00:00+00:00,0.00039999998989515007,0.00042799999937415123,0.0003929999948013574,0.0004220000118948519,1305144,0.0,0.0
2022-05-07 00:00:00+00:00,0.0004220000118948519,0.00042299999040551484,0.00039599998854100704,0.00039999998989515007,1304503,0.0,0.0
2022-05-08 00:00:00+00:00,0.00039999998989515007,0.0004140000091865659,0.000387999985832721,0.00038899999344721437,1259518,0.0,0.0
2022-05-09 00:00:00+00:00,0.00038899999344721437,0.0004090000002179295,0.00038899999344721437,0.0004079999926034361,1327658,0.0,0.0
2022-05-10 00:00:00+00:00,0.0004079999926034361,0.0004090000002179295,0.00039400000241585076,0.0003980000037699938,1605096,0.0,0.0
2022-05-11 00:00:00+00:00,0.0003980000037699938,0.0005310000269673765,0.00037399999564513564,0.0003980000037699938,1162907,0.0,0.0
2022-05-12 00:00:00+00:00,0.0003980000037699938,0.0004490000137593597,0.00037299998803064227,0.0004459999909158796,1838718,0.0,0.0
2022-05-13 00:00:00+00:00,0.0004459999909158796,0.0005450000171549618,0.0004440000047907233,0.0005200000014156103,2085724,0.0,0.0
2022-05-14 00:00:00+00:00,0.0005200000014156103,0.0007600000244565308,0.0004900000058114529,0.0005249999812804163,1772156,0.0,0.0
2022-05-15 00:00:00+00:00,0.0005249999812804163,0.0006590000120922923,0.0004900000058114529,0.0006319999811239541,1722086,0.0,0.0
2022-05-16 00:00:00+00:00,0.0006319999811239541,0.0007089999853633344,0.0005619999719783664,0.0005929999751970172,2226725,0.0,0.0
2022-05-17 00:00:00+00:00,0.0005929999751970172,0.0006050000083632767,0.0005499999970197678,0.0005660000024363399,1690093,0.0,0.0
2022-05-18 00:00:00+00:00,0.0005660000024363399,0.000691999972332269,0.0005520000122487545,0.0006880000000819564,1536974,0.0,0.0
2022-05-19 00:00:00+00:00,0.0006880000000819564,0.0006890000076964498,0.000615999975707382,0.0006259999936446548,1684610,0.0,0.0
2022-05-20 00:00:00+00:00,0.0006259999936446548,0.0006380000268109143,0.0005670000100508332,0.000582000007852912,1728764,0.0,0.0
2022-05-21 00:00:00+00:00,0.000582000007852912,0.0006259999936446548,0.000506000011228025,0.0005569999921135604,1664001,0.0,0.0
2022-05-22 00:00:00+00:00,0.0005569999921135604,0.00060299999313429,0.00040499999886378646,0.0005699999746866524,1500412,0.0,0.0
2022-05-23 00:00:00+00:00,0.0005699999746866524,0.0006649999995715916,0.000539999979082495,0.0006339999963529408,2026037,0.0,0.0
2022-05-24 00:00:00+00:00,0.0006339999963529408,0.0009510000236332417,0.0005920000257901847,0.0008789999992586672,1905792,0.0,0.0
2022-05-25 00:00:00+00:00,0.0008789999992586672,0.0008970000199042261,0.0007110000005923212,0.0008859999943524599,1601545,0.0,0.0
2022-05-26 00:00:00+00:00,0.0008859999943524599,0.00092299998505041,0.0007919999770820141,0.0008159999852068722,1604420,0.0,0.0
2022-05-27 00:00:00+00:00,0.0008159999852068722,0.0010369999799877405,0.000754999986384064,0.0010130000300705433,1613531,0.0,0.0
2022-05-28 00:00:00+00:00,0.0008689999813213944,0.0010130000300705433,0.0008319999906234443,0.0010010000551119447,1290740,0.0,0.0
2022-05-29 00:00:00+00:00,0.0010010000551119447,0.0010019999463111162,0.0008069999748840928,0.0009510000236332417,1722296,0.0,0.0
2022-05-30 00:00:00+00:00,0.0009510000236332417,0.0009899999713525176,0.0009169999975711107,0.0009369999752379954,1836807,0.0,0.0
2022-05-31 00:00:00+00:00,0.0009369999752379954,0.0009539999882690609,0.0009040000149980187,0.0009159999899566174,2320218,0.0,0.0
2022-06-01 00:00:00+00:00,0.0009159999899566174,0.0009960000170394778,0.000881000014487654,0.0009420000133104622,1859412,0.0,0.0
2022-06-02 00:00:00+00:00,0.0009420000133104622,0.0009720000089146197,0.0009009999921545386,0.0009159999899566174,1967399,0.0,0.0
2022-06-03 00:00:00+00:00,0.0009159999899566174,0.0009420000133104622,0.000826000003144145,0.0008820000221021473,1474533,0.0,0.0
2022-06-04 00:00:00+00:00,0.0008820000221021473,0.0009089999948628247,0.0008650000090710819,0.0009079999872483313,1511130,0.0,0.0
2022-06-05 00:00:00+00:00,0.0009079999872483313,0.0031870000530034304,0.0008549999911338091,0.0019749999046325684,1751611,0.0,0.0
2022-06-06 00:00:00+00:00,0.0019749999046325684,0.0023690001107752323,0.0014359999913722277,0.0016659999964758754,2013915,0.0,0.0
2022-06-07 00:00:00+00:00,0.0016659999964758754,0.002230999991297722,0.0014860000228509307,0.00203999993391335,1927347,0.0,0.0
2022-06-08 00:00:00+00:00,0.00203999993391335,0.0024190000258386135,0.0019499999471008778,0.0023849999997764826,2298304,0.0,0.0
2022-06-09 00:00:00+00:00,0.0023849999997764826,0.0023960000835359097,0.0020729999523609877,0.0023010000586509705,1581552,0.0,0.0
2022-06-10 00:00:00+00:00,0.0023010000586509705,0.004999999888241291,0.0022750000935047865,0.0038950000889599323,1679129,0.0,0.0
2022-06-11 00:00:00+00:00,0.0038950000889599323,0.005001999903470278,0.0038950000889599323,0.0047079999931156635,1264640,0.0,0.0
2022-06-12 00:00:00+00:00,0.0047079999931156635,0.0048420000821352005,0.004021000117063522,0.004401999991387129,1552601,0.0,0.0
2022-06-13 00:00:00+00:00,0.004401999991387129,0.004660999868065119,0.0037980000488460064,0.004592000041157007,1418954,0.0,0.0
2022-06-14 00:00:00+00:00,0.004592000041157007,0.004813999868929386,0.004135000053793192,0.004714000038802624,1931707,0.0,0.0
2022-06-15 00:00:00+00:00,0.004714000038802624,0.005386999808251858,0.004137999843806028,0.004461999982595444,1827711,0.0,0.0
2022-06-16 00:00:00+00:00,0.004461999982595444,0.004631999880075455,0.004275000188499689,0.004404000006616116,1448853,0.0,0.0
2022-06-17 00:00:00+00:00,0.004404000006616116,0.004648999776691198,0.0040699997916817665,0.0043680001981556416,2217404,0.0,0.0
2022-06-18 00:00:00+00:00,0.0043680001981556416,0.004490999970585108,0.003384999930858612,0.004040000028908253,1428475,0.0,0.0
2022-06-19 00:00:00+00:00,0.004040000028908253,0.00407399982213974,0.0038139999378472567,0.0040259999223053455,1721036,0.0,0.0
2022-06-20 00:00:00+00:00,0.0040259999223053455,0.0044559999369084835,0.00394099997356534,0.004025000147521496,1343711,0.0,0.0
2022-06-21 00:00:00+00:00,0.004025000147521496,0.00405400013551116,0.00392899988219142,0.004052000120282173,1552404,0.0,0.0
2022-06-22 00:00:00+00:00,0.004052000120282173,0.004052999895066023,0.0038930000737309456,0.004000999964773655,1711875,0.0,0.0
2022-06-23 00:00:00+00:00,0.004000999964773655,0.004482000134885311,0.003955000080168247,0.004033000208437443,1520489,0.0,0.0
2022-06-24 00:00:00+00:00,0.004033000208437443,0.005007999949157238,0.0040259999223053455,0.004685999825596809,2422951,0.0,0.0
2022-06-25 00:00:00+00:00,0.004685999825596809,0.004701999947428703,0.004033000208437443,0.004327999893575907,1359863,0.0,0.0
2022-06-26 00:00:00+00:00,0.004327999893575907,0.004327999893575907,0.003920000046491623,0.00405499991029501,1391789,0.0,0.0
2022-06-27 00:00:00+00:00,0.00405499991029501,0.0041149999015033245,0.003949000034481287,0.004019000101834536,1138280,0.0,0.0
2022-06-28 00:00:00+00:00,0.004019000101834536,0.004224000032991171,0.00394000019878149,0.0039809998124837875,1145794,0.0,0.0
2022-06-29 00:00:00+00:00,0.0039809998124837875,0.004025000147521496,0.003650000086054206,0.00368599989451468,1156973,0.0,0.0
2022-06-30 00:00:00+00:00,0.00368599989451468,0.0036929999478161335,0.0029800001066178083,0.003186000045388937,938824,0.0,0.0
2022-07-01 00:00:00+00:00,0.003186000045388937,0.003206999972462654,0.0027600000612437725,0.0028119999915361404,1039053,0.0,0.0
2022-07-02 00:00:00+00:00,0.0028119999915361404,0.0029140000697225332,0.0015940000303089619,0.0019509999547153711,972469,0.0,0.0
2022-07-03 00:00:00+00:00,0.0019509999547153711,0.0022169998846948147,0.0018179999897256494,0.0018619999755173922,975408,0.0,0.0
2022-07-04 00:00:00+00:00,0.0018619999755173922,0.002128999913111329,0.001576000009663403,0.0018949999939650297,1016614,0.0,0.0
2022-07-05 00:00:00+00:00,0.0018949999939650297,0.002506999997422099,0.0018149999668821692,0.001970000099390745,928939,0.0,0.0
2022-07-06 00:00:00+00:00,0.001970000099390745,0.002019000006839633,0.0018220000201836228,0.0019310000352561474,989236,0.0,0.0
2022-07-07 00:00:00+00:00,0.0019310000352561474,0.0019320000428706408,0.001626000041142106,0.0017229999648407102,780121,0.0,0.0
2022-07-08 00:00:00+00:00,0.0017229999648407102,0.0017259999876841903,0.0013930000131949782,0.001639000023715198,823546,0.0,0.0
2022-07-09 00:00:00+00:00,0.001639000023715198,0.001673000049777329,0.0014149999478831887,0.001534000039100647,883796,0.0,0.0
2022-07-10 00:00:00+00:00,0.001534000039100647,0.0015379999531432986,0.0012629999546334147,0.001344999996945262,676049,0.0,0.0
2022-07-11 00:00:00+00:00,0.001344999996945262,0.0013800000306218863,0.0007489999989047647,0.0007689999765716493,830427,0.0,0.0
2022-07-12 00:00:00+00:00,0.0007689999765716493,0.001180000021122396,0.0007689999765716493,0.0011390000581741333,811908,0.0,0.0
2022-07-13 00:00:00+00:00,0.0011390000581741333,0.0011390000581741333,0.00092299998505041,0.000999000039882958,1011393,0.0,0.0
2022-07-14 00:00:00+00:00,0.000999000039882958,0.0010819999733939767,0.0009180000051856041,0.0009919999865815043,926823,0.0,0.0
2022-07-15 00:00:00+00:00,0.0009919999865815043,0.0011030000168830156,0.0009640000062063336,0.00108299998100847,882593,0.0,0.0
2022-07-16 00:00:00+00:00,0.00108299998100847,0.0011020000092685223,0.0009679999784566462,0.000990999978967011,769156,0.0,0.0
2022-07-17 00:00:00+00:00,0.000990999978967011,0.0010470000561326742,0.0009899999713525176,0.0010089999996125698,680675,0.0,0.0
2022-07-18 00:00:00+00:00,0.0010089999996125698,0.0010100000072270632,0.0007869999972172081,0.0007910000276751816,732503,0.0,0.0
2022-07-19 00:00:00+00:00,0.0007910000276751816,0.0008079999824985862,0.0006050000083632767,0.000610999995842576,588053,0.0,0.0
2022-07-20 00:00:00+00:00,0.000610999995842576,0.0009059999720193446,0.0005370000144466758,0.0006960000027902424,779285,0.0,0.0
2022-07-21 00:00:00+00:00,0.0006960000027902424,0.0008099999977275729,0.0006360000115819275,0.0007220000261440873,669631,0.0,0.0
2022-07-22 00:00:00+00:00,0.0007220000261440873,0.0007789999945089221,0.0006709999870508909,0.000691999972332269,582241,0.0,0.0
2022-07-23 00:00:00+00:00,0.000691999972332269,0.0007309999782592058,0.0006009999779053032,0.0007200000109151006,572832,0.0,0.0
2022-07-24 00:00:00+00:00,0.0007200000109151006,0.0007450000266544521,0.0006120000034570694,0.0006140000186860561,547470,0.0,0.0
2022-07-25 00:00:00+00:00,0.0006140000186860561,0.0006510000093840063,0.0004970000009052455,0.0005530000198632479,552025,0.0,0.0
2022-07-26 00:00:00+00:00,0.0005530000198632479,0.0007650000043213367,0.00047599998652003706,0.0007619999814778566,559067,0.0,0.0
2022-07-27 00:00:00+00:00,0.0007619999814778566,0.0007650000043213367,0.000610999995842576,0.0006130000110715628,553204,0.0,0.0
2022-07-28 00:00:00+00:00,0.0006130000110715628,0.0006970000104047358,0.000610999995842576,0.0006750000175088644,613360,0.0,0.0
2022-07-29 00:00:00+00:00,0.0006750000175088644,0.0006880000000819564,0.0006099999882280827,0.0006130000110715628,649217,0.0,0.0
2022-07-30 00:00:00+00:00,0.0006130000110715628,0.000653000024612993,0.0006079999729990959,0.0006430000066757202,632353,0.0,0.0
2022-07-31 00:00:00+00:00,0.0006430000066757202,0.0006520000169984996,0.0005050000036135316,0.0005089999758638442,643009,0.0,0.0
2022-08-01 00:00:00+00:00,0.0005089999758638442,0.000653000024612993,0.0004920000210404396,0.000653000024612993,481507,0.0,0.0
2022-08-02 00:00:00+00:00,0.000653000024612993,0.0006559999892488122,0.0005300000193528831,0.0005409999866969883,529911,0.0,0.0
2022-08-03 00:00:00+00:00,0.0005409999866969883,0.0005559999844990671,0.00046400001156143844,0.0005080000264570117,635976,0.0,0.0
2022-08-04 00:00:00+00:00,0.0005080000264570117,0.0005130000063218176,0.00038899999344721437,0.0004149999876972288,473107,0.0,0.0
2022-08-05 00:00:00+00:00,0.0004149999876972288,0.0004299999854993075,0.00035700001171790063,0.0003980000037699938,569066,0.0,0.0
2022-08-06 00:00:00+00:00,0.0003980000037699938,0.0004020000051241368,0.00036700000055134296,0.00038400001358240843,683412,0.0,0.0
2022-08-07 00:00:00+00:00,0.00038400001358240843,0.00038400001358240843,0.000307999987853691,0.000311999989207834,619523,0.0,0.0
2022-08-08 00:00:00+00:00,0.000311999989207834,0.000311999989207834,0.00023799999326001853,0.0002390000008745119,406501,0.0,0.0
2022-08-09 00:00:00+00:00,0.0002390000008745119,0.00025099999038502574,0.0001320000010309741,0.00014200000441633165,437640,0.0,0.0
2022-08-10 00:00:00+00:00,0.00014200000441633165,0.0001449999981559813,0.00012099999730708078,0.00013800000306218863,327856,0.0,0.0
2022-08-11 00:00:00+00:00,0.00013800000306218863,0.00013800000306218863,0.00013000000035390258,0.00013800000306218863,226159,0.0,0.0
2022-08-12 00:00:00+00:00,0.00013800000306218863,0.00014099999680183828,0.00013099999341648072,0.00013099999341648072,321957,0.0,0.0
2022-08-13 00:00:00+00:00,0.00013099999341648072,0.00013099999341648072,0.0001049999991664663,0.00011800000356743112,264026,0.0,0.0
2022-08-14 00:00:00+00:00,0.00011800000356743112,0.00014600000577047467,0.00010299999848939478,0.00012099999730708078,267118,0.0,0.0
2022-08-15 00:00:00+00:00,0.00012099999730708078,0.00014699999883305281,0.00010699999984353781,0.0001140000022132881,296235,0.0,0.0
2022-08-16 00:00:00+00:00,0.0001140000022132881,0.00011500000255182385,8.900000102585182e-05,8.900000102585182e-05,287086,0.0,0.0
2022-08-17 00:00:00+00:00,8.900000102585182e-05,9.40000027185306e-05,8.199999865610152e-05,8.399999933317304e-05,305891,0.0,0.0
2022-08-18 00:00:00+00:00,8.399999933317304e-05,0.00021699999342672527,6.800000119255856e-05,9.000000136438757e-05,324466,0.0,0.0
2022-08-19 00:00:00+00:00,9.000000136438757e-05,0.00011999999696854502,6.600000051548705e-05,7.400000322377309e-05,277442,0.0,0.0
2022-08-20 00:00:00+00:00,7.400000322377309e-05,8.499999967170879e-05,7.000000186963007e-05,7.000000186963007e-05,282690,0.0,0.0
2022-08-21 00:00:00+00:00,7.000000186963007e-05,7.300000288523734e-05,6.399999983841553e-05,7.000000186963007e-05,254325,0.0,0.0
2022-08-22 00:00:00+00:00,7.000000186963007e-05,7.400000322377309e-05,6.0999998822808266e-05,6.399999983841553e-05,280948,0.0,0.0
2022-08-23 00:00:00+00:00,6.399999983841553e-05,9.7999996796716e-05,6.199999916134402e-05,7.300000288523734e-05,399664,0.0,0.0
2022-08-24 00:00:00+00:00,7.300000288523734e-05,7.400000322377309e-05,6.900000153109431e-05,7.100000220816582e-05,275980,0.0,0.0
2022-08-25 00:00:00+00:00,7.100000220816582e-05,7.200000254670158e-05,4.199999966658652e-05,4.199999966658652e-05,248325,0.0,0.0
2022-08-26 00:00:00+00:00,4.199999966658652e-05,4.600000102072954e-05,2.5999999706982635e-05,3.600000127335079e-05,197246,0.0,0.0
2022-08-27 00:00:00+00:00,3.600000127335079e-05,6.70000008540228e-05,2.300000051036477e-05,2.5999999706982635e-05,381387,0.0,0.0
2022-08-28 00:00:00+00:00,2.5999999706982635e-05,2.9000000722589903e-05,1.8999999156221747e-05,1.9999999494757503e-05,223287,0.0,0.0
2022-08-29 00:00:00+00:00,1.9999999494757503e-05,2.2000000171829015e-05,1.700000029813964e-05,1.700000029813964e-05,180708,0.0,0.0
2022-08-30 00:00:00+00:00,1.700000029813964e-05,2.099999983329326e-05,7.999999979801942e-06,9.000000318337698e-06,218398,0.0,0.0
2022-08-31 00:00:00+00:00,9.000000318337698e-06,1.1000000085914508e-05,7.000000096013537e-06,7.999999979801942e-06,159437,0.0,0.0
2022-09-01 00:00:00+00:00,7.999999979801942e-06,7.999999979801942e-06,3.999999989900971e-06,3.999999989900971e-06,74172,0.0,0.0
2022-09-02 00:00:00+00:00,3.999999989900971e-06,4.999999873689376e-06,3.999999989900971e-06,4.999999873689376e-06,75302,0.0,0.0
2022-09-03 00:00:00+00:00,4.999999873689376e-06,1.2999999853491317e-05,3.999999989900971e-06,7.000000096013537e-06,157764,0.0,0.0
2022-09-04 00:00:00+00:00,7.000000096013537e-06,7.999999979801942e-06,7.000000096013537e-06,7.000000096013537e-06,91428,0.0,0.0
2022-09-05 00:00:00+00:00,7.000000096013537e-06,1.4999999621068127e-05,6.000000212225132e-06,7.999999979801942e-06,135659,0.0,0.0
2022-09-06 00:00:00+00:00,7.999999979801942e-06,7.999999979801942e-06,7.000000096013537e-06,7.000000096013537e-06,86395,0.0,0.0
2022-09-07 00:00:00+00:00,7.000000096013537e-06,7.999999979801942e-06,7.000000096013537e-06,7.000000096013537e-06,97408,0.0,0.0
2022-09-08 00:00:00+00:00,7.000000096013537e-06,9.000000318337698e-06,7.000000096013537e-06,7.000000096013537e-06,84185,0.0,0.0
2022-09-09 00:00:00+00:00,7.000000096013537e-06,7.999999979801942e-06,7.000000096013537e-06,7.000000096013537e-06,69671,0.0,0.0
2022-09-10 00:00:00+00:00,7.000000096013537e-06,7.999999979801942e-06,7.000000096013537e-06,7.000000096013537e-06,85792,0.0,0.0
2022-09-11 00:00:00+00:00,7.000000096013537e-06,7.999999979801942e-06,7.000000096013537e-06,7.999999979801942e-06,74877,0.0,0.0
2022-09-12 00:00:00+00:00,7.999999979801942e-06,7.999999979801942e-06,7.999999979801942e-06,7.999999979801942e-06,71912,0.0,0.0
2022-09-13 00:00:00+00:00,7.999999979801942e-06,7.999999979801942e-06,7.999999979801942e-06,7.999999979801942e-06,79536,0.0,0.0
2022-09-14 00:00:00+00:00,7.999999979801942e-06,7.999999979801942e-06,7.999999979801942e-06,7.999999979801942e-06,77462,0.0,0.0
2022-09-15 00:00:00+00:00,7.999999979801942e-06,7.999999979801942e-06,7.999999979801942e-06,7.999999979801942e-06,81814,0.0,0.0
2022-09-16 00:00:00+00:00,7.999999979801942e-06,7.999999979801942e-06,7.999999979801942e-06,7.999999979801942e-06,85837,0.0,0.0
2022-09-17 00:00:00+00:00,7.999999979801942e-06,7.999999979801942e-06,7.000000096013537e-06,7.999999979801942e-06,88415,0.0,0.0
2022-09-18 00:00:00+00:00,7.999999979801942e-06,7.999999979801942e-06,7.000000096013537e-06,7.000000096013537e-06,77766,0.0,0.0
2022-09-19 00:00:00+00:00,7.000000096013537e-06,7.999999979801942e-06,6.000000212225132e-06,7.000000096013537e-06,81416,0.0,0.0
2022-09-20 00:00:00+00:00,7.000000096013537e-06,7.000000096013537e-06,6.000000212225132e-06,7.000000096013537e-06,78328,0.0,0.0
2022-09-21 00:00:00+00:00,7.000000096013537e-06,7.999999979801942e-06,6.000000212225132e-06,7.000000096013537e-06,87840,0.0,0.0
2022-09-22 00:00:00+00:00,7.000000096013537e-06,7.000000096013537e-06,6.000000212225132e-06,6.000000212225132e-06,52351,0.0,0.0
2022-09-23 00:00:00+00:00,6.000000212225132e-06,7.000000096013537e-06,4.999999873689376e-06,6.000000212225132e-06,44937,0.0,0.0
2022-09-24 00:00:00+00:00,6.000000212225132e-06,6.000000212225132e-06,6.000000212225132e-06,6.000000212225132e-06,45856,0.0,0.0
2022-09-25 00:00:00+00:00,6.000000212225132e-06,6.000000212225132e-06,4.999999873689376e-06,6.000000212225132e-06,46918,0.0,0.0
2022-09-26 00:00:00+00:00,6.000000212225132e-06,6.000000212225132e-06,4.999999873689376e-06,4.999999873689376e-06,57343,0.0,0.0
2022-09-27 00:00:00+00:00,4.999999873689376e-06,6.000000212225132e-06,4.999999873689376e-06,6.000000212225132e-06,52900,0.0,0.0
2022-09-28 00:00:00+00:00,6.000000212225132e-06,6.000000212225132e-06,4.999999873689376e-06,6.000000212225132e-06,43522,0.0,0.0
2022-09-29 00:00:00+00:00,6.000000212225132e-06,6.000000212225132e-06,4.999999873689376e-06,6.000000212225132e-06,42260,0.0,0.0
2022-09-30 00:00:00+00:00,6.000000212225132e-06,6.000000212225132e-06,4.999999873689376e-06,6.000000212225132e-06,46984,0.0,0.0
2022-10-01 00:00:00+00:00,6.000000212225132e-06,6.000000212225132e-06,4.999999873689376e-06,4.999999873689376e-06,31956,0.0,0.0
2022-10-02 00:00:00+00:00,4.999999873689376e-06,4.999999873689376e-06,4.999999873689376e-06,4.999999873689376e-06,40171,0.0,0.0
2022-10-03 00:00:00+00:00,4.999999873689376e-06,4.999999873689376e-06,3.999999989900971e-06,4.999999873689376e-06,53799,0.0,0.0
2022-10-04 00:00:00+00:00,4.999999873689376e-06,4.999999873689376e-06,4.999999873689376e-06,4.999999873689376e-06,35149,0.0,0.0
2022-10-05 00:00:00+00:00,4.999999873689376e-06,4.999999873689376e-06,4.999999873689376e-06,4.999999873689376e-06,35533,0.0,0.0
2022-10-06 00:00:00+00:00,4.999999873689376e-06,4.999999873689376e-06,4.999999873689376e-06,4.999999873689376e-06,33666,0.0,0.0
2022-10-07 00:00:00+00:00,4.999999873689376e-06,4.999999873689376e-06,4.999999873689376e-06,4.999999873689376e-06,39314,0.0,0.0
2022-10-08 00:00:00+00:00,4.999999873689376e-06,4.999999873689376e-06,3.999999989900971e-06,4.999999873689376e-06,36431,0.0,0.0
2022-10-09 00:00:00+00:00,4.999999873689376e-06,4.999999873689376e-06,4.999999873689376e-06,4.999999873689376e-06,34025,0.0,0.0
2022-10-10 00:00:00+00:00,4.999999873689376e-06,4.999999873689376e-06,4.999999873689376e-06,4.999999873689376e-06,37364,0.0,0.0
2022-10-11 00:00:00+00:00,4.999999873689376e-06,4.999999873689376e-06,4.999999873689376e-06,4.999999873689376e-06,40670,0.0,0.0
2022-10-12 00:00:00+00:00,4.999999873689376e-06,4.999999873689376e-06,4.999999873689376e-06,4.999999873689376e-06,35410,0.0,0.0
2022-10-13 00:00:00+00:00,4.999999873689376e-06,4.999999873689376e-06,3.999999989900971e-06,4.999999873689376e-06,42371,0.0,0.0
2022-10-14 00:00:00+00:00,4.999999873689376e-06,4.999999873689376e-06,3.999999989900971e-06,4.999999873689376e-06,34811,0.0,0.0
2022-10-15 00:00:00+00:00,4.999999873689376e-06,4.999999873689376e-06,3.999999989900971e-06,4.999999873689376e-06,42596,0.0,0.0
2022-10-16 00:00:00+00:00,4.999999873689376e-06,4.999999873689376e-06,4.999999873689376e-06,4.999999873689376e-06,25980,0.0,0.0
2022-10-17 00:00:00+00:00,4.999999873689376e-06,4.999999873689376e-06,3.999999989900971e-06,4.999999873689376e-06,30499,0.0,0.0
2022-10-18 00:00:00+00:00,4.999999873689376e-06,4.999999873689376e-06,4.999999873689376e-06,4.999999873689376e-06,38532,0.0,0.0
2022-10-19 00:00:00+00:00,4.999999873689376e-06,4.999999873689376e-06,3.999999989900971e-06,4.999999873689376e-06,36430,0.0,0.0
2022-10-20 00:00:00+00:00,4.999999873689376e-06,4.999999873689376e-06,3.999999989900971e-06,4.999999873689376e-06,39715,0.0,0.0
2022-10-21 00:00:00+00:00,4.999999873689376e-06,4.999999873689376e-06,3.999999989900971e-06,4.999999873689376e-06,36537,0.0,0.0
2022-10-22 00:00:00+00:00,4.999999873689376e-06,4.999999873689376e-06,4.999999873689376e-06,4.999999873689376e-06,35099,0.0,0.0
2022-10-23 00:00:00+00:00,4.999999873689376e-06,4.999999873689376e-06,3.999999989900971e-06,4.999999873689376e-06,35233,0.0,0.0
2022-10-24 00:00:00+00:00,4.999999873689376e-06,4.999999873689376e-06,4.999999873689376e-06,4.999999873689376e-06,31091,0.0,0.0
2022-10-25 00:00:00+00:00,4.999999873689376e-06,4.999999873689376e-06,4.999999873689376e-06,4.999999873689376e-06,34394,0.0,0.0
2022-10-26 00:00:00+00:00,4.999999873689376e-06,4.999999873689376e-06,4.999999873689376e-06,4.999999873689376e-06,36831,0.0,0.0
2022-10-27 00:00:00+00:00,4.999999873689376e-06,6.000000212225132e-06,4.999999873689376e-06,6.000000212225132e-06,38370,0.0,0.0
2022-10-28 00:00:00+00:00,6.000000212225132e-06,7.000000096013537e-06,4.999999873689376e-06,7.000000096013537e-06,34749,0.0,0.0
2022-10-29 00:00:00+00:00,7.000000096013537e-06,7.000000096013537e-06,6.000000212225132e-06,7.000000096013537e-06,31798,0.0,0.0
2022-10-30 00:00:00+00:00,7.000000096013537e-06,7.000000096013537e-06,7.000000096013537e-06,7.000000096013537e-06,34723,0.0,0.0
2022-10-31 00:00:00+00:00,7.000000096013537e-06,7.000000096013537e-06,4.999999873689376e-06,6.000000212225132e-06,35000,0.0,0.0
2022-11-01 00:00:00+00:00,6.000000212225132e-06,6.000000212225132e-06,6.000000212225132e-06,6.000000212225132e-06,30977,0.0,0.0
2022-11-02 00:00:00+00:00,6.000000212225132e-06,6.000000212225132e-06,6.000000212225132e-06,6.000000212225132e-06,35812,0.0,0.0
2022-11-03 00:00:00+00:00,6.000000212225132e-06,7.000000096013537e-06,6.000000212225132e-06,6.000000212225132e-06,31379,0.0,0.0
2022-11-04 00:00:00+00:00,6.000000212225132e-06,6.000000212225132e-06,6.000000212225132e-06,6.000000212225132e-06,41280,0.0,0.0
2022-11-05 00:00:00+00:00,6.000000212225132e-06,6.000000212225132e-06,6.000000212225132e-06,6.000000212225132e-06,27575,0.0,0.0
2022-11-06 00:00:00+00:00,6.000000212225132e-06,6.000000212225132e-06,6.000000212225132e-06,6.000000212225132e-06,34201,0.0,0.0
2022-11-07 00:00:00+00:00,6.000000212225132e-06,6.000000212225132e-06,6.000000212225132e-06,6.000000212225132e-06,32932,0.0,0.0
2022-11-08 00:00:00+00:00,6.000000212225132e-06,6.000000212225132e-06,4.999999873689376e-06,4.999999873689376e-06,31568,0.0,0.0
2022-11-09 00:00:00+00:00,4.999999873689376e-06,6.000000212225132e-06,4.999999873689376e-06,4.999999873689376e-06,32257,0.0,0.0
2022-11-10 00:00:00+00:00,4.999999873689376e-06,4.999999873689376e-06,4.999999873689376e-06,4.999999873689376e-06,23814,0.0,0.0
2022-11-11 00:00:00+00:00,4.999999873689376e-06,4.999999873689376e-06,4.999999873689376e-06,4.999999873689376e-06,19194,0.0,0.0
2022-11-12 00:00:00+00:00,4.999999873689376e-06,4.999999873689376e-06,4.999999873689376e-06,4.999999873689376e-06,21328,0.0,0.0
2022-11-13 00:00:00+00:00,4.999999873689376e-06,4.999999873689376e-06,4.999999873689376e-06,4.999999873689376e-06,29412,0.0,0.0
2022-11-14 00:00:00+00:00,4.999999873689376e-06,4.999999873689376e-06,4.999999873689376e-06,4.999999873689376e-06,17832,0.0,0.0
2022-11-15 00:00:00+00:00,4.999999873689376e-06,4.999999873689376e-06,4.999999873689376e-06,4.999999873689376e-06,14042,0.0,0.0
2022-11-16 00:00:00+00:00,4.999999873689376e-06,4.999999873689376e-06,4.999999873689376e-06,4.999999873689376e-06,11529,0.0,0.0
2022-11-17 00:00:00+00:00,4.999999873689376e-06,4.999999873689376e-06,4.999999873689376e-06,4.999999873689376e-06,11173,0.0,0.0
2022-11-18 00:00:00+00:00,4.999999873689376e-06,4.999999873689376e-06,4.999999873689376e-06,4.999999873689376e-06,9648,0.0,0.0
2022-11-19 00:00:00+00:00,4.999999873689376e-06,4.999999873689376e-06,4.999999873689376e-06,4.999999873689376e-06,18073,0.0,0.0
2022-11-20 00:00:00+00:00,4.999999873689376e-06,4.999999873689376e-06,4.999999873689376e-06,4.999999873689376e-06,27888,0.0,0.0
2022-11-21 00:00:00+00:00,4.999999873689376e-06,4.999999873689376e-06,4.999999873689376e-06,4.999999873689376e-06,19473,0.0,0.0
2022-11-22 00:00:00+00:00,4.999999873689376e-06,4.999999873689376e-06,4.999999873689376e-06,4.999999873689376e-06,20615,0.0,0.0
2022-11-23 00:00:00+00:00,4.999999873689376e-06,4.999999873689376e-06,4.999999873689376e-06,4.999999873689376e-06,23994,0.0,0.0
2022-11-24 00:00:00+00:00,4.999999873689376e-06,4.999999873689376e-06,4.999999873689376e-06,4.999999873689376e-06,26944,0.0,0.0
2022-11-25 00:00:00+00:00,4.999999873689376e-06,4.999999873689376e-06,4.999999873689376e-06,4.999999873689376e-06,27620,0.0,0.0
2022-11-26 00:00:00+00:00,4.999999873689376e-06,4.999999873689376e-06,4.999999873689376e-06,4.999999873689376e-06,29022,0.0,0.0
2022-11-27 00:00:00+00:00,4.999999873689376e-06,4.999999873689376e-06,4.999999873689376e-06,4.999999873689376e-06,29026,0.0,0.0
2022-11-28 00:00:00+00:00,4.999999873689376e-06,4.999999873689376e-06,4.999999873689376e-06,4.999999873689376e-06,33629,0.0,0.0
2022-11-29 00:00:00+00:00,4.999999873689376e-06,4.999999873689376e-06,4.999999873689376e-06,4.999999873689376e-06,43831,0.0,0.0
2022-11-30 00:00:00+00:00,4.999999873689376e-06,4.999999873689376e-06,4.999999873689376e-06,4.999999873689376e-06,36348,0.0,0.0
2022-12-01 00:00:00+00:00,4.999999873689376e-06,4.999999873689376e-06,4.999999873689376e-06,4.999999873689376e-06,46043,0.0,0.0
2022-12-02 00:00:00+00:00,4.999999873689376e-06,4.999999873689376e-06,4.999999873689376e-06,4.999999873689376e-06,48052,0.0,0.0
2022-12-03 00:00:00+00:00,4.999999873689376e-06,4.999999873689376e-06,4.999999873689376e-06,4.999999873689376e-06,46976,0.0,0.0
2022-12-04 00:00:00+00:00,4.999999873689376e-06,4.999999873689376e-06,4.999999873689376e-06,4.999999873689376e-06,50155,0.0,0.0
2022-12-05 00:00:00+00:00,4.999999873689376e-06,4.999999873689376e-06,4.999999873689376e-06,4.999999873689376e-06,45149,0.0,0.0
2022-12-06 00:00:00+00:00,4.999999873689376e-06,4.999999873689376e-06,4.999999873689376e-06,4.999999873689376e-06,45544,0.0,0.0
2022-12-07 00:00:00+00:00,4.999999873689376e-06,6.000000212225132e-06,4.999999873689376e-06,6.000000212225132e-06,46100,0.0,0.0
2022-12-08 00:00:00+00:00,6.000000212225132e-06,6.000000212225132e-06,4.999999873689376e-06,4.999999873689376e-06,51658,0.0,0.0
2022-12-09 00:00:00+00:00,4.999999873689376e-06,6.000000212225132e-06,4.999999873689376e-06,4.999999873689376e-06,44256,0.0,0.0
2022-12-10 00:00:00+00:00,4.999999873689376e-06,4.999999873689376e-06,3.999999989900971e-06,4.999999873689376e-06,38228,0.0,0.0
2022-12-11 00:00:00+00:00,4.999999873689376e-06,4.999999873689376e-06,4.999999873689376e-06,4.999999873689376e-06,43999,0.0,0.0
2022-12-12 00:00:00+00:00,4.999999873689376e-06,4.999999873689376e-06,4.999999873689376e-06,4.999999873689376e-06,46785,0.0,0.0
2022-12-13 00:00:00+00:00,4.999999873689376e-06,4.999999873689376e-06,4.999999873689376e-06,4.999999873689376e-06,43843,0.0,0.0
2022-12-14 00:00:00+00:00,4.999999873689376e-06,6.000000212225132e-06,4.999999873689376e-06,4.999999873689376e-06,48313,0.0,0.0
2022-12-15 00:00:00+00:00,4.999999873689376e-06,6.000000212225132e-06,4.999999873689376e-06,4.999999873689376e-06,45008,0.0,0.0
2022-12-16 00:00:00+00:00,4.999999873689376e-06,4.999999873689376e-06,4.999999873689376e-06,4.999999873689376e-06,42946,0.0,0.0
2022-12-17 00:00:00+00:00,4.999999873689376e-06,4.999999873689376e-06,4.999999873689376e-06,4.999999873689376e-06,30346,0.0,0.0
2022-12-18 00:00:00+00:00,4.999999873689376e-06,4.999999873689376e-06,4.999999873689376e-06,4.999999873689376e-06,55464,0.0,0.0
2022-12-19 00:00:00+00:00,4.999999873689376e-06,4.999999873689376e-06,4.999999873689376e-06,4.999999873689376e-06,43549,0.0,0.0
2022-12-20 00:00:00+00:00,4.999999873689376e-06,4.999999873689376e-06,4.999999873689376e-06,4.999999873689376e-06,52707,0.0,0.0
2022-12-21 00:00:00+00:00,4.999999873689376e-06,4.999999873689376e-06,4.999999873689376e-06,4.999999873689376e-06,49867,0.0,0.0
2022-12-22 00:00:00+00:00,4.999999873689376e-06,4.999999873689376e-06,4.999999873689376e-06,4.999999873689376e-06,36879,0.0,0.0
2022-12-23 00:00:00+00:00,4.999999873689376e-06,4.999999873689376e-06,4.999999873689376e-06,4.999999873689376e-06,35622,0.0,0.0
2022-12-24 00:00:00+00:00,4.999999873689376e-06,4.999999873689376e-06,4.999999873689376e-06,4.999999873689376e-06,39464,0.0,0.0
2022-12-25 00:00:00+00:00,4.999999873689376e-06,4.999999873689376e-06,4.999999873689376e-06,4.999999873689376e-06,52764,0.0,0.0
2022-12-26 00:00:00+00:00,4.999999873689376e-06,4.999999873689376e-06,4.999999873689376e-06,4.999999873689376e-06,43724,0.0,0.0
2022-12-27 00:00:00+00:00,4.999999873689376e-06,4.999999873689376e-06,3.999999989900971e-06,3.999999989900971e-06,53158,0.0,0.0
2022-12-28 00:00:00+00:00,3.999999989900971e-06,4.999999873689376e-06,3.999999989900971e-06,4.999999873689376e-06,46383,0.0,0.0
2022-12-29 00:00:00+00:00,4.999999873689376e-06,4.999999873689376e-06,3.999999989900971e-06,3.999999989900971e-06,47947,0.0,0.0
2022-12-30 00:00:00+00:00,3.999999989900971e-06,4.999999873689376e-06,3.999999989900971e-06,3.999999989900971e-06,49660,0.0,0.0
2022-12-31 00:00:00+00:00,3.999999989900971e-06,4.999999873689376e-06,3.999999989900971e-06,4.999999873689376e-06,49243,0.0,0.0
2023-01-01 00:00:00+00:00,4.999999873689376e-06,4.999999873689376e-06,4.999999873689376e-06,4.999999873689376e-06,51044,0.0,0.0
2023-01-02 00:00:00+00:00,4.999999873689376e-06,6.000000212225132e-06,4.999999873689376e-06,6.000000212225132e-06,50731,0.0,0.0
2023-01-03 00:00:00+00:00,6.000000212225132e-06,6.000000212225132e-06,4.999999873689376e-06,4.999999873689376e-06,54957,0.0,0.0
2023-01-04 00:00:00+00:00,4.999999873689376e-06,6.000000212225132e-06,3.999999989900971e-06,3.999999989900971e-06,60997,0.0,0.0
2023-01-05 00:00:00+00:00,3.999999989900971e-06,3.999999989900971e-06,3.000000106112566e-06,3.999999989900971e-06,48894,0.0,0.0
2023-01-06 00:00:00+00:00,3.999999989900971e-06,6.000000212225132e-06,3.999999989900971e-06,4.999999873689376e-06,57132,0.0,0.0
2023-01-07 00:00:00+00:00,4.999999873689376e-06,4.999999873689376e-06,3.999999989900971e-06,4.999999873689376e-06,74431,0.0,0.0
2023-01-08 00:00:00+00:00,4.999999873689376e-06,6.000000212225132e-06,4.999999873689376e-06,4.999999873689376e-06,58474,0.0,0.0
2023-01-09 00:00:00+00:00,4.999999873689376e-06,4.999999873689376e-06,3.999999989900971e-06,3.999999989900971e-06,74914,0.0,0.0
2023-01-10 00:00:00+00:00,3.999999989900971e-06,3.999999989900971e-06,1.9999999949504854e-06,1.9999999949504854e-06,64816,0.0,0.0
2023-01-11 00:00:00+00:00,1.9999999949504854e-06,3.000000106112566e-06,9.999999974752427e-07,9.999999974752427e-07,85141,0.0,0.0
2023-01-12 00:00:00+00:00,9.999999974752427e-07,1.9999999949504854e-06,9.999999974752427e-07,9.999999974752427e-07,73147,0.0,0.0
2023-01-13 00:00:00+00:00,9.999999974752427e-07,9.999999974752427e-07,9.999999974752427e-07,9.999999974752427e-07,44934,0.0,0.0
2023-01-14 00:00:00+00:00,9.999999974752427e-07,1.9999999949504854e-06,9.999999974752427e-07,9.999999974752427e-07,69333,0.0,0.0
2023-01-15 00:00:00+00:00,9.999999974752427e-07,9.999999974752427e-07,9.999999974752427e-07,9.999999974752427e-07,49777,0.0,0.0
2023-01-16 00:00:00+00:00,9.999999974752427e-07,9.999999974752427e-07,9.999999974752427e-07,9.999999974752427e-07,54805,0.0,0.0
2023-01-17 00:00:00+00:00,9.999999974752427e-07,9.999999974752427e-07,9.999999974752427e-07,9.999999974752427e-07,40586,0.0,0.0
2023-01-18 00:00:00+00:00,9.999999974752427e-07,1.9999999949504854e-06,9.999999974752427e-07,9.999999974752427e-07,58363,0.0,0.0
2023-01-19 00:00:00+00:00,9.999999974752427e-07,9.999999974752427e-07,9.999999974752427e-07,9.999999974752427e-07,46764,0.0,0.0
2023-01-20 00:00:00+00:00,9.999999974752427e-07,9.999999974752427e-07,9.999999974752427e-07,9.999999974752427e-07,53070,0.0,0.0
2023-01-21 00:00:00+00:00,9.999999974752427e-07,9.999999974752427e-07,9.999999974752427e-07,9.999999974752427e-07,50198,0.0,0.0
2023-01-22 00:00:00+00:00,9.999999974752427e-07,9.999999974752427e-07,9.999999974752427e-07,9.999999974752427e-07,57765,0.0,0.0
2023-01-23 00:00:00+00:00,9.999999974752427e-07,9.999999974752427e-07,9.999999974752427e-07,9.999999974752427e-07,72017,0.0,0.0
2023-01-24 00:00:00+00:00,9.999999974752427e-07,9.999999974752427e-07,9.999999974752427e-07,9.999999974752427e-07,50169,0.0,0.0
2023-01-25 00:00:00+00:00,9.999999974752427e-07,9.999999974752427e-07,9.999999974752427e-07,9.999999974752427e-07,48258,0.0,0.0
2023-01-26 00:00:00+00:00,9.999999974752427e-07,9.999999974752427e-07,0.0,9.999999974752427e-07,57563,0.0,0.0
2023-01-27 00:00:00+00:00,9.999999974752427e-07,9.999999974752427e-07,9.999999974752427e-07,9.999999974752427e-07,62542,0.0,0.0
2023-01-28 00:00:00+00:00,9.999999974752427e-07,9.999999974752427e-07,9.999999974752427e-07,9.999999974752427e-07,54710,0.0,0.0
2023-01-29 00:00:00+00:00,9.999999974752427e-07,9.999999974752427e-07,9.999999974752427e-07,9.999999974752427e-07,46539,0.0,0.0
2023-01-30 00:00:00+00:00,9.999999974752427e-07,9.999999974752427e-07,9.999999974752427e-07,9.999999974752427e-07,36157,0.0,0.0
2023-01-31 00:00:00+00:00,9.999999974752427e-07,9.999999974752427e-07,0.0,9.999999974752427e-07,43370,0.0,0.0
2023-02-01 00:00:00+00:00,9.999999974752427e-07,9.999999974752427e-07,0.0,9.999999974752427e-07,38299,0.0,0.0
2023-02-02 00:00:00+00:00,,,,0.0,22823,0.0,0.0
2023-02-03 00:00:00+00:00,0.0,9.999999974752427e-07,0.0,9.999999974752427e-07,17857,0.0,0.0
2023-02-04 00:00:00+00:00,9.999999974752427e-07,9.999999974752427e-07,0.0,9.999999974752427e-07,24436,0.0,0.0
2023-02-05 00:00:00+00:00,,,,0.0,33776,0.0,0.0
2023-02-06 00:00:00+00:00,,,,0.0,33305,0.0,0.0
2023-02-07 00:00:00+00:00,0.0,9.999999974752427e-07,0.0,9.999999974752427e-07,38869,0.0,0.0
2023-02-08 00:00:00+00:00,9.999999974752427e-07,9.999999974752427e-07,0.0,9.999999974752427e-07,26151,0.0,0.0
2023-02-09 00:00:00+00:00,,,,0.0,6580,0.0,0.0
2023-02-10 00:00:00+00:00,,,,0.0,7708,0.0,0.0
2023-02-11 00:00:00+00:00,,,,0.0,8099,0.0,0.0
2023-02-12 00:00:00+00:00,,,,0.0,6876,0.0,0.0
2023-02-13 00:00:00+00:00,,,,0.0,5838,0.0,0.0
2023-02-14 00:00:00+00:00,,,,0.0,7738,0.0,0.0
2023-02-15 00:00:00+00:00,,,,0.0,6799,0.0,0.0
2023-02-16 00:00:00+00:00,,,,0.0,6313,0.0,0.0
2023-02-17 00:00:00+00:00,,,,0.0,5991,0.0,0.0
2023-02-18 00:00:00+00:00,,,,0.0,2826,0.0,0.0
2023-02-19 00:00:00+00:00,,,,0.0,1556,0.0,0.0
2023-02-20 00:00:00+00:00,,,,0.0,1417,0.0,0.0
2023-02-21 00:00:00+00:00,,,,0.0,826,0.0,0.0
2023-02-22 00:00:00+00:00,,,,0.0,781,0.0,0.0
2023-02-23 00:00:00+00:00,,,,0.0,339,0.0,0.0
2023-02-24 00:00:00+00:00,,,,0.0,170,0.0,0.0
2023-02-25 00:00:00+00:00,,,,0.0,282,0.0,0.0
2023-02-26 00:00:00+00:00,,,,0.0,286,0.0,0.0
2023-02-27 00:00:00+00:00,,,,0.0,262,0.0,0.0
2023-02-28 00:00:00+00:00,,,,0.0,93,0.0,0.0
2023-03-01 00:00:00+00:00,,,,0.0,94,0.0,0.0
2023-03-02 00:00:00+00:00,,,,0.0,557,0.0,0.0
2023-03-03 00:00:00+00:00,,,,0.0,148,0.0,0.0
2023-03-04 00:00:00+00:00,,,,0.0,336,0.0,0.0
2023-03-05 00:00:00+00:00,,,,0.0,336,0.0,0.0
2023-03-06 00:00:00+00:00,,,,0.0,204,0.0,0.0
2023-03-07 00:00:00+00:00,,,,0.0,197,0.0,0.0
2023-03-08 00:00:00+00:00,,,,0.0,109,0.0,0.0
2023-03-09 00:00:00+00:00,,,,0.0,109,0.0,0.0
2023-03-10 00:00:00+00:00,,,,0.0,381,0.0,0.0
2023-03-11 00:00:00+00:00,,,,0.0,168,0.0,0.0
2023-03-12 00:00:00+00:00,,,,0.0,165,0.0,0.0
2023-03-13 00:00:00+00:00,,,,0.0,313,0.0,0.0
2023-03-14 00:00:00+00:00,,,,0.0,163,0.0,0.0
2023-03-15 00:00:00+00:00,,,,0.0,106,0.0,0.0
2023-03-16 00:00:00+00:00,,,,0.0,144,0.0,0.0
2023-03-17 00:00:00+00:00,,,,0.0,485,0.0,0.0
2023-03-18 00:00:00+00:00,,,,0.0,147,0.0,0.0
2023-03-19 00:00:00+00:00,,,,0.0,238,0.0,0.0
2023-03-20 00:00:00+00:00,,,,0.0,96,0.0,0.0
2023-03-21 00:00:00+00:00,,,,0.0,292,0.0,0.0
2023-03-22 00:00:00+00:00,,,,0.0,391,0.0,0.0
2023-03-23 00:00:00+00:00,,,,0.0,80,0.0,0.0
2023-03-24 00:00:00+00:00,,,,0.0,89,0.0,0.0
2023-03-25 00:00:00+00:00,,,,0.0,84,0.0,0.0
2023-03-26 00:00:00+00:00,,,,0.0,168,0.0,0.0
2023-03-27 00:00:00+00:00,,,,0.0,178,0.0,0.0
2023-03-28 00:00:00+00:00,,,,0.0,178,0.0,0.0
2023-03-29 00:00:00+00:00,,,,0.0,225,0.0,0.0
2023-03-30 00:00:00+00:00,,,,0.0,539,0.0,0.0
2023-03-31 00:00:00+00:00,,,,0.0,470,0.0,0.0
2023-04-01 00:00:00+00:00,,,,0.0,208,0.0,0.0
2023-04-02 00:00:00+00:00,,,,0.0,127,0.0,0.0
2023-04-03 00:00:00+00:00,,,,0.0,155,0.0,0.0
2023-04-04 00:00:00+00:00,,,,0.0,205,0.0,0.0
2023-04-05 00:00:00+00:00,,,,0.0,104,0.0,0.0
2023-04-06 00:00:00+00:00,,,,0.0,112,0.0,0.0
2023-04-07 00:00:00+00:00,,,,0.0,92,0.0,0.0
2023-04-08 00:00:00+00:00,,,,0.0,83,0.0,0.0
2023-04-09 00:00:00+00:00,,,,0.0,184,0.0,0.0
2023-04-10 00:00:00+00:00,,,,0.0,184,0.0,0.0
2023-04-11 00:00:00+00:00,,,,0.0,90,0.0,0.0
2023-04-12 00:00:00+00:00,,,,0.0,90,0.0,0.0
2023-04-13 00:00:00+00:00,,,,0.0,85,0.0,0.0
2023-04-14 00:00:00+00:00,,,,0.0,109,0.0,0.0
2023-04-15 00:00:00+00:00,,,,0.0,109,0.0,0.0
2023-04-16 00:00:00+00:00,,,,0.0,77,0.0,0.0
2023-04-17 00:00:00+00:00,,,,0.0,87,0.0,0.0
2023-04-18 00:00:00+00:00,,,,0.0,160,0.0,0.0
2023-04-19 00:00:00+00:00,,,,0.0,125,0.0,0.0
2023-04-20 00:00:00+00:00,,,,0.0,93,0.0,0.0
2023-04-21 00:00:00+00:00,,,,0.0,127,0.0,0.0
2023-04-22 00:00:00+00:00,,,,0.0,103,0.0,0.0
2023-04-23 00:00:00+00:00,,,,0.0,103,0.0,0.0
2023-04-24 00:00:00+00:00,,,,0.0,81,0.0,0.0
2023-04-25 00:00:00+00:00,,,,0.0,5,0.0,0.0
2023-04-26 00:00:00+00:00,,,,0.0,79,0.0,0.0
2023-04-27 00:00:00+00:00,,,,0.0,8,0.0,0.0
2023-04-28 00:00:00+00:00,,,,0.0,41,0.0,0.0
2023-04-29 00:00:00+00:00,,,,0.0,41,0.0,0.0
2023-04-30 00:00:00+00:00,,,,0.0,116,0.0,0.0
2023-05-01 00:00:00+00:00,,,,0.0,68,0.0,0.0
2023-05-02 00:00:00+00:00,,,,0.0,68,0.0,0.0
2023-05-03 00:00:00+00:00,,,,0.0,1,0.0,0.0
2023-05-04 00:00:00+00:00,,,,0.0,1,0.0,0.0
2023-05-05 00:00:00+00:00,,,,0.0,1,0.0,0.0
2023-05-06 00:00:00+00:00,,,,0.0,190,0.0,0.0
2023-05-07 00:00:00+00:00,,,,0.0,1,0.0,0.0
2023-05-08 00:00:00+00:00,,,,0.0,27,0.0,0.0
2023-05-09 00:00:00+00:00,,,,0.0,27,0.0,0.0
2023-05-10 00:00:00+00:00,,,,0.0,1,0.0,0.0
2023-05-11 00:00:00+00:00,,,,0.0,67,0.0,0.0
2023-05-12 00:00:00+00:00,,,,0.0,103,0.0,0.0
2023-05-13 00:00:00+00:00,,,,0.0,108,0.0,0.0
2023-05-14 00:00:00+00:00,,,,0.0,32,0.0,0.0
2023-05-15 00:00:00+00:00,,,,0.0,36,0.0,0.0
2023-05-16 00:00:00+00:00,,,,0.0,263,0.0,0.0
2023-05-17 00:00:00+00:00,,,,0.0,37,0.0,0.0
2023-05-18 00:00:00+00:00,,,,0.0,100,0.0,0.0
2023-05-19 00:00:00+00:00,,,,0.0,60,0.0,0.0
2023-05-20 00:00:00+00:00,,,,0.0,27,0.0,0.0
2023-05-21 00:00:00+00:00,,,,0.0,28,0.0,0.0
2023-05-22 00:00:00+00:00,,,,0.0,6,0.0,0.0
2023-05-23 00:00:00+00:00,,,,0.0,9,0.0,0.0
2023-05-24 00:00:00+00:00,,,,0.0,6,0.0,0.0
2023-05-25 00:00:00+00:00,,,,0.0,5,0.0,0.0
2023-05-26 00:00:00+00:00,,,,0.0,5,0.0,0.0
2023-05-27 00:00:00+00:00,,,,0.0,128,0.0,0.0
2023-05-28 00:00:00+00:00,,,,0.0,156,0.0,0.0
2023-05-29 00:00:00+00:00,,,,0.0,156,0.0,0.0
2023-05-30 00:00:00+00:00,,,,0.0,156,0.0,0.0
2023-05-31 00:00:00+00:00,,,,0.0,3,0.0,0.0
2023-06-01 00:00:00+00:00,,,,0.0,8,0.0,0.0
2023-06-02 00:00:00+00:00,,,,0.0,23,0.0,0.0
2023-06-03 00:00:00+00:00,,,,0.0,23,0.0,0.0
2023-06-04 00:00:00+00:00,,,,0.0,23,0.0,0.0
2023-06-05 00:00:00+00:00,,,,0.0,23,0.0,0.0
2023-06-06 00:00:00+00:00,,,,0.0,51,0.0,0.0
2023-06-07 00:00:00+00:00,,,,0.0,65,0.0,0.0
2023-06-08 00:00:00+00:00,,,,0.0,65,0.0,0.0
2023-06-09 00:00:00+00:00,,,,0.0,29,0.0,0.0
2023-06-10 00:00:00+00:00,,,,0.0,45,0.0,0.0
2023-06-11 00:00:00+00:00,,,,0.0,1,0.0,0.0
2023-06-12 00:00:00+00:00,,,,0.0,5,0.0,0.0
2023-06-13 00:00:00+00:00,,,,0.0,3,0.0,0.0
2023-06-14 00:00:00+00:00,,,,0.0,3,0.0,0.0
2023-06-15 00:00:00+00:00,,,,0.0,10,0.0,0.0
2023-06-16 00:00:00+00:00,,,,0.0,29,0.0,0.0
2023-06-17 00:00:00+00:00,,,,0.0,57,0.0,0.0
2023-06-18 00:00:00+00:00,,,,0.0,57,0.0,0.0
2023-06-19 00:00:00+00:00,,,,0.0,1323,0.0,0.0
2023-06-20 00:00:00+00:00,0.0,9.999999974752427e-07,0.0,9.999999974752427e-07,368,0.0,0.0
2023-06-21 00:00:00+00:00,,,,0.0,385,0.0,0.0
2023-06-22 00:00:00+00:00,0.0,9.999999974752427e-07,0.0,9.999999974752427e-07,227,0.0,0.0
2023-06-23 00:00:00+00:00,9.999999974752427e-07,9.999999974752427e-07,0.0,9.999999974752427e-07,105,0.0,0.0
2023-06-24 00:00:00+00:00,9.999999974752427e-07,9.999999974752427e-07,9.999999974752427e-07,9.999999974752427e-07,45,0.0,0.0
2023-06-25 00:00:00+00:00,9.999999974752427e-07,9.999999974752427e-07,0.0,9.999999974752427e-07,151,0.0,0.0
2023-06-26 00:00:00+00:00,,,,0.0,88,0.0,0.0
2023-06-27 00:00:00+00:00,0.0,9.999999974752427e-07,0.0,9.999999974752427e-07,306,0.0,0.0
2023-06-28 00:00:00+00:00,,,,0.0,280,0.0,0.0
2023-06-29 00:00:00+00:00,0.0,9.999999974752427e-07,0.0,9.999999974752427e-07,335,0.0,0.0
2023-06-30 00:00:00+00:00,9.999999974752427e-07,1.9999999949504854e-06,9.999999974752427e-07,1.9999999949504854e-06,421,0.0,0.0
2023-07-01 00:00:00+00:00,1.9999999949504854e-06,1.9999999949504854e-06,9.999999974752427e-07,9.999999974752427e-07,452,0.0,0.0
2023-07-02 00:00:00+00:00,9.999999974752427e-07,3.999999989900971e-06,9.999999974752427e-07,9.999999974752427e-07,2334,0.0,0.0
2023-07-03 00:00:00+00:00,9.999999974752427e-07,1.9999999949504854e-06,9.999999974752427e-07,1.9999999949504854e-06,758,0.0,0.0
2023-07-04 00:00:00+00:00,1.9999999949504854e-06,1.9999999949504854e-06,9.999999974752427e-07,9.999999974752427e-07,276,0.0,0.0
2023-07-05 00:00:00+00:00,9.999999974752427e-07,9.999999974752427e-07,9.999999974752427e-07,9.999999974752427e-07,849,0.0,0.0
2023-07-06 00:00:00+00:00,9.999999974752427e-07,9.999999974752427e-07,9.999999974752427e-07,9.999999974752427e-07,469,0.0,0.0
2023-07-07 00:00:00+00:00,9.999999974752427e-07,9.999999974752427e-07,9.999999974752427e-07,9.999999974752427e-07,609,0.0,0.0
2023-07-08 00:00:00+00:00,9.999999974752427e-07,9.999999974752427e-07,9.999999974752427e-07,9.999999974752427e-07,478,0.0,0.0
2023-07-09 00:00:00+00:00,9.999999974752427e-07,3.000000106112566e-06,9.999999974752427e-07,9.999999974752427e-07,1823,0.0,0.0
2023-07-10 00:00:00+00:00,9.999999974752427e-07,9.999999974752427e-07,9.999999974752427e-07,9.999999974752427e-07,505,0.0,0.0
2023-07-11 00:00:00+00:00,9.999999974752427e-07,9.999999974752427e-07,9.999999974752427e-07,9.999999974752427e-07,376,0.0,0.0
2023-07-12 00:00:00+00:00,9.999999974752427e-07,9.999999974752427e-07,9.999999974752427e-07,9.999999974752427e-07,130,0.0,0.0
2023-07-13 00:00:00+00:00,9.999999974752427e-07,9.999999974752427e-07,9.999999974752427e-07,9.999999974752427e-07,1127,0.0,0.0
2023-07-14 00:00:00+00:00,9.999999974752427e-07,9.999999974752427e-07,9.999999974752427e-07,9.999999974752427e-07,830,0.0,0.0
2023-07-15 00:00:00+00:00,9.999999974752427e-07,9.999999974752427e-07,9.999999974752427e-07,9.999999974752427e-07,230,0.0,0.0
2023-07-16 00:00:00+00:00,9.999999974752427e-07,9.999999974752427e-07,9.999999974752427e-07,9.999999974752427e-07,106,0.0,0.0
2023-07-17 00:00:00+00:00,,,,0.0,966,0.0,0.0
2023-07-18 00:00:00+00:00,0.0,9.999999974752427e-07,0.0,9.999999974752427e-07,526,0.0,0.0
2023-07-19 00:00:00+00:00,9.999999974752427e-07,9.999999974752427e-07,9.999999974752427e-07,9.999999974752427e-07,273,0.0,0.0
2023-07-20 00:00:00+00:00,9.999999974752427e-07,9.999999974752427e-07,9.999999974752427e-07,9.999999974752427e-07,241,0.0,0.0
2023-07-21 00:00:00+00:00,9.999999974752427e-07,9.999999974752427e-07,9.999999974752427e-07,9.999999974752427e-07,321,0.0,0.0
2023-07-22 00:00:00+00:00,9.999999974752427e-07,9.999999974752427e-07,9.999999974752427e-07,9.999999974752427e-07,240,0.0,0.0
2023-07-23 00:00:00+00:00,9.999999974752427e-07,9.999999974752427e-07,9.999999974752427e-07,9.999999974752427e-07,36,0.0,0.0
2023-07-24 00:00:00+00:00,9.999999974752427e-07,1.9999999949504854e-06,9.999999974752427e-07,9.999999974752427e-07,491,0.0,0.0
2023-07-25 00:00:00+00:00,9.999999974752427e-07,9.999999974752427e-07,9.999999974752427e-07,9.999999974752427e-07,150,0.0,0.0
2023-07-26 00:00:00+00:00,9.999999974752427e-07,9.999999974752427e-07,9.999999974752427e-07,9.999999974752427e-07,299,0.0,0.0
2023-07-27 00:00:00+00:00,9.999999974752427e-07,9.999999974752427e-07,9.999999974752427e-07,9.999999974752427e-07,272,0.0,0.0
2023-07-28 00:00:00+00:00,9.999999974752427e-07,1.9999999949504854e-06,9.999999974752427e-07,9.999999974752427e-07,773,0.0,0.0
2023-07-29 00:00:00+00:00,9.999999974752427e-07,9.999999974752427e-07,9.999999974752427e-07,9.999999974752427e-07,1037,0.0,0.0
2023-07-30 00:00:00+00:00,9.999999974752427e-07,9.999999974752427e-07,9.999999974752427e-07,9.999999974752427e-07,215,0.0,0.0
2023-07-31 00:00:00+00:00,9.999999974752427e-07,9.999999974752427e-07,9.999999974752427e-07,9.999999974752427e-07,452,0.0,0.0
2023-08-01 00:00:00+00:00,9.999999974752427e-07,9.999999974752427e-07,9.999999974752427e-07,9.999999974752427e-07,241,0.0,0.0
2023-08-02 00:00:00+00:00,9.999999974752427e-07,9.999999974752427e-07,9.999999974752427e-07,9.999999974752427e-07,347,0.0,0.0
2023-08-03 00:00:00+00:00,9.999999974752427e-07,9.999999974752427e-07,9.999999974752427e-07,9.999999974752427e-07,148,0.0,0.0
2023-08-04 00:00:00+00:00,9.999999974752427e-07,9.999999974752427e-07,9.999999974752427e-07,9.999999974752427e-07,241,0.0,0.0
2023-08-05 00:00:00+00:00,9.999999974752427e-07,9.999999974752427e-07,9.999999974752427e-07,9.999999974752427e-07,526,0.0,0.0
2023-08-06 00:00:00+00:00,9.999999974752427e-07,9.999999974752427e-07,9.999999974752427e-07,9.999999974752427e-07,505,0.0,0.0
2023-08-07 00:00:00+00:00,9.999999974752427e-07,9.999999974752427e-07,9.999999974752427e-07,9.999999974752427e-07,505,0.0,0.0
2023-08-08 00:00:00+00:00,9.999999974752427e-07,9.999999974752427e-07,9.999999974752427e-07,9.999999974752427e-07,5,0.0,0.0
2023-08-09 00:00:00+00:00,9.999999974752427e-07,9.999999974752427e-07,9.999999974752427e-07,9.999999974752427e-07,29,0.0,0.0
2023-08-10 00:00:00+00:00,9.999999974752427e-07,9.999999974752427e-07,9.999999974752427e-07,9.999999974752427e-07,161,0.0,0.0
2023-08-11 00:00:00+00:00,9.999999974752427e-07,9.999999974752427e-07,9.999999974752427e-07,9.999999974752427e-07,143,0.0,0.0
2023-08-12 00:00:00+00:00,9.999999974752427e-07,9.999999974752427e-07,9.999999974752427e-07,9.999999974752427e-07,31,0.0,0.0
2023-08-13 00:00:00+00:00,9.999999974752427e-07,9.999999974752427e-07,9.999999974752427e-07,9.999999974752427e-07,31,0.0,0.0
2023-08-14 00:00:00+00:00,9.999999974752427e-07,9.999999974752427e-07,9.999999974752427e-07,9.999999974752427e-07,41,0.0,0.0
2023-08-15 00:00:00+00:00,9.999999974752427e-07,9.999999974752427e-07,9.999999974752427e-07,9.999999974752427e-07,9,0.0,0.0
2023-08-16 00:00:00+00:00,9.999999974752427e-07,9.999999974752427e-07,9.999999974752427e-07,9.999999974752427e-07,57,0.0,0.0
2023-08-17 00:00:00+00:00,9.999999974752427e-07,9.999999974752427e-07,9.999999974752427e-07,9.999999974752427e-07,275,0.0,0.0
2023-08-18 00:00:00+00:00,9.999999974752427e-07,9.999999974752427e-07,9.999999974752427e-07,9.999999974752427e-07,164,0.0,0.0
2023-08-19 00:00:00+00:00,9.999999974752427e-07,9.999999974752427e-07,9.999999974752427e-07,9.999999974752427e-07,77,0.0,0.0
2023-08-20 00:00:00+00:00,9.999999974752427e-07,9.999999974752427e-07,9.999999974752427e-07,9.999999974752427e-07,5,0.0,0.0
2023-08-21 00:00:00+00:00,9.999999974752427e-07,9.999999974752427e-07,9.999999974752427e-07,9.999999974752427e-07,486,0.0,0.0
2023-08-22 00:00:00+00:00,9.999999974752427e-07,9.999999974752427e-07,9.999999974752427e-07,9.999999974752427e-07,485,0.0,0.0
2023-08-23 00:00:00+00:00,9.999999974752427e-07,9.999999974752427e-07,9.999999974752427e-07,9.999999974752427e-07,1,0.0,0.0
2023-08-24 00:00:00+00:00,9.999999974752427e-07,9.999999974752427e-07,9.999999974752427e-07,9.999999974752427e-07,1,0.0,0.0
2023-08-25 00:00:00+00:00,9.999999974752427e-07,9.999999974752427e-07,9.999999974752427e-07,9.999999974752427e-07,13,0.0,0.0
2023-08-26 00:00:00+00:00,9.999999974752427e-07,9.999999974752427e-07,0.0,9.999999974752427e-07,1427,0.0,0.0
2023-08-27 00:00:00+00:00,9.999999974752427e-07,9.999999974752427e-07,9.999999974752427e-07,9.999999974752427e-07,484,0.0,0.0
2023-08-28 00:00:00+00:00,,,,0.0,352,0.0,0.0
2023-08-29 00:00:00+00:00,,,,0.0,335,0.0,0.0
2023-08-30 00:00:00+00:00,0.0,9.999999974752427e-07,0.0,9.999999974752427e-07,432,0.0,0.0
2023-08-31 00:00:00+00:00,,,,0.0,91,0.0,0.0
2023-09-01 00:00:00+00:00,,,,0.0,373,0.0,0.0
2023-09-02 00:00:00+00:00,,,,0.0,168,0.0,0.0
2023-09-03 00:00:00+00:00,,,,0.0,168,0.0,0.0
2023-09-04 00:00:00+00:00,,,,0.0,1,0.0,0.0
2023-09-05 00:00:00+00:00,,,,0.0,24,0.0,0.0
2023-09-06 00:00:00+00:00,,,,0.0,31,0.0,0.0
2023-09-07 00:00:00+00:00,,,,0.0,32,0.0,0.0
2023-09-08 00:00:00+00:00,,,,0.0,32,0.0,0.0
2023-09-09 00:00:00+00:00,,,,0.0,49,0.0,0.0
2023-09-10 00:00:00+00:00,,,,0.0,149,0.0,0.0
2023-09-11 00:00:00+00:00,,,,0.0,100,0.0,0.0
2023-09-12 00:00:00+00:00,,,,0.0,18,0.0,0.0
2023-09-13 00:00:00+00:00,,,,0.0,31,0.0,0.0
2023-09-14 00:00:00+00:00,,,,0.0,27,0.0,0.0
2023-09-15 00:00:00+00:00,0.0,9.999999974752427e-07,0.0,9.999999974752427e-07,149,0.0,0.0
2023-09-16 00:00:00+00:00,,,,0.0,6,0.0,0.0
2023-09-17 00:00:00+00:00,,,,0.0,14,0.0,0.0
2023-09-18 00:00:00+00:00,,,,0.0,24,0.0,0.0
2023-09-19 00:00:00+00:00,,,,0.0,24,0.0,0.0
2023-09-20 00:00:00+00:00,,,,0.0,24,0.0,0.0
2023-09-21 00:00:00+00:00,,,,0.0,4,0.0,0.0
2023-09-22 00:00:00+00:00,,,,0.0,67,0.0,0.0
2023-09-23 00:00:00+00:00,,,,0.0,14,0.0,0.0
2023-09-24 00:00:00+00:00,,,,0.0,3,0.0,0.0
2023-09-25 00:00:00+00:00,,,,0.0,26,0.0,0.0
2023-09-26 00:00:00+00:00,,,,0.0,26,0.0,0.0
2023-09-27 00:00:00+00:00,,,,0.0,6,0.0,0.0
2023-09-28 00:00:00+00:00,,,,0.0,11,0.0,0.0
2023-09-29 00:00:00+00:00,,,,0.0,95,0.0,0.0
2023-09-30 00:00:00+00:00,0.0,9.999999974752427e-07,0.0,9.999999974752427e-07,85,0.0,0.0
2023-10-01 00:00:00+00:00,,,,0.0,26,0.0,0.0
2023-10-02 00:00:00+00:00,,,,0.0,27,0.0,0.0
2023-10-03 00:00:00+00:00,,,,0.0,27,0.0,0.0
2023-10-04 00:00:00+00:00,,,,0.0,27,0.0,0.0
2023-10-05 00:00:00+00:00,0.0,9.999999974752427e-07,0.0,9.999999974752427e-07,4,0.0,0.0
2023-10-06 00:00:00+00:00,,,,0.0,7,0.0,0.0
2023-10-07 00:00:00+00:00,,,,0.0,7,0.0,0.0
2023-10-08 00:00:00+00:00,0.0,9.999999974752427e-07,0.0,9.999999974752427e-07,18,0.0,0.0
2023-10-09 00:00:00+00:00,9.999999974752427e-07,9.999999974752427e-07,9.999999974752427e-07,9.999999974752427e-07,121,0.0,0.0
2023-10-10 00:00:00+00:00,,,,0.0,29,0.0,0.0
2023-10-11 00:00:00+00:00,,,,0.0,29,0.0,0.0
2023-10-12 00:00:00+00:00,,,,0.0,29,0.0,0.0
2023-10-13 00:00:00+00:00,,,,0.0,9,0.0,0.0
2023-10-14 00:00:00+00:00,,,,0.0,11,0.0,0.0
2023-10-15 00:00:00+00:00,,,,0.0,36,0.0,0.0
2023-10-16 00:00:00+00:00,,,,0.0,36,0.0,0.0
2023-10-17 00:00:00+00:00,,,,0.0,36,0.0,0.0
2023-10-18 00:00:00+00:00,,,,0.0,36,0.0,0.0
2023-10-19 00:00:00+00:00,,,,0.0,36,0.0,0.0
2023-10-20 00:00:00+00:00,,,,0.0,36,0.0,0.0
2023-10-21 00:00:00+00:00,,,,0.0,36,0.0,0.0
2023-10-22 00:00:00+00:00,,,,0.0,36,0.0,0.0
2023-10-23 00:00:00+00:00,,,,0.0,21,0.0,0.0
2023-10-24 00:00:00+00:00,,,,0.0,52,0.0,0.0
2023-10-25 00:00:00+00:00,0.0,9.999999974752427e-07,0.0,9.999999974752427e-07,32,0.0,0.0
2023-10-26 00:00:00+00:00,,,,0.0,50,0.0,0.0
2023-10-27 00:00:00+00:00,,,,0.0,50,0.0,0.0
2023-10-28 00:00:00+00:00,,,,0.0,50,0.0,0.0
2023-10-29 00:00:00+00:00,0.0,9.999999974752427e-07,0.0,9.999999974752427e-07,7,0.0,0.0
2023-10-30 00:00:00+00:00,9.999999974752427e-07,9.999999974752427e-07,9.999999974752427e-07,9.999999974752427e-07,15,0.0,0.0
2023-10-31 00:00:00+00:00,9.999999974752427e-07,9.999999974752427e-07,9.999999974752427e-07,9.999999974752427e-07,7,0.0,0.0
2023-11-01 00:00:00+00:00,9.999999974752427e-07,9.999999974752427e-07,9.999999974752427e-07,9.999999974752427e-07,1,0.0,0.0
2023-11-02 00:00:00+00:00,9.999999974752427e-07,9.999999974752427e-07,9.999999974752427e-07,9.999999974752427e-07,1,0.0,0.0
2023-11-03 00:00:00+00:00,9.999999974752427e-07,9.999999974752427e-07,9.999999974752427e-07,9.999999974752427e-07,1,0.0,0.0
2023-11-04 00:00:00+00:00,,,,0.0,3,0.0,0.0
2023-11-05 00:00:00+00:00,,,,0.0,6,0.0,0.0
2023-11-06 00:00:00+00:00,,,,0.0,9,0.0,0.0
2023-11-07 00:00:00+00:00,,,,0.0,9,0.0,0.0
2023-11-08 00:00:00+00:00,,,,0.0,3,0.0,0.0
2023-11-09 00:00:00+00:00,,,,0.0,2,0.0,0.0
2023-11-10 00:00:00+00:00,,,,0.0,2,0.0,0.0
2023-11-11 00:00:00+00:00,,,,0.0,2,0.0,0.0
2023-11-12 00:00:00+00:00,,,,0.0,2,0.0,0.0
2023-11-13 00:00:00+00:00,,,,0.0,19,0.0,0.0
2023-11-14 00:00:00+00:00,,,,0.0,46,0.0,0.0
2023-11-15 00:00:00+00:00,,,,0.0,76,0.0,0.0
2023-11-16 00:00:00+00:00,,,,0.0,76,0.0,0.0
2023-11-17 00:00:00+00:00,,,,0.0,76,0.0,0.0
2023-11-18 00:00:00+00:00,,,,0.0,7,0.0,0.0
2023-11-19 00:00:00+00:00,,,,0.0,7,0.0,0.0
2023-11-20 00:00:00+00:00,,,,0.0,3,0.0,0.0
2023-11-21 00:00:00+00:00,,,,0.0,3,0.0,0.0
2023-11-22 00:00:00+00:00,,,,0.0,3,0.0,0.0
2023-11-23 00:00:00+00:00,,,,0.0,3,0.0,0.0
2023-11-24 00:00:00+00:00,,,,0.0,3,0.0,0.0
2023-11-25 00:00:00+00:00,,,,0.0,3,0.0,0.0
2023-11-26 00:00:00+00:00,,,,0.0,3,0.0,0.0
2023-11-27 00:00:00+00:00,,,,0.0,2,0.0,0.0
2023-11-28 00:00:00+00:00,,,,0.0,2,0.0,0.0
2023-11-29 00:00:00+00:00,,,,0.0,1,0.0,0.0
2023-11-30 00:00:00+00:00,,,,0.0,3,0.0,0.0
2023-12-01 00:00:00+00:00,,,,0.0,4,0.0,0.0
2023-12-02 00:00:00+00:00,,,,0.0,35,0.0,0.0
2023-12-03 00:00:00+00:00,,,,0.0,36,0.0,0.0
2023-12-04 00:00:00+00:00,,,,0.0,36,0.0,0.0
2023-12-05 00:00:00+00:00,,,,0.0,36,0.0,0.0
2023-12-06 00:00:00+00:00,,,,0.0,271,0.0,0.0
2023-12-07 00:00:00+00:00,,,,0.0,305,0.0,0.0
2023-12-08 00:00:00+00:00,,,,0.0,1,0.0,0.0
2023-12-09 00:00:00+00:00,,,,0.0,2,0.0,0.0
2023-12-10 00:00:00+00:00,,,,0.0,2,0.0,0.0
2023-12-11 00:00:00+00:00,,,,0.0,2,0.0,0.0
2023-12-12 00:00:00+00:00,,,,0.0,2,0.0,0.0
2023-12-13 00:00:00+00:00,,,,0.0,2,0.0,0.0
2023-12-14 00:00:00+00:00,,,,0.0,2,0.0,0.0
2023-12-15 00:00:00+00:00,,,,0.0,2,0.0,0.0
2023-12-16 00:00:00+00:00,,,,0.0,1,0.0,0.0
2023-12-17 00:00:00+00:00,,,,0.0,1,0.0,0.0
2023-12-18 00:00:00+00:00,,,,0.0,1,0.0,0.0
2023-12-19 00:00:00+00:00,,,,0.0,1,0.0,0.0
2023-12-20 00:00:00+00:00,,,,0.0,1,0.0,0.0
2023-12-21 00:00:00+00:00,,,,0.0,1,0.0,0.0
2023-12-22 00:00:00+00:00,,,,0.0,1,0.0,0.0
2023-12-23 00:00:00+00:00,,,,0.0,8,0.0,0.0
2023-12-24 00:00:00+00:00,,,,0.0,8,0.0,0.0
2023-12-25 00:00:00+00:00,,,,0.0,8,0.0,0.0
2023-12-26 00:00:00+00:00,,,,0.0,8,0.0,0.0
2023-12-27 00:00:00+00:00,,,,0.0,1,0.0,0.0
2023-12-28 00:00:00+00:00,,,,0.0,1,0.0,0.0
2023-12-29 00:00:00+00:00,,,,0.0,1,0.0,0.0
2023-12-30 00:00:00+00:00,,,,0.0,1,0.0,0.0
2023-12-31 00:00:00+00:00,,,,0.0,10,0.0,0.0
2024-01-01 00:00:00+00:00,,,,0.0,3,0.0,0.0
2024-01-02 00:00:00+00:00,0.0,9.999999974752427e-07,0.0,9.999999974752427e-07,88,0.0,0.0
2024-01-03 00:00:00+00:00,,,,0.0,8,0.0,0.0
2024-01-04 00:00:00+00:00,,,,0.0,98,0.0,0.0
2024-01-05 00:00:00+00:00,0.0,9.999999974752427e-07,0.0,9.999999974752427e-07,105,0.0,0.0
2024-01-06 00:00:00+00:00,9.999999974752427e-07,9.999999974752427e-07,0.0,9.999999974752427e-07,149,0.0,0.0
2024-01-07 00:00:00+00:00,9.999999974752427e-07,9.999999974752427e-07,9.999999974752427e-07,9.999999974752427e-07,93,0.0,0.0
2024-01-08 00:00:00+00:00,9.999999974752427e-07,9.999999974752427e-07,9.999999974752427e-07,9.999999974752427e-07,83,0.0,0.0
2024-01-09 00:00:00+00:00,9.999999974752427e-07,9.999999974752427e-07,9.999999974752427e-07,9.999999974752427e-07,83,0.0,0.0
2024-01-10 00:00:00+00:00,9.999999974752427e-07,9.999999974752427e-07,0.0,9.999999974752427e-07,83,0.0,0.0
2024-01-11 00:00:00+00:00,9.999999974752427e-07,9.999999974752427e-07,9.999999974752427e-07,9.999999974752427e-07,83,0.0,0.0
2024-01-12 00:00:00+00:00,9.999999974752427e-07,9.999999974752427e-07,9.999999974752427e-07,9.999999974752427e-07,83,0.0,0.0
2024-01-13 00:00:00+00:00,9.999999974752427e-07,9.999999974752427e-07,9.999999974752427e-07,9.999999974752427e-07,1,0.0,0.0
2024-01-14 00:00:00+00:00,,,,0.0,4,0.0,0.0
2024-01-15 00:00:00+00:00,,,,0.0,4,0.0,0.0
2024-01-16 00:00:00+00:00,0.0,9.999999974752427e-07,0.0,9.999999974752427e-07,2,0.0,0.0
2024-01-17 00:00:00+00:00,9.999999974752427e-07,9.999999974752427e-07,9.999999974752427e-07,9.999999974752427e-07,2,0.0,0.0
2024-01-18 00:00:00+00:00,9.999999974752427e-07,9.999999974752427e-07,9.999999974752427e-07,9.999999974752427e-07,2,0.0,0.0
2024-01-19 00:00:00+00:00,9.999999974752427e-07,9.999999974752427e-07,9.999999974752427e-07,9.999999974752427e-07,2,0.0,0.0
2024-01-20 00:00:00+00:00,9.999999974752427e-07,9.999999974752427e-07,9.999999974752427e-07,9.999999974752427e-07,2,0.0,0.0
2024-01-21 00:00:00+00:00,,,,0.0,3,0.0,0.0
2024-01-22 00:00:00+00:00,,,,0.0,3,0.0,0.0
2024-01-23 00:00:00+00:00,,,,0.0,3,0.0,0.0
2024-01-24 00:00:00+00:00,0.0,9.999999974752427e-07,0.0,9.999999974752427e-07,36,0.0,0.0
2024-01-25 00:00:00+00:00,9.999999974752427e-07,9.999999974752427e-07,9.999999974752427e-07,9.999999974752427e-07,56,0.0,0.0
2024-01-26 00:00:00+00:00,9.999999974752427e-07,9.999999974752427e-07,9.999999974752427e-07,9.999999974752427e-07,56,0.0,0.0
2024-01-27 00:00:00+00:00,9.999999974752427e-07,9.999999974752427e-07,9.999999974752427e-07,9.999999974752427e-07,4,0.0,0.0
2024-01-28 00:00:00+00:00,9.999999974752427e-07,9.999999974752427e-07,9.999999974752427e-07,9.999999974752427e-07,4,0.0,0.0
2024-01-29 00:00:00+00:00,9.999999974752427e-07,9.999999974752427e-07,9.999999974752427e-07,9.999999974752427e-07,10,0.0,0.0
2024-01-30 00:00:00+00:00,9.999999974752427e-07,9.999999974752427e-07,9.999999974752427e-07,9.999999974752427e-07,12,0.0,0.0
2024-01-31 00:00:00+00:00,9.999999974752427e-07,9.999999974752427e-07,9.999999974752427e-07,9.999999974752427e-07,12,0.0,0.0
2024-02-01 00:00:00+00:00,9.999999974752427e-07,9.999999974752427e-07,9.999999974752427e-07,9.999999974752427e-07,3,0.0,0.0
2024-02-02 00:00:00+00:00,,,,0.0,44,0.0,0.0
2024-02-03 00:00:00+00:00,0.0,9.999999974752427e-07,0.0,9.999999974752427e-07,15,0.0,0.0
2024-02-04 00:00:00+00:00,9.999999974752427e-07,9.999999974752427e-07,9.999999974752427e-07,9.999999974752427e-07,17,0.0,0.0
2024-02-05 00:00:00+00:00,9.999999974752427e-07,9.999999974752427e-07,9.999999974752427e-07,9.999999974752427e-07,17,0.0,0.0
2024-02-06 00:00:00+00:00,9.999999974752427e-07,9.999999974752427e-07,9.999999974752427e-07,9.999999974752427e-07,17,0.0,0.0
2024-02-07 00:00:00+00:00,,,,0.0,78,0.0,0.0
2024-02-08 00:00:00+00:00,,,,0.0,78,0.0,0.0
2024-02-09 00:00:00+00:00,,,,0.0,78,0.0,0.0
2024-02-10 00:00:00+00:00,,,,0.0,78,0.0,0.0
2024-02-11 00:00:00+00:00,,,,0.0,6,0.0,0.0
2024-02-12 00:00:00+00:00,,,,0.0,12,0.0,0.0
2024-02-13 00:00:00+00:00,,,,0.0,22,0.0,0.0
2024-02-14 00:00:00+00:00,,,,0.0,20,0.0,0.0
2024-02-15 00:00:00+00:00,,,,0.0,1,0.0,0.0
2024-02-16 00:00:00+00:00,,,,0.0,1,0.0,0.0
2024-02-17 00:00:00+00:00,0.0,9.999999974752427e-07,0.0,9.999999974752427e-07,2,0.0,0.0
2024-02-18 00:00:00+00:00,9.999999974752427e-07,9.999999974752427e-07,9.999999974752427e-07,9.999999974752427e-07,2,0.0,0.0
2024-02-19 00:00:00+00:00,9.999999974752427e-07,9.999999974752427e-07,9.999999974752427e-07,9.999999974752427e-07,1,0.0,0.0
2024-02-20 00:00:00+00:00,9.999999974752427e-07,9.999999974752427e-07,9.999999974752427e-07,9.999999974752427e-07,1,0.0,0.0
2024-02-21 00:00:00+00:00,9.999999974752427e-07,9.999999974752427e-07,9.999999974752427e-07,9.999999974752427e-07,1,0.0,0.0
2024-02-22 00:00:00+00:00,9.999999974752427e-07,9.999999974752427e-07,9.999999974752427e-07,9.999999974752427e-07,3,0.0,0.0
2024-02-23 00:00:00+00:00,9.999999974752427e-07,9.999999974752427e-07,9.999999974752427e-07,9.999999974752427e-07,0,0.0,0.0
2024-02-24 00:00:00+00:00,9.999999974752427e-07,9.999999974752427e-07,9.999999974752427e-07,9.999999974752427e-07,3,0.0,0.0
2024-02-25 00:00:00+00:00,9.999999974752427e-07,9.999999974752427e-07,9.999999974752427e-07,9.999999974752427e-07,3,0.0,0.0
2024-02-26 00:00:00+00:00,9.999999974752427e-07,9.999999974752427e-07,9.999999974752427e-07,9.999999974752427e-07,3,0.0,0.0
2024-02-27 00:00:00+00:00,9.999999974752427e-07,9.999999974752427e-07,9.999999974752427e-07,9.999999974752427e-07,22,0.0,0.0
2024-02-28 00:00:00+00:00,9.999999974752427e-07,9.999999974752427e-07,9.999999974752427e-07,9.999999974752427e-07,135,0.0,0.0
2024-02-29 00:00:00+00:00,9.999999974752427e-07,9.999999974752427e-07,9.999999974752427e-07,9.999999974752427e-07,135,0.0,0.0
2024-03-01 00:00:00+00:00,9.999999974752427e-07,9.999999974752427e-07,9.999999974752427e-07,9.999999974752427e-07,135,0.0,0.0
2024-03-02 00:00:00+00:00,,,,0.0,10,0.0,0.0
2024-03-03 00:00:00+00:00,,,,0.0,37,0.0,0.0
2024-03-04 00:00:00+00:00,,,,0.0,190,0.0,0.0
2024-03-05 00:00:00+00:00,,,,0.0,78,0.0,0.0
2024-03-06 00:00:00+00:00,,,,0.0,64,0.0,0.0
2024-03-07 00:00:00+00:00,,,,0.0,1,0.0,0.0
2024-03-08 00:00:00+00:00,,,,0.0,38,0.0,0.0
2024-03-09 00:00:00+00:00,,,,0.0,177,0.0,0.0
2024-03-10 00:00:00+00:00,,,,0.0,38,0.0,0.0
2024-03-11 00:00:00+00:00,,,,0.0,8,0.0,0.0
2024-03-12 00:00:00+00:00,,,,0.0,12,0.0,0.0
2024-03-13 00:00:00+00:00,,,,0.0,12,0.0,0.0
2024-03-14 00:00:00+00:00,,,,0.0,12,0.0,0.0
2024-03-15 00:00:00+00:00,,,,0.0,1,0.0,0.0
2024-03-16 00:00:00+00:00,,,,0.0,2,0.0,0.0
2024-03-17 00:00:00+00:00,,,,0.0,2,0.0,0.0
2024-03-18 00:00:00+00:00,,,,0.0,2,0.0,0.0
2024-03-19 00:00:00+00:00,,,,0.0,2,0.0,0.0
2024-03-20 00:00:00+00:00,,,,0.0,2,0.0,0.0
2024-03-21 00:00:00+00:00,,,,0.0,7,0.0,0.0
2024-03-22 00:00:00+00:00,,,,0.0,79,0.0,0.0
2024-03-23 00:00:00+00:00,0.0,9.999999974752427e-07,0.0,9.999999974752427e-07,211,0.0,0.0
2024-03-24 00:00:00+00:00,,,,0.0,32,0.0,0.0
2024-03-25 00:00:00+00:00,,,,0.0,42,0.0,0.0
2024-03-26 00:00:00+00:00,,,,0.0,32,0.0,0.0
2024-03-27 00:00:00+00:00,,,,0.0,32,0.0,0.0
2024-03-28 00:00:00+00:00,,,,0.0,32,0.0,0.0
2024-03-29 00:00:00+00:00,,,,0.0,3,0.0,0.0
2024-03-30 00:00:00+00:00,,,,0.0,8,0.0,0.0
2024-03-31 00:00:00+00:00,,,,0.0,5,0.0,0.0
2024-04-01 00:00:00+00:00,,,,0.0,5,0.0,0.0
2024-04-02 00:00:00+00:00,,,,0.0,5,0.0,0.0
2024-04-03 00:00:00+00:00,0.0,9.999999974752427e-07,0.0,9.999999974752427e-07,5,0.0,0.0
2024-04-04 00:00:00+00:00,,,,0.0,1,0.0,0.0
2024-04-05 00:00:00+00:00,,,,0.0,5,0.0,0.0
2024-04-06 00:00:00+00:00,,,,0.0,5,0.0,0.0
2024-04-07 00:00:00+00:00,,,,0.0,5,0.0,0.0
2024-04-08 00:00:00+00:00,,,,0.0,2,0.0,0.0
2024-04-09 00:00:00+00:00,,,,0.0,2,0.0,0.0
2024-04-10 00:00:00+00:00,,,,0.0,2,0.0,0.0
2024-04-11 00:00:00+00:00,,,,0.0,2,0.0,0.0
2024-04-12 00:00:00+00:00,,,,0.0,2,0.0,0.0
2024-04-13 00:00:00+00:00,,,,0.0,2,0.0,0.0
2024-04-14 00:00:00+00:00,,,,0.0,2,0.0,0.0
2024-04-15 00:00:00+00:00,,,,0.0,25,0.0,0.0
2024-04-16 00:00:00+00:00,,,,0.0,25,0.0,0.0
2024-04-17 00:00:00+00:00,,,,0.0,23,0.0,0.0
2024-04-18 00:00:00+00:00,,,,0.0,23,0.0,0.0
2024-04-19 00:00:00+00:00,,,,0.0,23,0.0,0.0
2024-04-20 00:00:00+00:00,,,,0.0,6,0.0,0.0
2024-04-21 00:00:00+00:00,,,,0.0,6,0.0,0.0
2024-04-22 00:00:00+00:00,,,,0.0,6,0.0,0.0
2024-04-23 00:00:00+00:00,,,,0.0,6,0.0,0.0
2024-04-24 00:00:00+00:00,,,,0.0,6,0.0,0.0
2024-04-25 00:00:00+00:00,,,,0.0,6,0.0,0.0
2024-04-26 00:00:00+00:00,,,,0.0,6,0.0,0.0
2024-04-27 00:00:00+00:00,,,,0.0,1,0.0,0.0
2024-04-28 00:00:00+00:00,,,,0.0,1,0.0,0.0
2024-04-29 00:00:00+00:00,,,,0.0,4,0.0,0.0
2024-04-30 00:00:00+00:00,,,,0.0,26,0.0,0.0
2024-05-01 00:00:00+00:00,,,,0.0,511,0.0,0.0
2024-05-02 00:00:00+00:00,0.0,9.999999974752427e-07,0.0,9.999999974752427e-07,119,0.0,0.0
2024-05-03 00:00:00+00:00,9.999999974752427e-07,9.999999974752427e-07,9.999999974752427e-07,9.999999974752427e-07,16,0.0,0.0
2024-05-04 00:00:00+00:00,,,,0.0,4,0.0,0.0
2024-05-05 00:00:00+00:00,,,,0.0,3,0.0,0.0
2024-05-06 00:00:00+00:00,,,,0.0,38,0.0,0.0
2024-05-07 00:00:00+00:00,,,,0.0,38,0.0,0.0
2024-05-08 00:00:00+00:00,,,,0.0,64,0.0,0.0
2024-05-09 00:00:00+00:00,,,,0.0,29,0.0,0.0
2024-05-10 00:00:00+00:00,,,,0.0,53,0.0,0.0
2024-05-11 00:00:00+00:00,,,,0.0,29,0.0,0.0
2024-05-12 00:00:00+00:00,,,,0.0,29,0.0,0.0
2024-05-13 00:00:00+00:00,,,,0.0,29,0.0,0.0
2024-05-14 00:00:00+00:00,,,,0.0,29,0.0,0.0
2024-05-15 00:00:00+00:00,,,,0.0,29,0.0,0.0
2024-05-16 00:00:00+00:00,,,,0.0,69,0.0,0.0
2024-05-17 00:00:00+00:00,,,,0.0,29,0.0,0.0
2024-05-18 00:00:00+00:00,,,,0.0,29,0.0,0.0
2024-05-19 00:00:00+00:00,,,,0.0,29,0.0,0.0
2024-05-20 00:00:00+00:00,,,,0.0,29,0.0,0.0
2024-05-21 00:00:00+00:00,,,,0.0,29,0.0,0.0
2024-05-22 00:00:00+00:00,,,,0.0,10,0.0,0.0
2024-05-23 00:00:00+00:00,,,,0.0,14,0.0,0.0
2024-05-24 00:00:00+00:00,,,,0.0,14,0.0,0.0
2024-05-25 00:00:00+00:00,,,,0.0,3,0.0,0.0
2024-05-26 00:00:00+00:00,,,,0.0,8,0.0,0.0
2024-05-27 00:00:00+00:00,0.0,9.999999974752427e-07,0.0,9.999999974752427e-07,11,0.0,0.0
2024-05-28 00:00:00+00:00,9.999999974752427e-07,9.999999974752427e-07,9.999999974752427e-07,9.999999974752427e-07,11,0.0,0.0
2024-05-29 00:00:00+00:00,9.999999974752427e-07,9.999999974752427e-07,9.999999974752427e-07,9.999999974752427e-07,11,0.0,0.0
2024-05-30 00:00:00+00:00,9.999999974752427e-07,9.999999974752427e-07,9.999999974752427e-07,9.999999974752427e-07,11,0.0,0.0
2024-05-31 00:00:00+00:00,9.999999974752427e-07,9.999999974752427e-07,9.999999974752427e-07,9.999999974752427e-07,11,0.0,0.0
2024-06-01 00:00:00+00:00,9.999999974752427e-07,9.999999974752427e-07,9.999999974752427e-07,9.999999974752427e-07,11,0.0,0.0
2024-06-02 00:00:00+00:00,9.999999974752427e-07,9.999999974752427e-07,0.0,9.999999974752427e-07,82,0.0,0.0
2024-06-03 00:00:00+00:00,9.999999974752427e-07,9.999999974752427e-07,9.999999974752427e-07,9.999999974752427e-07,11,0.0,0.0
2024-06-04 00:00:00+00:00,,,,0.0,5,0.0,0.0
2024-06-05 00:00:00+00:00,,,,0.0,3,0.0,0.0
2024-06-06 00:00:00+00:00,0.0,9.999999974752427e-07,0.0,9.999999974752427e-07,50,0.0,0.0
2024-06-07 00:00:00+00:00,,,,0.0,1,0.0,0.0
2024-06-08 00:00:00+00:00,,,,0.0,1,0.0,0.0
2024-06-09 00:00:00+00:00,,,,0.0,1,0.0,0.0
2024-06-10 00:00:00+00:00,0.0,9.999999974752427e-07,0.0,9.999999974752427e-07,3,0.0,0.0
2024-06-11 00:00:00+00:00,,,,0.0,24,0.0,0.0
2024-06-12 00:00:00+00:00,,,,0.0,6,0.0,0.0
2024-06-13 00:00:00+00:00,,,,0.0,6,0.0,0.0
2024-06-14 00:00:00+00:00,,,,0.0,6,0.0,0.0
2024-06-15 00:00:00+00:00,,,,0.0,6,0.0,0.0
2024-06-16 00:00:00+00:00,,,,0.0,6,0.0,0.0
2024-06-17 00:00:00+00:00,,,,0.0,6,0.0,0.0
2024-06-18 00:00:00+00:00,,,,0.0,6,0.0,0.0
2024-06-19 00:00:00+00:00,,,,0.0,6,0.0,0.0
2024-06-20 00:00:00+00:00,,,,0.0,6,0.0,0.0
2024-06-21 00:00:00+00:00,,,,0.0,9,0.0,0.0
2024-06-22 00:00:00+00:00,,,,0.0,6,0.0,0.0
2024-06-23 00:00:00+00:00,,,,0.0,6,0.0,0.0
2024-06-24 00:00:00+00:00,,,,0.0,6,0.0,0.0
2024-06-25 00:00:00+00:00,,,,0.0,6,0.0,0.0
2024-06-26 00:00:00+00:00,,,,0.0,6,0.0,0.0
2024-06-27 00:00:00+00:00,,,,0.0,6,0.0,0.0
2024-06-28 00:00:00+00:00,,,,0.0,6,0.0,0.0
2024-06-29 00:00:00+00:00,,,,0.0,6,0.0,0.0
2024-06-30 00:00:00+00:00,,,,0.0,6,0.0,0.0
2024-07-01 00:00:00+00:00,,,,0.0,6,0.0,0.0
2024-07-02 00:00:00+00:00,,,,0.0,6,0.0,0.0
2024-07-03 00:00:00+00:00,,,,0.0,6,0.0,0.0
2024-07-04 00:00:00+00:00,,,,0.0,6,0.0,0.0
2024-07-05 00:00:00+00:00,,,,0.0,6,0.0,0.0
2024-07-06 00:00:00+00:00,,,,0.0,6,0.0,0.0
2024-07-07 00:00:00+00:00,,,,0.0,6,0.0,0.0
2024-07-08 00:00:00+00:00,,,,0.0,6,0.0,0.0
2024-07-09 00:00:00+00:00,,,,0.0,6,0.0,0.0
2024-07-10 00:00:00+00:00,,,,0.0,6,0.0,0.0
2024-07-11 00:00:00+00:00,,,,0.0,6,0.0,0.0
2024-07-12 00:00:00+00:00,,,,0.0,6,0.0,0.0
2024-07-13 00:00:00+00:00,,,,0.0,2,0.0,0.0
2024-07-14 00:00:00+00:00,,,,0.0,2,0.0,0.0
2024-07-15 00:00:00+00:00,,,,0.0,7,0.0,0.0
2024-07-16 00:00:00+00:00,,,,0.0,8,0.0,0.0
2024-07-17 00:00:00+00:00,,,,0.0,8,0.0,0.0
2024-07-18 00:00:00+00:00,,,,0.0,8,0.0,0.0
2024-07-19 00:00:00+00:00,,,,0.0,18,0.0,0.0
2024-07-20 00:00:00+00:00,,,,0.0,18,0.0,0.0
2024-07-21 00:00:00+00:00,,,,0.0,18,0.0,0.0
2024-07-22 00:00:00+00:00,,,,0.0,18,0.0,0.0
2024-07-23 00:00:00+00:00,,,,0.0,18,0.0,0.0
2024-07-24 00:00:00+00:00,,,,0.0,18,0.0,0.0
2024-07-25 00:00:00+00:00,,,,0.0,18,0.0,0.0
2024-07-26 00:00:00+00:00,,,,0.0,18,0.0,0.0
2024-07-27 00:00:00+00:00,,,,0.0,18,0.0,0.0
2024-07-28 00:00:00+00:00,,,,0.0,18,0.0,0.0
2024-07-29 00:00:00+00:00,,,,0.0,18,0.0,0.0
2024-07-30 00:00:00+00:00,,,,0.0,18,0.0,0.0
2024-07-31 00:00:00+00:00,,,,0.0,18,0.0,0.0
2024-08-01 00:00:00+00:00,,,,0.0,18,0.0,0.0
2024-08-02 00:00:00+00:00,,,,0.0,18,0.0,0.0
2024-08-03 00:00:00+00:00,,,,0.0,18,0.0,0.0
2024-08-04 00:00:00+00:00,,,,0.0,18,0.0,0.0
2024-08-05 00:00:00+00:00,,,,0.0,18,0.0,0.0
2024-08-06 00:00:00+00:00,,,,0.0,18,0.0,0.0
2024-08-07 00:00:00+00:00,,,,0.0,18,0.0,0.0
2024-08-08 00:00:00+00:00,,,,0.0,18,0.0,0.0
2024-08-09 00:00:00+00:00,,,,0.0,2,0.0,0.0
2024-08-10 00:00:00+00:00,,,,0.0,2,0.0,0.0
2024-08-11 00:00:00+00:00,,,,0.0,2,0.0,0.0
2024-08-12 00:00:00+00:00,,,,0.0,2,0.0,0.0
2024-08-13 00:00:00+00:00,,,,0.0,20,0.0,0.0
2024-08-14 00:00:00+00:00,,,,0.0,20,0.0,0.0
2024-08-15 00:00:00+00:00,,,,0.0,7,0.0,0.0
2024-08-16 00:00:00+00:00,,,,0.0,7,0.0,0.0
2024-08-17 00:00:00+00:00,,,,0.0,7,0.0,0.0
2024-08-18 00:00:00+00:00,,,,0.0,7,0.0,0.0
2024-08-19 00:00:00+00:00,,,,0.0,3,0.0,0.0
2024-08-20 00:00:00+00:00,,,,0.0,3,0.0,0.0
2024-08-21 00:00:00+00:00,,,,0.0,3,0.0,0.0
2024-08-22 00:00:00+00:00,,,,0.0,3,0.0,0.0
2024-08-23 00:00:00+00:00,,,,0.0,3,0.0,0.0
2024-08-24 00:00:00+00:00,,,,0.0,3,0.0,0.0
2024-08-25 00:00:00+00:00,,,,0.0,3,0.0,0.0
2024-08-26 00:00:00+00:00,,,,0.0,3,0.0,0.0
2024-08-27 00:00:00+00:00,,,,0.0,14,0.0,0.0
2024-08-28 00:00:00+00:00,,,,0.0,14,0.0,0.0
2024-08-29 00:00:00+00:00,,,,0.0,14,0.0,0.0
2024-08-30 00:00:00+00:00,,,,0.0,14,0.0,0.0
2024-08-31 00:00:00+00:00,,,,0.0,1,0.0,0.0
2024-09-01 00:00:00+00:00,,,,0.0,32,0.0,0.0
2024-09-02 00:00:00+00:00,,,,0.0,85,0.0,0.0
2024-09-03 00:00:00+00:00,,,,0.0,85,0.0,0.0
2024-09-04 00:00:00+00:00,,,,0.0,85,0.0,0.0
2024-09-05 00:00:00+00:00,,,,0.0,85,0.0,0.0
2024-09-06 00:00:00+00:00,,,,0.0,25,0.0,0.0
2024-09-09 00:00:00+00:00,,,,0.0,7,0.0,0.0
2024-09-10 00:00:00+00:00,,,,0.0,7,0.0,0.0
2024-09-11 00:00:00+00:00,,,,0.0,53,0.0,0.0
2024-09-12 00:00:00+00:00,,,,0.0,64,0.0,0.0
2024-09-13 00:00:00+00:00,,,,0.0,28,0.0,0.0
2024-09-14 00:00:00+00:00,,,,0.0,15,0.0,0.0
2024-09-15 00:00:00+00:00,,,,0.0,2,0.0,0.0
2024-09-16 00:00:00+00:00,,,,0.0,2,0.0,0.0
2024-09-17 00:00:00+00:00,,,,0.0,18,0.0,0.0
2024-09-18 00:00:00+00:00,,,,0.0,18,0.0,0.0
2024-09-19 00:00:00+00:00,,,,0.0,18,0.0,0.0
2024-09-20 00:00:00+00:00,,,,0.0,18,0.0,0.0
2024-09-21 00:00:00+00:00,,,,0.0,18,0.0,0.0
2024-09-22 00:00:00+00:00,,,,0.0,18,0.0,0.0
2024-09-23 00:00:00+00:00,,,,0.0,51,0.0,0.0
2024-09-24 00:00:00+00:00,,,,0.0,109,0.0,0.0
2024-09-25 00:00:00+00:00,,,,0.0,38,0.0,0.0
2024-09-26 00:00:00+00:00,,,,0.0,124,0.0,0.0
2024-09-27 00:00:00+00:00,,,,0.0,38,0.0,0.0
2024-09-28 00:00:00+00:00,,,,0.0,38,0.0,0.0
2024-09-29 00:00:00+00:00,,,,0.0,38,0.0,0.0
2024-09-30 00:00:00+00:00,,,,0.0,38,0.0,0.0
2024-10-01 00:00:00+00:00,,,,0.0,38,0.0,0.0
2024-10-02 00:00:00+00:00,,,,0.0,38,0.0,0.0
2024-10-03 00:00:00+00:00,,,,0.0,38,0.0,0.0
2024-10-04 00:00:00+00:00,,,,0.0,38,0.0,0.0
2024-10-05 00:00:00+00:00,,,,0.0,38,0.0,0.0
2024-10-06 00:00:00+00:00,,,,0.0,38,0.0,0.0
2024-10-07 00:00:00+00:00,,,,0.0,38,0.0,0.0
2024-10-08 00:00:00+00:00,,,,0.0,38,0.0,0.0
2024-10-09 00:00:00+00:00,,,,0.0,44,0.0,0.0
2024-10-10 00:00:00+00:00,,,,0.0,38,0.0,0.0
2024-10-11 00:00:00+00:00,,,,0.0,38,0.0,0.0
2024-10-12 00:00:00+00:00,,,,0.0,38,0.0,0.0
2024-10-13 00:00:00+00:00,,,,0.0,12,0.0,0.0
2024-10-14 00:00:00+00:00,,,,0.0,15,0.0,0.0
2024-10-15 00:00:00+00:00,,,,0.0,15,0.0,0.0
2024-10-16 00:00:00+00:00,,,,0.0,15,0.0,0.0
2024-10-17 00:00:00+00:00,,,,0.0,15,0.0,0.0
2024-10-18 00:00:00+00:00,,,,0.0,15,0.0,0.0
2024-10-19 00:00:00+00:00,,,,0.0,10,0.0,0.0
2024-10-20 00:00:00+00:00,,,,0.0,10,0.0,0.0
2024-10-21 00:00:00+00:00,,,,0.0,10,0.0,0.0
2024-10-22 00:00:00+00:00,,,,0.0,10,0.0,0.0
2024-10-23 00:00:00+00:00,,,,0.0,10,0.0,0.0
2024-10-24 00:00:00+00:00,,,,0.0,10,0.0,0.0
2024-10-25 00:00:00+00:00,,,,0.0,5,0.0,0.0
2024-10-26 00:00:00+00:00,,,,0.0,10,0.0,0.0
2024-10-27 00:00:00+00:00,,,,0.0,17,0.0,0.0
2024-10-28 00:00:00+00:00,,,,0.0,17,0.0,0.0
2024-10-29 00:00:00+00:00,,,,0.0,17,0.0,0.0
2024-10-30 00:00:00+00:00,,,,0.0,17,0.0,0.0
2024-10-31 00:00:00+00:00,,,,0.0,17,0.0,0.0
2024-11-01 00:00:00+00:00,,,,0.0,17,0.0,0.0
2024-11-02 00:00:00+00:00,,,,0.0,17,0.0,0.0
2024-11-03 00:00:00+00:00,,,,0.0,17,0.0,0.0
2024-11-04 00:00:00+00:00,,,,0.0,17,0.0,0.0
2024-11-05 00:00:00+00:00,,,,0.0,17,0.0,0.0
2024-11-06 00:00:00+00:00,,,,0.0,17,0.0,0.0
2024-11-07 00:00:00+00:00,,,,0.0,17,0.0,0.0
2024-11-08 00:00:00+00:00,,,,0.0,17,0.0,0.0
2024-11-09 00:00:00+00:00,,,,0.0,17,0.0,0.0
2024-11-10 00:00:00+00:00,,,,0.0,17,0.0,0.0
2024-11-11 00:00:00+00:00,,,,0.0,17,0.0,0.0
2024-11-12 00:00:00+00:00,,,,0.0,17,0.0,0.0
2024-11-13 00:00:00+00:00,,,,0.0,17,0.0,0.0
2024-11-14 00:00:00+00:00,,,,0.0,17,0.0,0.0
2024-11-15 00:00:00+00:00,,,,0.0,17,0.0,0.0
2024-11-16 00:00:00+00:00,,,,0.0,17,0.0,0.0
2024-11-17 00:00:00+00:00,,,,0.0,4,0.0,0.0
2024-11-18 00:00:00+00:00,,,,0.0,4,0.0,0.0
2024-11-19 00:00:00+00:00,,,,0.0,4,0.0,0.0
2024-11-20 00:00:00+00:00,,,,0.0,4,0.0,0.0
2024-11-21 00:00:00+00:00,,,,0.0,4,0.0,0.0
2024-11-22 00:00:00+00:00,,,,0.0,10,0.0,0.0
2024-11-23 00:00:00+00:00,,,,0.0,10,0.0,0.0
2024-11-24 00:00:00+00:00,,,,0.0,10,0.0,0.0
2024-11-25 00:00:00+00:00,,,,0.0,1,0.0,0.0
2024-11-26 00:00:00+00:00,,,,0.0,1,0.0,0.0
2024-11-27 00:00:00+00:00,,,,0.0,1,0.0,0.0
2024-11-28 00:00:00+00:00,,,,0.0,103,0.0,0.0
2024-11-29 00:00:00+00:00,,,,0.0,103,0.0,0.0
2024-11-30 00:00:00+00:00,,,,0.0,103,0.0,0.0
2024-12-01 00:00:00+00:00,,,,0.0,2,0.0,0.0
2024-12-02 00:00:00+00:00,,,,0.0,2,0.0,0.0
2024-12-03 00:00:00+00:00,,,,0.0,6,0.0,0.0
2024-12-04 00:00:00+00:00,,,,0.0,6,0.0,0.0
2024-12-05 00:00:00+00:00,,,,0.0,50,0.0,0.0
2024-12-06 00:00:00+00:00,,,,0.0,50,0.0,0.0
2024-12-07 00:00:00+00:00,,,,0.0,50,0.0,0.0
2024-12-08 00:00:00+00:00,,,,0.0,1,0.0,0.0
2024-12-09 00:00:00+00:00,,,,0.0,1,0.0,0.0
2024-12-10 00:00:00+00:00,,,,0.0,1,0.0,0.0
2024-12-11 00:00:00+00:00,,,,0.0,1,0.0,0.0
2024-12-12 00:00:00+00:00,,,,0.0,1,0.0,0.0
2024-12-13 00:00:00+00:00,,,,0.0,1,0.0,0.0
2024-12-14 00:00:00+00:00,,,,0.0,33,0.0,0.0
2024-12-15 00:00:00+00:00,,,,0.0,33,0.0,0.0
2024-12-16 00:00:00+00:00,,,,0.0,33,0.0,0.0
2024-12-17 00:00:00+00:00,,,,0.0,2,0.0,0.0
2024-12-18 00:00:00+00:00,,,,0.0,2,0.0,0.0
2024-12-19 00:00:00+00:00,,,,0.0,2,0.0,0.0
2024-12-20 00:00:00+00:00,,,,0.0,33,0.0,0.0
2024-12-21 00:00:00+00:00,,,,0.0,2,0.0,0.0
2024-12-22 00:00:00+00:00,,,,0.0,2,0.0,0.0
2024-12-23 00:00:00+00:00,,,,0.0,2,0.0,0.0
2024-12-24 00:00:00+00:00,,,,0.0,2,0.0,0.0
2024-12-25 00:00:00+00:00,,,,0.0,2,0.0,0.0
2024-12-26 00:00:00+00:00,,,,0.0,3,0.0,0.0
2024-12-27 00:00:00+00:00,,,,0.0,3,0.0,0.0
2024-12-28 00:00:00+00:00,,,,0.0,2,0.0,0.0
2024-12-29 00:00:00+00:00,,,,0.0,2,0.0,0.0
2024-12-30 00:00:00+00:00,,,,0.0,2,0.0,0.0
2024-12-31 00:00:00+00:00,,,,0.0,2,0.0,0.0
2025-01-01 00:00:00+00:00,,,,0.0,2,0.0,0.0
2025-01-02 00:00:00+00:00,,,,0.0,2,0.0,0.0
2025-01-03 00:00:00+00:00,,,,0.0,2,0.0,0.0
2025-01-04 00:00:00+00:00,,,,0.0,2,0.0,0.0
2025-01-05 00:00:00+00:00,,,,0.0,2,0.0,0.0
2025-01-06 00:00:00+00:00,,,,0.0,234,0.0,0.0
2025-01-07 00:00:00+00:00,,,,0.0,67,0.0,0.0
2025-01-08 00:00:00+00:00,,,,0.0,67,0.0,0.0
2025-01-09 00:00:00+00:00,,,,0.0,64,0.0,0.0
2025-01-10 00:00:00+00:00,,,,0.0,140,0.0,0.0
2025-01-11 00:00:00+00:00,,,,0.0,6,0.0,0.0
2025-01-12 00:00:00+00:00,,,,0.0,5,0.0,0.0
2025-01-13 00:00:00+00:00,,,,0.0,60,0.0,0.0
2025-01-14 00:00:00+00:00,,,,0.0,91,0.0,0.0
2025-01-15 00:00:00+00:00,,,,0.0,50,0.0,0.0
2025-01-16 00:00:00+00:00,,,,0.0,50,0.0,0.0
2025-01-17 00:00:00+00:00,,,,0.0,1,0.0,0.0
2025-01-18 00:00:00+00:00,,,,0.0,1,0.0,0.0
2025-01-19 00:00:00+00:00,,,,0.0,1,0.0,0.0
2025-01-20 00:00:00+00:00,,,,0.0,3,0.0,0.0
2025-01-21 00:00:00+00:00,,,,0.0,3,0.0,0.0
2025-01-22 00:00:00+00:00,,,,0.0,3,0.0,0.0
2025-01-23 00:00:00+00:00,,,,0.0,3,0.0,0.0
2025-01-24 00:00:00+00:00,,,,0.0,5,0.0,0.0
2025-01-25 00:00:00+00:00,,,,0.0,16,0.0,0.0
2025-01-26 00:00:00+00:00,,,,0.0,8,0.0,0.0
2025-01-27 00:00:00+00:00,,,,0.0,8,0.0,0.0
2025-01-28 00:00:00+00:00,,,,0.0,8,0.0,0.0
2025-01-29 00:00:00+00:00,,,,0.0,8,0.0,0.0
2025-01-30 00:00:00+00:00,,,,0.0,8,0.0,0.0
2025-01-31 00:00:00+00:00,,,,0.0,10,0.0,0.0
2025-02-01 00:00:00+00:00,,,,0.0,10,0.0,0.0
2025-02-02 00:00:00+00:00,,,,0.0,12,0.0,0.0
2025-02-03 00:00:00+00:00,,,,0.0,12,0.0,0.0
2025-02-04 00:00:00+00:00,,,,0.0,12,0.0,0.0
2025-02-05 00:00:00+00:00,,,,0.0,50,0.0,0.0
2025-02-06 00:00:00+00:00,,,,0.0,50,0.0,0.0
2025-02-07 00:00:00+00:00,,,,0.0,6,0.0,0.0
2025-02-08 00:00:00+00:00,,,,0.0,6,0.0,0.0
2025-02-09 00:00:00+00:00,,,,0.0,6,0.0,0.0
2025-02-10 00:00:00+00:00,,,,0.0,12,0.0,0.0
2025-02-11 00:00:00+00:00,,,,0.0,16,0.0,0.0
2025-02-12 00:00:00+00:00,,,,0.0,32,0.0,0.0
2025-02-13 00:00:00+00:00,,,,0.0,1,0.0,0.0
2025-02-14 00:00:00+00:00,,,,0.0,6,0.0,0.0
2025-02-15 00:00:00+00:00,,,,0.0,10,0.0,0.0
2025-02-16 00:00:00+00:00,,,,0.0,5,0.0,0.0
2025-02-17 00:00:00+00:00,,,,0.0,5,0.0,0.0
2025-02-18 00:00:00+00:00,,,,0.0,5,0.0,0.0
2025-02-19 00:00:00+00:00,,,,0.0,5,0.0,0.0
2025-02-20 00:00:00+00:00,,,,0.0,5,0.0,0.0
2025-02-21 00:00:00+00:00,,,,0.0,5,0.0,0.0
2025-02-22 00:00:00+00:00,,,,0.0,5,0.0,0.0
2025-02-23 00:00:00+00:00,,,,0.0,5,0.0,0.0
2025-02-24 00:00:00+00:00,,,,0.0,5,0.0,0.0
2025-02-25 00:00:00+00:00,,,,0.0,5,0.0,0.0
2025-02-26 00:00:00+00:00,,,,0.0,5,0.0,0.0
2025-02-27 00:00:00+00:00,,,,0.0,5,0.0,0.0
2025-02-28 00:00:00+00:00,,,,0.0,5,0.0,0.0
2025-03-01 00:00:00+00:00,,,,0.0,5,0.0,0.0
2025-03-02 00:00:00+00:00,,,,0.0,5,0.0,0.0
2025-03-03 00:00:00+00:00,,,,0.0,5,0.0,0.0
2025-03-04 00:00:00+00:00,,,,0.0,5,0.0,0.0
2025-03-05 00:00:00+00:00,,,,0.0,5,0.0,0.0
2025-03-06 00:00:00+00:00,,,,0.0,5,0.0,0.0
2025-03-07 00:00:00+00:00,,,,0.0,5,0.0,0.0
2025-03-08 00:00:00+00:00,,,,0.0,25,0.0,0.0
2025-03-09 00:00:00+00:00,,,,0.0,3,0.0,0.0
2025-03-10 00:00:00+00:00,,,,0.0,3,0.0,0.0
2025-03-11 00:00:00+00:00,,,,0.0,3,0.0,0.0
2025-03-12 00:00:00+00:00,,,,0.0,3,0.0,0.0
2025-03-13 00:00:00+00:00,,,,0.0,1,0.0,0.0
2025-03-14 00:00:00+00:00,,,,0.0,1,0.0,0.0
2025-03-15 00:00:00+00:00,,,,0.0,6,0.0,0.0
2025-03-16 00:00:00+00:00,,,,0.0,1,0.0,0.0
2025-03-17 00:00:00+00:00,,,,0.0,1,0.0,0.0
2025-03-18 00:00:00+00:00,,,,0.0,1,0.0,0.0
2025-03-19 00:00:00+00:00,,,,0.0,2,0.0,0.0
2025-03-20 00:00:00+00:00,,,,0.0,2,0.0,0.0
2025-03-21 00:00:00+00:00,,,,0.0,2,0.0,0.0
2025-03-22 00:00:00+00:00,,,,0.0,8,0.0,0.0
2025-03-23 00:00:00+00:00,,,,0.0,13,0.0,0.0
2025-03-24 00:00:00+00:00,,,,0.0,13,0.0,0.0
2025-03-25 00:00:00+00:00,,,,0.0,1,0.0,0.0
2025-03-26 00:00:00+00:00,,,,0.0,1,0.0,0.0
2025-03-27 00:00:00+00:00,,,,0.0,1,0.0,0.0
2025-03-28 00:00:00+00:00,,,,0.0,1,0.0,0.0
2025-03-29 00:00:00+00:00,,,,0.0,1,0.0,0.0
2025-03-30 00:00:00+00:00,,,,0.0,4,0.0,0.0
2025-03-31 00:00:00+00:00,,,,0.0,3,0.0,0.0
2025-04-01 00:00:00+00:00,,,,0.0,3,0.0,0.0
2025-04-02 00:00:00+00:00,,,,0.0,3,0.0,0.0
2025-04-03 00:00:00+00:00,,,,0.0,3,0.0,0.0
2025-04-04 00:00:00+00:00,,,,0.0,3,0.0,0.0
2025-04-05 00:00:00+00:00,,,,0.0,3,0.0,0.0
2025-04-06 00:00:00+00:00,,,,0.0,3,0.0,0.0
2025-04-07 00:00:00+00:00,,,,0.0,3,0.0,0.0
2025-04-08 00:00:00+00:00,,,,0.0,4,0.0,0.0
2025-04-09 00:00:00+00:00,,,,0.0,4,0.0,0.0
2025-04-10 00:00:00+00:00,,,,0.0,12,0.0,0.0
2025-04-11 00:00:00+00:00,,,,0.0,12,0.0,0.0
2025-04-12 00:00:00+00:00,,,,0.0,12,0.0,0.0
2025-04-13 00:00:00+00:00,,,,0.0,12,0.0,0.0
2025-04-14 00:00:00+00:00,,,,0.0,2,0.0,0.0
2025-04-15 00:00:00+00:00,,,,0.0,2,0.0,0.0
2025-04-16 00:00:00+00:00,,,,0.0,2,0.0,0.0
2025-04-17 00:00:00+00:00,,,,0.0,2,0.0,0.0
2025-04-18 00:00:00+00:00,,,,0.0,2,0.0,0.0
2025-04-19 00:00:00+00:00,,,,0.0,2,0.0,0.0
2025-04-20 00:00:00+00:00,,,,0.0,2,0.0,0.0
2025-04-21 00:00:00+00:00,,,,0.0,15,0.0,0.0
2025-04-22 00:00:00+00:00,,,,0.0,15,0.0,0.0
2025-04-23 00:00:00+00:00,,,,0.0,15,0.0,0.0
2025-04-24 00:00:00+00:00,,,,0.0,6,0.0,0.0
2025-04-25 00:00:00+00:00,,,,0.0,6,0.0,0.0
2025-04-26 00:00:00+00:00,,,,0.0,6,0.0,0.0
2025-04-27 00:00:00+00:00,,,,0.0,6,0.0,0.0
2025-04-28 00:00:00+00:00,,,,0.0,6,0.0,0.0
2025-04-29 00:00:00+00:00,,,,0.0,6,0.0,0.0
2025-04-30 00:00:00+00:00,,,,0.0,6,0.0,0.0
2025-05-01 00:00:00+00:00,,,,0.0,6,0.0,0.0
2025-05-02 00:00:00+00:00,,,,0.0,6,0.0,0.0
2025-05-03 00:00:00+00:00,,,,0.0,6,0.0,0.0
2025-05-04 00:00:00+00:00,,,,0.0,2,0.0,0.0
2025-05-05 00:00:00+00:00,,,,0.0,2,0.0,0.0
2025-05-06 00:00:00+00:00,,,,0.0,2,0.0,0.0
2025-05-07 00:00:00+00:00,,,,0.0,1,0.0,0.0
2025-05-08 00:00:00+00:00,,,,0.0,1,0.0,0.0
2025-05-09 00:00:00+00:00,,,,0.0,7,0.0,0.0
2025-05-10 00:00:00+00:00,,,,0.0,7,0.0,0.0
2025-05-11 00:00:00+00:00,,,,0.0,7,0.0,0.0
2025-05-12 00:00:00+00:00,,,,0.0,7,0.0,0.0
2025-05-13 00:00:00+00:00,,,,0.0,1,0.0,0.0
2025-05-14 00:00:00+00:00,,,,0.0,1,0.0,0.0
2025-05-15 00:00:00+00:00,,,,0.0,1,0.0,0.0
2025-05-16 00:00:00+00:00,,,,0.0,1,0.0,0.0
2025-05-17 00:00:00+00:00,,,,0.0,7,0.0,0.0
2025-05-18 00:00:00+00:00,,,,0.0,7,0.0,0.0
2025-05-19 00:00:00+00:00,,,,0.0,7,0.0,0.0
2025-05-20 00:00:00+00:00,,,,0.0,7,0.0,0.0
2025-05-21 00:00:00+00:00,,,,0.0,1,0.0,0.0
2025-05-22 00:00:00+00:00,,,,0.0,1,0.0,0.0
2025-05-23 00:00:00+00:00,,,,0.0,1,0.0,0.0
2025-05-24 00:00:00+00:00,,,,0.0,1,0.0,0.0
2025-05-25 00:00:00+00:00,,,,0.0,1,0.0,0.0
2025-05-26 00:00:00+00:00,,,,0.0,1,0.0,0.0
2025-05-27 00:00:00+00:00,,,,0.0,1,0.0,0.0
2025-05-28 00:00:00+00:00,,,,0.0,1,0.0,0.0
2025-05-29 00:00:00+00:00,,,,0.0,1,0.0,0.0
2025-05-30 00:00:00+00:00,,,,0.0,1,0.0,0.0
2025-05-31 00:00:00+00:00,,,,0.0,70,0.0,0.0
2025-06-01 00:00:00+00:00,2.000796683887529e-08,4.202616210591259e-08,2.00030800812101e-08,4.2017234136437764e-08,92,0.0,0.0
