TIMESTAMP,NDC_OPEN_PRICE_USD,NDC_HIGH_PRICE_USD,NDC_LOW_PRICE_USD,NDC_CLOSE_PRICE_USD,NDC_VOLUME_USD,NDC_DIVIDENDS_USD,NDC_STOCK_SPLITS_USD
2024-09-18 00:00:00+00:00,1.2787909507751465,1.33029305934906,1.0801750421524048,1.3200429677963257,999073,0.0,0.0
2024-09-19 00:00:00+00:00,1.3200429677963257,1.5504499673843384,1.0456880331039429,1.3159270286560059,1011166,0.0,0.0
2024-09-20 00:00:00+00:00,1.3159270286560059,1.4204330444335938,1.2370820045471191,1.2642240524291992,278156,0.0,0.0
2024-09-21 00:00:00+00:00,1.2642240524291992,1.3301600217819214,1.1703970432281494,1.2290370464324951,131584,0.0,0.0
2024-09-22 00:00:00+00:00,1.2290370464324951,1.2304099798202515,1.090507984161377,1.1529749631881714,156801,0.0,0.0
2024-09-23 00:00:00+00:00,1.1529749631881714,1.218425989151001,1.0301140546798706,1.0555059909820557,225510,0.0,0.0
2024-09-24 00:00:00+00:00,1.0555059909820557,1.1136130094528198,0.9620230197906494,1.0137850046157837,178580,0.0,0.0
2024-09-25 00:00:00+00:00,1.0137850046157837,1.2799129486083984,0.9702039957046509,1.0741770267486572,187102,0.0,0.0
2024-09-26 00:00:00+00:00,1.0741770267486572,1.0934070348739624,1.0004860162734985,1.0172959566116333,199745,0.0,0.0
2024-09-27 00:00:00+00:00,1.0172959566116333,1.0601739883422852,0.9805930256843567,1.009948968887329,115680,0.0,0.0
2024-09-28 00:00:00+00:00,1.009948968887329,1.391875982284546,0.9971650242805481,1.3422290086746216,252024,0.0,0.0
2024-09-29 00:00:00+00:00,1.3422290086746216,1.35303795337677,1.2014110088348389,1.2426220178604126,125069,0.0,0.0
2024-09-30 00:00:00+00:00,1.2426220178604126,1.51944100856781,1.1601070165634155,1.399191975593567,295755,0.0,0.0
2024-10-01 00:00:00+00:00,1.399191975593567,1.6974300146102905,1.2812789678573608,1.3894569873809814,239223,0.0,0.0
2024-10-02 00:00:00+00:00,1.3894569873809814,1.489601969718933,1.2399979829788208,1.271846055984497,114343,0.0,0.0
2024-10-03 00:00:00+00:00,1.271846055984497,1.3398159742355347,1.2500189542770386,1.2711739540100098,81965,0.0,0.0
2024-10-04 00:00:00+00:00,1.2711739540100098,1.3990869522094727,1.250736951828003,1.2915819883346558,97901,0.0,0.0
2024-10-05 00:00:00+00:00,1.2915819883346558,1.3176939487457275,1.2761939764022827,1.3119210004806519,58003,0.0,0.0
2024-10-06 00:00:00+00:00,1.3119210004806519,1.3490420579910278,1.2506539821624756,1.2716809511184692,87654,0.0,0.0
2024-10-07 00:00:00+00:00,1.2716809511184692,1.3242299556732178,1.099876046180725,1.139665961265564,129342,0.0,0.0
2024-10-08 00:00:00+00:00,1.139665961265564,1.3992509841918945,1.0700149536132812,1.2824430465698242,150536,0.0,0.0
2024-10-09 00:00:00+00:00,1.2867989540100098,1.3318500518798828,1.1318060159683228,1.1399140357971191,101440,0.0,0.0
2024-10-10 00:00:00+00:00,1.1399140357971191,1.2006139755249023,1.1086479425430298,1.1478619575500488,102728,0.0,0.0
2024-10-11 00:00:00+00:00,1.1478619575500488,1.243770956993103,1.1166720390319824,1.2018530368804932,78432,0.0,0.0
2024-10-12 00:00:00+00:00,1.2018530368804932,1.2996439933776855,1.150028944015503,1.28302800655365,113069,0.0,0.0
2024-10-13 00:00:00+00:00,1.28302800655365,1.299617052078247,1.1703829765319824,1.2476849555969238,244876,0.0,0.0
2024-10-14 00:00:00+00:00,1.2476849555969238,1.2476849555969238,1.1317329406738281,1.1792550086975098,317926,0.0,0.0
2024-10-15 00:00:00+00:00,1.1792550086975098,1.1958889961242676,1.0010950565338135,1.1182700395584106,234546,0.0,0.0
2024-10-16 00:00:00+00:00,1.1182700395584106,1.139320969581604,1.031059980392456,1.0922280550003052,196365,0.0,0.0
2024-10-17 00:00:00+00:00,1.0922280550003052,1.1084870100021362,1.0713950395584106,1.0924830436706543,205242,0.0,0.0
2024-10-18 00:00:00+00:00,1.0924830436706543,1.1090320348739624,1.041720986366272,1.077206015586853,231000,0.0,0.0
2024-10-19 00:00:00+00:00,1.077206015586853,1.092481017112732,1.0599570274353027,1.0790380239486694,149685,0.0,0.0
2024-10-20 00:00:00+00:00,1.0790380239486694,1.086743950843811,0.9628490209579468,1.018563985824585,234685,0.0,0.0
2024-10-21 00:00:00+00:00,0.9775969982147217,1.1068589687347412,0.9775969982147217,1.0748670101165771,304820,0.0,0.0
2024-10-22 00:00:00+00:00,1.0748670101165771,1.0893290042877197,1.0075089931488037,1.0459760427474976,191516,0.0,0.0
2024-10-23 00:00:00+00:00,1.0459760427474976,1.083601951599121,1.0293190479278564,1.0451099872589111,132071,0.0,0.0
2024-10-24 00:00:00+00:00,1.05177903175354,1.0949980020523071,1.0131620168685913,1.03056800365448,74542,0.0,0.0
2024-10-25 00:00:00+00:00,1.0306190252304077,1.0644060373306274,1.0164560079574585,1.0243990421295166,93621,0.0,0.0
2024-10-26 00:00:00+00:00,1.0243990421295166,1.069242000579834,0.9955199956893921,1.0470219850540161,67947,0.0,0.0
2024-10-27 00:00:00+00:00,1.0470219850540161,1.0534100532531738,1.0098450183868408,1.0318260192871094,78535,0.0,0.0
2024-10-28 00:00:00+00:00,1.0318260192871094,1.0346729755401611,1.0100810527801514,1.0259929895401,134527,0.0,0.0
2024-10-29 00:00:00+00:00,1.0259929895401,1.0366580486297607,0.9882940053939819,0.9918810129165649,115463,0.0,0.0
2024-10-30 00:00:00+00:00,0.9918810129165649,1.0122120380401611,0.9599429965019226,0.9874160289764404,75313,0.0,0.0
2024-10-31 00:00:00+00:00,0.9874160289764404,0.9992560148239136,0.9629160165786743,0.9798949956893921,93067,0.0,0.0
2024-11-01 00:00:00+00:00,0.9798949956893921,1.14199697971344,0.9796910285949707,1.1052830219268799,251424,0.0,0.0
2024-11-02 00:00:00+00:00,1.1052830219268799,1.200538992881775,1.0291030406951904,1.1597529649734497,225048,0.0,0.0
2024-11-03 00:00:00+00:00,1.1597529649734497,1.1597529649734497,1.0051699876785278,1.0174230337142944,125117,0.0,0.0
2024-11-04 00:00:00+00:00,1.0174230337142944,1.0405490398406982,0.8869689702987671,0.8869689702987671,92675,0.0,0.0
2024-11-05 00:00:00+00:00,0.8869689702987671,1.0686429738998413,0.6454110145568848,1.0079059600830078,142082,0.0,0.0
2024-11-06 00:00:00+00:00,1.0079059600830078,1.0587589740753174,0.9624980092048645,1.033385992050171,139649,0.0,0.0
2024-11-07 00:00:00+00:00,1.0417540073394775,1.0420279502868652,0.834604024887085,0.9027109742164612,90406,0.0,0.0
2024-11-08 00:00:00+00:00,0.9272170066833496,0.9719110131263733,0.8785640001296997,0.9211360216140747,92963,0.0,0.0
2024-11-09 00:00:00+00:00,0.9211360216140747,0.947281002998352,0.8018450140953064,0.8279169797897339,68498,0.0,0.0
2024-11-10 00:00:00+00:00,0.8279169797897339,0.8886359930038452,0.7206689715385437,0.7606099843978882,136030,0.0,0.0
2024-11-11 00:00:00+00:00,0.7606099843978882,0.7910190224647522,0.6623929738998413,0.7331759929656982,133145,0.0,0.0
2024-11-12 00:00:00+00:00,0.7331759929656982,0.7885079979896545,0.6123549938201904,0.6882269978523254,105473,0.0,0.0
2024-11-13 00:00:00+00:00,0.6882269978523254,0.6997429728507996,0.5489510297775269,0.6219890117645264,94166,0.0,0.0
2024-11-14 00:00:00+00:00,0.6219890117645264,0.6466839909553528,0.49151599407196045,0.5753570199012756,65976,0.0,0.0
2024-11-15 00:00:00+00:00,0.5753570199012756,0.6092309951782227,0.4514800012111664,0.5572370290756226,53160,0.0,0.0
2024-11-16 00:00:00+00:00,0.554194986820221,0.5933219790458679,0.4170039892196655,0.4170039892196655,25632,0.0,0.0
2024-11-17 00:00:00+00:00,0.4170039892196655,0.4383690059185028,0.17002099752426147,0.26486098766326904,44976,0.0,0.0
2024-11-18 00:00:00+00:00,0.26486098766326904,0.34825000166893005,0.2200230062007904,0.28495100140571594,42624,0.0,0.0
2024-11-19 00:00:00+00:00,0.28495100140571594,0.3688510060310364,0.2619450092315674,0.32704299688339233,43367,0.0,0.0
2024-11-20 00:00:00+00:00,0.32704299688339233,0.3709779977798462,0.28589001297950745,0.3411349952220917,37652,0.0,0.0
2024-11-21 00:00:00+00:00,0.3411349952220917,0.5233610272407532,0.2965390086174011,0.435573011636734,59575,0.0,0.0
2024-11-22 00:00:00+00:00,0.435573011636734,0.6161879897117615,0.40786001086235046,0.41356900334358215,318756,0.0,0.0
2024-11-23 00:00:00+00:00,0.41356900334358215,0.6784600019454956,0.3527050018310547,0.5174919962882996,595745,0.0,0.0
2024-11-24 00:00:00+00:00,0.5174919962882996,0.604511022567749,0.45401498675346375,0.5999490022659302,296219,0.0,0.0
2024-11-25 00:00:00+00:00,0.5999490022659302,0.623553991317749,0.4298880100250244,0.45034700632095337,256672,0.0,0.0
2024-11-26 00:00:00+00:00,0.45034700632095337,0.47382500767707825,0.3843570053577423,0.43531501293182373,108710,0.0,0.0
2024-11-27 00:00:00+00:00,0.43531501293182373,0.45810601115226746,0.3601610064506531,0.362637996673584,204667,0.0,0.0
2024-11-28 00:00:00+00:00,0.362637996673584,0.39022400975227356,0.2968769967556,0.33764898777008057,204435,0.0,0.0
2024-11-29 00:00:00+00:00,0.33764898777008057,0.4361400008201599,0.31007900834083557,0.41227200627326965,316330,0.0,0.0
2024-11-30 00:00:00+00:00,0.41227200627326965,0.4347679913043976,0.3381730020046234,0.3803879916667938,153025,0.0,0.0
2024-12-01 00:00:00+00:00,0.3803879916667938,0.39737001061439514,0.3304229974746704,0.3823130130767822,246246,0.0,0.0
2024-12-02 00:00:00+00:00,0.3686090111732483,0.3775860071182251,0.2856369912624359,0.3072910010814667,255594,0.0,0.0
2024-12-03 00:00:00+00:00,0.3072910010814667,0.34288400411605835,0.25959500670433044,0.3308750092983246,238890,0.0,0.0
2024-12-04 00:00:00+00:00,0.3308750092983246,0.33449000120162964,0.2901709973812103,0.3028639853000641,207200,0.0,0.0
2024-12-05 00:00:00+00:00,0.3028639853000641,0.34860798716545105,0.288441002368927,0.3038550019264221,557814,0.0,0.0
2024-12-06 00:00:00+00:00,0.32654500007629395,0.329475998878479,0.2688220143318176,0.2809770107269287,254370,0.0,0.0
2024-12-07 00:00:00+00:00,0.2809770107269287,0.2944819927215576,0.26535800099372864,0.27082398533821106,165733,0.0,0.0
2024-12-08 00:00:00+00:00,0.27132201194763184,0.2791379988193512,0.24365699291229248,0.25204598903656006,208104,0.0,0.0
2024-12-09 00:00:00+00:00,0.2545979917049408,0.2545979917049408,0.17901499569416046,0.18277999758720398,268505,0.0,0.0
2024-12-10 00:00:00+00:00,0.18277999758720398,0.23114700615406036,0.1746329963207245,0.19861699640750885,192770,0.0,0.0
2024-12-11 00:00:00+00:00,0.19861699640750885,0.24989299476146698,0.19019000232219696,0.22702999413013458,210397,0.0,0.0
2024-12-12 00:00:00+00:00,0.22702999413013458,0.2602800130844116,0.1899549961090088,0.19401399791240692,188362,0.0,0.0
2024-12-13 00:00:00+00:00,0.19401399791240692,0.2092200070619583,0.02969999983906746,0.17331300675868988,199319,0.0,0.0
2024-12-14 00:00:00+00:00,0.17331300675868988,0.18107900023460388,0.08299999684095383,0.15126900374889374,195286,0.0,0.0
2024-12-15 00:00:00+00:00,0.15126900374889374,0.176364004611969,0.1455409973859787,0.16064000129699707,210830,0.0,0.0
2024-12-16 00:00:00+00:00,0.16064000129699707,0.1806820034980774,0.1455100029706955,0.14713700115680695,202110,0.0,0.0
2024-12-17 00:00:00+00:00,0.14713700115680695,0.17584499716758728,0.14713700115680695,0.15533000230789185,162427,0.0,0.0
2024-12-18 00:00:00+00:00,0.15533000230789185,0.15631599724292755,0.11092399805784225,0.12135499715805054,215916,0.0,0.0
2024-12-19 00:00:00+00:00,0.12135499715805054,0.14462700486183167,0.10060899704694748,0.11382900178432465,297035,0.0,0.0
2024-12-20 00:00:00+00:00,0.11382900178432465,0.11580199748277664,0.09900999814271927,0.10277300328016281,176888,0.0,0.0
2024-12-21 00:00:00+00:00,0.10277300328016281,0.10435300320386887,0.08487699925899506,0.08937100321054459,116660,0.0,0.0
2024-12-22 00:00:00+00:00,0.08937100321054459,0.09583199769258499,0.08652999997138977,0.09490499645471573,147069,0.0,0.0
2024-12-23 00:00:00+00:00,0.09490499645471573,0.11117000132799149,0.09490499645471573,0.10287400335073471,205499,0.0,0.0
2024-12-24 00:00:00+00:00,0.10287400335073471,0.10287400335073471,0.09233900159597397,0.09234300255775452,120294,0.0,0.0
2024-12-25 00:00:00+00:00,0.09234300255775452,0.10082399845123291,0.090829998254776,0.0958160012960434,109739,0.0,0.0
2024-12-26 00:00:00+00:00,0.0958160012960434,0.10611200332641602,0.08819899708032608,0.09099499881267548,178605,0.0,0.0
2024-12-27 00:00:00+00:00,0.09099499881267548,0.10340200364589691,0.08456700295209885,0.08618000149726868,141093,0.0,0.0
2024-12-28 00:00:00+00:00,0.08618000149726868,0.10371900349855423,0.07975900173187256,0.10141299664974213,163189,0.0,0.0
2024-12-29 00:00:00+00:00,0.10141299664974213,0.1015319973230362,0.09015700221061707,0.09431599825620651,181539,0.0,0.0
2024-12-30 00:00:00+00:00,0.09431599825620651,0.09520699828863144,0.09002500027418137,0.09302400052547455,206017,0.0,0.0
2024-12-31 00:00:00+00:00,0.09302400052547455,0.1481039971113205,0.08895500004291534,0.11686500161886215,192741,0.0,0.0
2025-01-01 00:00:00+00:00,0.11686500161886215,0.13150399923324585,0.09999000281095505,0.10077899694442749,126816,0.0,0.0
2025-01-02 00:00:00+00:00,0.10077899694442749,0.11625800281763077,0.09985200315713882,0.10280200093984604,224044,0.0,0.0
2025-01-03 00:00:00+00:00,0.10280200093984604,0.10471100360155106,0.07725100219249725,0.08436200022697449,180139,0.0,0.0
2025-01-04 00:00:00+00:00,0.08436200022697449,0.09668300300836563,0.0788780003786087,0.08820299804210663,159374,0.0,0.0
2025-01-05 00:00:00+00:00,0.08820299804210663,0.09138599783182144,0.08078300207853317,0.08288799971342087,190009,0.0,0.0
2025-01-06 00:00:00+00:00,0.08288799971342087,0.11203700304031372,0.07227300107479095,0.08203600347042084,253953,0.0,0.0
2025-01-07 00:00:00+00:00,0.08203600347042084,0.08491600304841995,0.055364999920129776,0.06229199841618538,161026,0.0,0.0
2025-01-08 00:00:00+00:00,0.06229199841618538,0.06840000301599503,0.05358099937438965,0.053989000618457794,153041,0.0,0.0
2025-01-09 00:00:00+00:00,0.053989000618457794,0.05898699909448624,0.05247500166296959,0.05399300158023834,184773,0.0,0.0
2025-01-10 00:00:00+00:00,0.05399300158023834,0.05812299996614456,0.05309699848294258,0.05761599913239479,178059,0.0,0.0
2025-01-11 00:00:00+00:00,0.05761599913239479,0.05907199904322624,0.054478999227285385,0.05818499997258186,136769,0.0,0.0
2025-01-12 00:00:00+00:00,0.05818499997258186,0.058479998260736465,0.04667200148105621,0.048973001539707184,259291,0.0,0.0
2025-01-13 00:00:00+00:00,0.048973001539707184,0.05317699909210205,0.03167299926280975,0.03428500145673752,316456,0.0,0.0
2025-01-14 00:00:00+00:00,0.03428500145673752,0.044192999601364136,0.03409599885344505,0.04188700020313263,240184,0.0,0.0
2025-01-15 00:00:00+00:00,0.04188700020313263,0.042288001626729965,0.03918499872088432,0.042100999504327774,252416,0.0,0.0
2025-01-16 00:00:00+00:00,0.042100999504327774,0.04749400168657303,0.038690000772476196,0.045593999326229095,243405,0.0,0.0
2025-01-17 00:00:00+00:00,0.045593999326229095,0.0805009976029396,0.039097998291254044,0.06892099976539612,392968,0.0,0.0
2025-01-18 00:00:00+00:00,0.06892099976539612,0.06892099976539612,0.049844998866319656,0.05084799975156784,163007,0.0,0.0
2025-01-19 00:00:00+00:00,0.05084799975156784,0.06262499839067459,0.040957000106573105,0.04576899856328964,92591,0.0,0.0
2025-01-20 00:00:00+00:00,0.04576899856328964,0.049855999648571014,0.03496500104665756,0.03556299954652786,5726,0.0,0.0
2025-01-21 00:00:00+00:00,0.03556299954652786,0.044089000672101974,0.031957998871803284,0.04010099917650223,3895,0.0,0.0
2025-01-22 00:00:00+00:00,0.04010099917650223,0.041404999792575836,0.036194998770952225,0.03949299827218056,398,0.0,0.0
2025-01-23 00:00:00+00:00,0.03949299827218056,0.03959399834275246,0.01879199966788292,0.020803000777959824,6010,0.0,0.0
2025-01-24 00:00:00+00:00,0.020803000777959824,0.027999000623822212,0.01600099913775921,0.01999500021338463,6104,0.0,0.0
2025-01-25 00:00:00+00:00,0.01999500021338463,0.01999500021338463,0.009998000226914883,0.012497999705374241,13920,0.0,0.0
2025-01-26 00:00:00+00:00,0.012497999705374241,0.012497999705374241,0.005799000151455402,0.006897999905049801,6315,0.0,0.0
2025-01-27 00:00:00+00:00,0.006897999905049801,0.007797999773174524,0.004097000230103731,0.005900000222027302,2690,0.0,0.0
2025-01-28 00:00:00+00:00,0.005900000222027302,0.022998999804258347,0.004898999817669392,0.008495000191032887,8758,0.0,0.0
2025-01-29 00:00:00+00:00,0.008495000191032887,0.01599700003862381,0.008495000191032887,0.010699000209569931,4511,0.0,0.0
2025-01-30 00:00:00+00:00,0.010699000209569931,0.01080199982970953,0.009109999984502792,0.010630999691784382,617,0.0,0.0
2025-01-31 00:00:00+00:00,0.010630999691784382,0.014778000302612782,0.00860000029206276,0.010987999849021435,1178,0.0,0.0
2025-02-01 00:00:00+00:00,0.010987999849021435,0.023694999516010284,0.010598000138998032,0.013429000042378902,7897,0.0,0.0
2025-02-02 00:00:00+00:00,0.013429000042378902,0.01999099925160408,0.010617000050842762,0.014154000207781792,4671,0.0,0.0
2025-02-03 00:00:00+00:00,0.014154000207781792,0.014154000207781792,0.011579999700188637,0.013202999718487263,1109,0.0,0.0
2025-02-04 00:00:00+00:00,0.013202999718487263,0.017613999545574188,0.011672000400722027,0.01360199972987175,820,0.0,0.0
2025-02-05 00:00:00+00:00,0.01360199972987175,0.013605999760329723,0.012138999998569489,0.012757999822497368,1095,0.0,0.0
2025-02-06 00:00:00+00:00,0.012757999822497368,0.014394000172615051,0.012005000375211239,0.012993000447750092,1042,0.0,0.0
2025-02-07 00:00:00+00:00,0.012993000447750092,0.013705999590456486,0.012490999884903431,0.013705000281333923,683,0.0,0.0
2025-02-08 00:00:00+00:00,0.013705000281333923,0.013710999861359596,0.012349000200629234,0.012602999806404114,257,0.0,0.0
2025-02-09 00:00:00+00:00,0.012602999806404114,0.013627000153064728,0.012601999565958977,0.012830999679863453,489,0.0,0.0
2025-02-10 00:00:00+00:00,0.012830999679863453,0.014702999964356422,0.012600000016391277,0.013012999668717384,1064,0.0,0.0
2025-02-11 00:00:00+00:00,0.013012999668717384,0.014813000336289406,0.013003000058233738,0.01309799961745739,627,0.0,0.0
2025-02-12 00:00:00+00:00,0.01309799961745739,0.015977999195456505,0.012144999578595161,0.013451999984681606,2529,0.0,0.0
2025-02-13 00:00:00+00:00,0.013451999984681606,0.024445999413728714,0.01344900019466877,0.015771999955177307,5711,0.0,0.0
2025-02-14 00:00:00+00:00,0.015771999955177307,0.045444998890161514,0.01566999964416027,0.03668000176548958,22717,0.0,0.0
2025-02-15 00:00:00+00:00,0.03668000176548958,0.04422200098633766,0.03568999841809273,0.04064499959349632,3677,0.0,0.0
2025-02-16 00:00:00+00:00,0.04064499959349632,0.042006999254226685,0.026260999962687492,0.031741999089717865,4613,0.0,0.0
2025-02-17 00:00:00+00:00,0.031741999089717865,0.042869001626968384,0.031279001384973526,0.03612900152802467,4302,0.0,0.0
2025-02-18 00:00:00+00:00,0.03612900152802467,0.05299000069499016,0.0361270010471344,0.04256400093436241,9335,0.0,0.0
2025-02-19 00:00:00+00:00,0.04256400093436241,0.047237999737262726,0.03692200034856796,0.0442189984023571,9020,0.0,0.0
2025-02-20 00:00:00+00:00,0.0442189984023571,0.0442189984023571,0.030004000291228294,0.030006999149918556,3418,0.0,0.0
2025-02-21 00:00:00+00:00,0.030006999149918556,0.03520900011062622,0.028832999989390373,0.03312499821186066,944,0.0,0.0
2025-02-22 00:00:00+00:00,0.03312499821186066,0.033897001296281815,0.02619899995625019,0.029165999963879585,1638,0.0,0.0
2025-02-23 00:00:00+00:00,0.029165999963879585,0.03820100054144859,0.029020000249147415,0.03415900096297264,1727,0.0,0.0
2025-02-24 00:00:00+00:00,0.03415900096297264,0.03475499898195267,0.026050999760627747,0.026050999760627747,3054,0.0,0.0
2025-02-25 00:00:00+00:00,0.026050999760627747,0.03496899828314781,0.026047000661492348,0.034533001482486725,2827,0.0,0.0
2025-02-26 00:00:00+00:00,0.034533001482486725,0.05561299994587898,0.030894000083208084,0.03524800017476082,16535,0.0,0.0
2025-02-27 00:00:00+00:00,0.03524800017476082,0.05806099995970726,0.03524300083518028,0.04039100185036659,10659,0.0,0.0
2025-02-28 00:00:00+00:00,0.04039100185036659,0.041388001292943954,0.03714599832892418,0.0387520007789135,3089,0.0,0.0
2025-03-01 00:00:00+00:00,0.0387520007789135,0.039489999413490295,0.033991001546382904,0.03681299835443497,11197,0.0,0.0
2025-03-02 00:00:00+00:00,0.03681299835443497,0.03948799893260002,0.035548001527786255,0.03789199888706207,616,0.0,0.0
2025-03-03 00:00:00+00:00,0.03789199888706207,0.04052700102329254,0.030695000663399696,0.033316001296043396,7722,0.0,0.0
2025-03-04 00:00:00+00:00,0.033316001296043396,0.04098600149154663,0.027204999700188637,0.028992999345064163,3648,0.0,0.0
2025-03-05 00:00:00+00:00,0.028992999345064163,0.04000899940729141,0.02399599924683571,0.028497999534010887,15134,0.0,0.0
2025-03-06 00:00:00+00:00,0.028497999534010887,0.03115300089120865,0.024128999561071396,0.027000000700354576,14550,0.0,0.0
2025-03-07 00:00:00+00:00,0.027000000700354576,0.027000000700354576,0.02044999971985817,0.021893000230193138,10668,0.0,0.0
2025-03-08 00:00:00+00:00,0.021893000230193138,0.022993000224232674,0.018993999809026718,0.01999500021338463,18534,0.0,0.0
2025-03-09 00:00:00+00:00,0.01999500021338463,0.021796999499201775,0.0174809992313385,0.01749500073492527,21654,0.0,0.0
2025-03-10 00:00:00+00:00,0.01749500073492527,0.020601000636816025,0.01679600030183792,0.019089000299572945,16793,0.0,0.0
2025-03-11 00:00:00+00:00,0.019089000299572945,0.022776000201702118,0.013999000191688538,0.022776000201702118,42400,0.0,0.0
2025-03-12 00:00:00+00:00,0.022776000201702118,0.024044999852776527,0.01641000062227249,0.016666000708937645,29318,0.0,0.0
2025-03-13 00:00:00+00:00,0.016666000708937645,0.01677500084042549,0.014155999757349491,0.016022000461816788,34733,0.0,0.0
2025-03-14 00:00:00+00:00,0.016022000461816788,0.02094399929046631,0.015643000602722168,0.018902000039815903,41664,0.0,0.0
2025-03-15 00:00:00+00:00,0.018902000039815903,0.018905000761151314,0.016860000789165497,0.01834999956190586,33262,0.0,0.0
2025-03-16 00:00:00+00:00,0.01834999956190586,0.023500999435782433,0.01785000041127205,0.02268899977207184,41941,0.0,0.0
2025-03-17 00:00:00+00:00,0.02268899977207184,0.023547999560832977,0.020136000588536263,0.02281000092625618,33860,0.0,0.0
2025-03-18 00:00:00+00:00,0.02281000092625618,0.027292000129818916,0.01883300021290779,0.02197599969804287,37285,0.0,0.0
2025-03-19 00:00:00+00:00,0.02197599969804287,0.022885000333189964,0.02197599969804287,0.02228900045156479,40345,0.0,0.0
2025-03-20 00:00:00+00:00,0.02228900045156479,0.02228900045156479,0.02228900045156479,0.02228900045156479,40315,0.0,0.0
2025-03-21 00:00:00+00:00,0.02228900045156479,0.02228900045156479,0.016284000128507614,0.01634399965405464,39824,0.0,0.0
2025-03-22 00:00:00+00:00,0.01634399965405464,0.022885000333189964,0.016033999621868134,0.01978899911046028,46960,0.0,0.0
2025-03-23 00:00:00+00:00,0.01978899911046028,0.03378000110387802,0.01688000001013279,0.02390200085937977,85605,0.0,0.0
2025-03-24 00:00:00+00:00,0.02390200085937977,0.038019001483917236,0.022241000086069107,0.03600500151515007,70843,0.0,0.0
2025-03-25 00:00:00+00:00,0.03600500151515007,0.03790400177240372,0.029944000765681267,0.03213400021195412,47330,0.0,0.0
2025-03-26 00:00:00+00:00,0.03213400021195412,0.03682800009846687,0.029683999717235565,0.03331499919295311,53197,0.0,0.0
2025-03-27 00:00:00+00:00,0.03331499919295311,0.03472299873828888,0.030186999589204788,0.033142998814582825,42459,0.0,0.0
2025-03-28 00:00:00+00:00,0.033142998814582825,0.039361000061035156,0.03076699934899807,0.03834100067615509,74424,0.0,0.0
2025-03-29 00:00:00+00:00,0.03834100067615509,0.0549749992787838,0.03730599954724312,0.04575299844145775,82030,0.0,0.0
2025-03-30 00:00:00+00:00,0.04575299844145775,0.09021700173616409,0.04575299844145775,0.08491399884223938,176972,0.0,0.0
2025-03-31 00:00:00+00:00,0.08491399884223938,0.1100120022892952,0.07340399920940399,0.10392399877309799,135244,0.0,0.0
2025-04-01 00:00:00+00:00,0.10392399877309799,0.11898999661207199,0.08099900186061859,0.1170400008559227,129037,0.0,0.0
2025-04-02 00:00:00+00:00,0.1170400008559227,0.26651498675346375,0.10467500239610672,0.2024109959602356,454319,0.0,0.0
2025-04-03 00:00:00+00:00,0.2024109959602356,0.2713780105113983,0.17497900128364563,0.205485999584198,285637,0.0,0.0
2025-04-04 00:00:00+00:00,0.205485999584198,0.23766499757766724,0.1545960009098053,0.1964080035686493,256703,0.0,0.0
2025-04-05 00:00:00+00:00,0.1964080035686493,0.20008300244808197,0.14425800740718842,0.18288500607013702,318393,0.0,0.0
2025-04-06 00:00:00+00:00,0.18288500607013702,0.19896399974822998,0.14285099506378174,0.16189900040626526,210546,0.0,0.0
2025-04-07 00:00:00+00:00,0.16189900040626526,0.20087899267673492,0.13788999617099762,0.17683300375938416,308551,0.0,0.0
2025-04-08 00:00:00+00:00,0.17683300375938416,0.22496899962425232,0.15084299445152283,0.15435899794101715,213346,0.0,0.0
2025-04-09 00:00:00+00:00,0.15435899794101715,0.16348500549793243,0.12982599437236786,0.13080599904060364,218422,0.0,0.0
2025-04-10 00:00:00+00:00,0.13080599904060364,0.13175100088119507,0.10537300258874893,0.1089169979095459,96531,0.0,0.0
2025-04-11 00:00:00+00:00,0.1089169979095459,0.12891800701618195,0.1001800000667572,0.11021500080823898,102672,0.0,0.0
2025-04-12 00:00:00+00:00,0.11021500080823898,0.12178099900484085,0.10242299735546112,0.10403899848461151,57706,0.0,0.0
2025-04-13 00:00:00+00:00,0.10403899848461151,0.11980000138282776,0.100723996758461,0.10686100274324417,74047,0.0,0.0
2025-04-14 00:00:00+00:00,0.10686100274324417,0.11223100125789642,0.06303799897432327,0.0643479973077774,75131,0.0,0.0
2025-04-15 00:00:00+00:00,0.0643479973077774,0.08107999712228775,0.0569939985871315,0.06957399845123291,238960,0.0,0.0
2025-04-16 00:00:00+00:00,0.06957399845123291,0.07359500229358673,0.05488299950957298,0.056797001510858536,127257,0.0,0.0
2025-04-17 00:00:00+00:00,0.056797001510858536,0.06174299865961075,0.04626300185918808,0.04688899964094162,91684,0.0,0.0
2025-04-18 00:00:00+00:00,0.04688899964094162,0.05722999945282936,0.0463469997048378,0.05595200136303902,54868,0.0,0.0
2025-04-19 00:00:00+00:00,0.05595200136303902,0.0759890004992485,0.05349700152873993,0.06125200167298317,80138,0.0,0.0
2025-04-20 00:00:00+00:00,0.06125200167298317,0.0630199983716011,0.05412599816918373,0.05756499990820885,79638,0.0,0.0
2025-04-21 00:00:00+00:00,0.05756499990820885,0.05828100070357323,0.05263400077819824,0.053605999797582626,49294,0.0,0.0
2025-04-22 00:00:00+00:00,0.053605999797582626,0.057307999581098557,0.05219100043177605,0.052956998348236084,61504,0.0,0.0
2025-04-23 00:00:00+00:00,0.052956998348236084,0.06797000020742416,0.05210300162434578,0.06000300124287605,66670,0.0,0.0
2025-04-24 00:00:00+00:00,0.06000300124287605,0.06175300106406212,0.05278699845075607,0.055006999522447586,73292,0.0,0.0
2025-04-25 00:00:00+00:00,0.055006999522447586,0.06556300073862076,0.050579000264406204,0.0640920028090477,105208,0.0,0.0
2025-04-26 00:00:00+00:00,0.0640920028090477,0.0640920028090477,0.055775001645088196,0.05852599814534187,61841,0.0,0.0
2025-04-27 00:00:00+00:00,0.05852599814534187,0.06942900270223618,0.0540120005607605,0.06290099769830704,93533,0.0,0.0
2025-04-28 00:00:00+00:00,0.06290099769830704,0.09037099778652191,0.06252100318670273,0.08993899822235107,128714,0.0,0.0
2025-04-29 00:00:00+00:00,0.08993899822235107,0.1489260047674179,0.0865280032157898,0.12495099753141403,159267,0.0,0.0
2025-04-30 00:00:00+00:00,0.12495099753141403,0.14638400077819824,0.09308300167322159,0.11001099646091461,152363,0.0,0.0
2025-05-01 00:00:00+00:00,0.11001099646091461,0.11952400207519531,0.07969199866056442,0.08879200369119644,239136,0.0,0.0
2025-05-02 00:00:00+00:00,0.08879200369119644,0.10077700018882751,0.07650899887084961,0.08292300254106522,186015,0.0,0.0
2025-05-03 00:00:00+00:00,0.08292300254106522,0.08623100072145462,0.07325799763202667,0.07327599823474884,70739,0.0,0.0
2025-05-04 00:00:00+00:00,0.07327599823474884,0.08201900124549866,0.07326500117778778,0.07772599905729294,59593,0.0,0.0
2025-05-05 00:00:00+00:00,0.07772599905729294,0.0788469985127449,0.06499399989843369,0.06866399943828583,70849,0.0,0.0
2025-05-06 00:00:00+00:00,0.06866399943828583,0.06868299841880798,0.053075000643730164,0.05597800016403198,113141,0.0,0.0
2025-05-07 00:00:00+00:00,0.05597800016403198,0.06920500099658966,0.05149900168180466,0.059748001396656036,105086,0.0,0.0
2025-05-08 00:00:00+00:00,0.059748001396656036,0.06868399679660797,0.057718001306056976,0.06617499887943268,78862,0.0,0.0
2025-05-09 00:00:00+00:00,0.06617499887943268,0.06976000219583511,0.05719999969005585,0.061740998178720474,73735,0.0,0.0
2025-05-10 00:00:00+00:00,0.061740998178720474,0.0617620013654232,0.054774001240730286,0.05756400153040886,75484,0.0,0.0
2025-05-11 00:00:00+00:00,0.05756400153040886,0.061932001262903214,0.05576600134372711,0.05803000181913376,52132,0.0,0.0
2025-05-12 00:00:00+00:00,0.05803000181913376,0.05907899886369705,0.051688000559806824,0.05193199962377548,65048,0.0,0.0
2025-05-13 00:00:00+00:00,0.05193199962377548,0.05702599883079529,0.0499580018222332,0.05642800033092499,74358,0.0,0.0
2025-05-14 00:00:00+00:00,0.05642800033092499,0.06316199898719788,0.055027998983860016,0.055629000067710876,54374,0.0,0.0
2025-05-15 00:00:00+00:00,0.055629000067710876,0.05620500072836876,0.052198998630046844,0.05425800010561943,66045,0.0,0.0
2025-05-16 00:00:00+00:00,0.05425800010561943,0.058469001203775406,0.052097998559474945,0.05715499818325043,56593,0.0,0.0
2025-05-17 00:00:00+00:00,0.05715499818325043,0.05744300037622452,0.04936999827623367,0.050016000866889954,35218,0.0,0.0
2025-05-18 00:00:00+00:00,0.050016000866889954,0.06001799926161766,0.05001499876379967,0.05321799963712692,71130,0.0,0.0
2025-05-19 00:00:00+00:00,0.05321799963712692,0.05466900020837784,0.050353001803159714,0.05417700111865997,60420,0.0,0.0
2025-05-20 00:00:00+00:00,0.05417700111865997,0.05432799831032753,0.04770800098776817,0.05010300129652023,87119,0.0,0.0
2025-05-21 00:00:00+00:00,0.05010300129652023,0.05361500009894371,0.04611099883913994,0.053105998784303665,53743,0.0,0.0
2025-05-22 00:00:00+00:00,0.053105998784303665,0.05312899872660637,0.042514000087976456,0.04506300017237663,81249,0.0,0.0
2025-05-23 00:00:00+00:00,0.04506300017237663,0.04818600043654442,0.037046000361442566,0.040860000997781754,34129,0.0,0.0
2025-05-24 00:00:00+00:00,0.040860000997781754,0.047015998512506485,0.040189001709222794,0.04337700083851814,13631,0.0,0.0
2025-05-25 00:00:00+00:00,0.04337700083851814,0.0730070024728775,0.04337000101804733,0.05863000079989433,86096,0.0,0.0
2025-05-26 00:00:00+00:00,0.05863000079989433,0.0770220011472702,0.0574910007417202,0.0625540018081665,114753,0.0,0.0
2025-05-27 00:00:00+00:00,0.0625540018081665,0.07637400180101395,0.06201599910855293,0.07232300192117691,57600,0.0,0.0
2025-05-28 00:00:00+00:00,0.07232300192117691,0.08652599900960922,0.06889799982309341,0.0717649981379509,114346,0.0,0.0
2025-05-29 00:00:00+00:00,0.0717649981379509,0.07502199709415436,0.05605499818921089,0.061055999249219894,91293,0.0,0.0
2025-05-30 00:00:00+00:00,0.061055999249219894,0.062153998762369156,0.052028998732566833,0.05449099838733673,45146,0.0,0.0
2025-05-31 00:00:00+00:00,0.05449099838733673,0.0655440017580986,0.0500820018351078,0.05400500074028969,48373,0.0,0.0
2025-06-01 00:00:00+00:00,0.054004933685064316,0.06882917881011963,0.04644370451569557,0.05883413553237915,101515,0.0,0.0
