TIMESTAMP,VC28580_OPEN_PRICE_USD,VC28580_HIGH_PRICE_USD,VC28580_LOW_PRICE_USD,VC28580_CLOSE_PRICE_USD,VC28580_VOLUME_USD,VC28580_DIVIDENDS_USD,VC28580_STOCK_SPLITS_USD
2023-12-04 00:00:00+00:00,0.025103000923991203,0.026083000004291534,0.024327000603079796,0.025086000561714172,24118,0.0,0.0
2023-12-05 00:00:00+00:00,0.0250840000808239,0.025753000751137733,0.024915000423789024,0.02550099976360798,47480,0.0,0.0
2023-12-06 00:00:00+00:00,0.025503000244498253,0.031918998807668686,0.025265000760555267,0.03092299960553646,89071,0.0,0.0
2023-12-07 00:00:00+00:00,0.03092299960553646,0.04440400004386902,0.03044700063765049,0.039400000125169754,763732,0.0,0.0
2023-12-08 00:00:00+00:00,0.03939799964427948,0.042222000658512115,0.0365930013358593,0.03752199932932854,385384,0.0,0.0
2023-12-09 00:00:00+00:00,0.03752300143241882,0.037935998290777206,0.03213899955153465,0.03429799899458885,403651,0.0,0.0
2023-12-10 00:00:00+00:00,0.034297000616788864,0.03670300170779228,0.03106600046157837,0.03143800050020218,346624,0.0,0.0
2023-12-11 00:00:00+00:00,0.03143800050020218,0.039430998265743256,0.028666000813245773,0.03707699850201607,466924,0.0,0.0
2023-12-12 00:00:00+00:00,0.037073999643325806,0.043949998915195465,0.03376999869942665,0.043839000165462494,550481,0.0,0.0
2023-12-13 00:00:00+00:00,0.043839000165462494,0.0614980012178421,0.042994000017642975,0.05050100013613701,2336788,0.0,0.0
2023-12-14 00:00:00+00:00,0.050498999655246735,0.06532900035381317,0.04272500053048134,0.04777200147509575,763784,0.0,0.0
2023-12-15 00:00:00+00:00,0.04777299985289574,0.07040400058031082,0.047189000993967056,0.06946799904108047,979895,0.0,0.0
2023-12-16 00:00:00+00:00,0.06947200000286102,0.0710270032286644,0.05891700088977814,0.06108799949288368,595139,0.0,0.0
2023-12-17 00:00:00+00:00,0.06108900159597397,0.09121199697256088,0.05784599855542183,0.08742400258779526,759505,0.0,0.0
2023-12-18 00:00:00+00:00,0.08744200319051743,0.21356600522994995,0.07598099857568741,0.15372900664806366,7886383,0.0,0.0
2023-12-19 00:00:00+00:00,0.15370599925518036,0.2215690016746521,0.13218000531196594,0.17879100143909454,3772258,0.0,0.0
2023-12-20 00:00:00+00:00,0.17878499627113342,0.20556999742984772,0.13909099996089935,0.1633560061454773,2849538,0.0,0.0
2023-12-21 00:00:00+00:00,0.16335700452327728,0.16786600649356842,0.10266699641942978,0.10541100054979324,2117271,0.0,0.0
2023-12-22 00:00:00+00:00,0.10540299862623215,0.13745500147342682,0.10537999868392944,0.13713200390338898,1280689,0.0,0.0
2023-12-23 00:00:00+00:00,0.13748900592327118,0.1374959945678711,0.10889200121164322,0.1126129999756813,623133,0.0,0.0
2023-12-24 00:00:00+00:00,0.11263400316238403,0.11440099775791168,0.08871500194072723,0.09420900046825409,887356,0.0,0.0
2023-12-25 00:00:00+00:00,0.09421399980783463,0.09438499808311462,0.0834759995341301,0.09034600108861923,470824,0.0,0.0
2023-12-26 00:00:00+00:00,0.0903720036149025,0.14188699424266815,0.0903720036149025,0.12508299946784973,1265829,0.0,0.0
2023-12-27 00:00:00+00:00,0.1250929981470108,0.12517599761486053,0.09945099800825119,0.12217099964618683,815477,0.0,0.0
2023-12-28 00:00:00+00:00,0.12214799970388412,0.12216000258922577,0.10402599722146988,0.11597900092601776,604202,0.0,0.0
2023-12-29 00:00:00+00:00,0.11601799726486206,0.11602599918842316,0.09310200065374374,0.10338400304317474,523234,0.0,0.0
2023-12-30 00:00:00+00:00,0.10338900238275528,0.1034339964389801,0.09194300323724747,0.09414199739694595,295962,0.0,0.0
2023-12-31 00:00:00+00:00,0.0941620022058487,0.09657999873161316,0.08954499661922455,0.08987800031900406,273998,0.0,0.0
2024-01-01 00:00:00+00:00,0.08988600224256516,0.08988600224256516,0.08777300268411636,0.08929099887609482,192088,0.0,0.0
2024-01-02 00:00:00+00:00,0.0892919972538948,0.09719400107860565,0.08853700011968613,0.09009499847888947,209400,0.0,0.0
2024-01-03 00:00:00+00:00,0.09009700268507004,0.09011399745941162,0.07817299664020538,0.08061899989843369,250929,0.0,0.0
2024-01-04 00:00:00+00:00,0.08061400055885315,0.08131500333547592,0.07746600359678268,0.07761000096797943,133961,0.0,0.0
2024-01-05 00:00:00+00:00,0.07763499766588211,0.08547300100326538,0.07666599750518799,0.08372999727725983,290988,0.0,0.0
2024-01-06 00:00:00+00:00,0.08373499661684036,0.08820699900388718,0.07641000300645828,0.07705499976873398,238011,0.0,0.0
2024-01-07 00:00:00+00:00,0.07706800103187561,0.07713700085878372,0.07285600155591965,0.07286500185728073,133172,0.0,0.0
2024-01-08 00:00:00+00:00,0.07286199927330017,0.08052299916744232,0.07141400128602982,0.07433599978685379,330088,0.0,0.0
2024-01-09 00:00:00+00:00,0.07433000206947327,0.07471899688243866,0.0676179975271225,0.06961099803447723,159335,0.0,0.0
2024-01-10 00:00:00+00:00,0.06961700320243835,0.07898899912834167,0.0659869983792305,0.06693000346422195,285538,0.0,0.0
2024-01-11 00:00:00+00:00,0.06693000346422195,0.07501299679279327,0.06691999733448029,0.07088299840688705,184833,0.0,0.0
2024-01-12 00:00:00+00:00,0.07086499780416489,0.07144500315189362,0.06717299669981003,0.0677419975399971,140995,0.0,0.0
2024-01-13 00:00:00+00:00,0.06773599982261658,0.07473000138998032,0.06722500175237656,0.0740479975938797,169991,0.0,0.0
2024-01-14 00:00:00+00:00,0.07407400012016296,0.07481600344181061,0.07150399684906006,0.07175499945878983,84898,0.0,0.0
2024-01-15 00:00:00+00:00,0.07176099717617035,0.08486700057983398,0.07166200131177902,0.08479499816894531,342536,0.0,0.0
2024-01-16 00:00:00+00:00,0.08485099673271179,0.10539799928665161,0.08481600135564804,0.09075599908828735,367295,0.0,0.0
2024-01-17 00:00:00+00:00,0.09073600172996521,0.09205300360918045,0.08655200153589249,0.08764799684286118,134479,0.0,0.0
2024-01-18 00:00:00+00:00,0.08764799684286118,0.08768299967050552,0.07671499997377396,0.07691899687051773,246552,0.0,0.0
2024-01-19 00:00:00+00:00,0.07691899687051773,0.07986599951982498,0.06827399879693985,0.06872600317001343,316312,0.0,0.0
2024-01-20 00:00:00+00:00,0.06872600317001343,0.0719669982790947,0.0686509981751442,0.07180599868297577,163304,0.0,0.0
2024-01-21 00:00:00+00:00,0.07189799845218658,0.07428500056266785,0.07145799696445465,0.0742190033197403,183830,0.0,0.0
2024-01-22 00:00:00+00:00,0.07420500367879868,0.07422500103712082,0.0661809965968132,0.06627999991178513,193350,0.0,0.0
2024-01-23 00:00:00+00:00,0.06627999991178513,0.06697600334882736,0.06503000110387802,0.06505800038576126,117717,0.0,0.0
2024-01-24 00:00:00+00:00,0.06508799642324448,0.06667900085449219,0.06505600363016129,0.06552600115537643,116554,0.0,0.0
2024-01-25 00:00:00+00:00,0.06553400307893753,0.06572200357913971,0.06346099823713303,0.06532599776983261,152368,0.0,0.0
2024-01-26 00:00:00+00:00,0.06532599776983261,0.0655680000782013,0.06327799707651138,0.06508500128984451,168013,0.0,0.0
2024-01-27 00:00:00+00:00,0.06505700200796127,0.0656299963593483,0.06454800069332123,0.06538499891757965,145059,0.0,0.0
2024-01-28 00:00:00+00:00,0.06538800150156021,0.06591799855232239,0.06476599723100662,0.0651329979300499,139882,0.0,0.0
2024-01-29 00:00:00+00:00,0.06513900309801102,0.06746900081634521,0.0651170015335083,0.06738699972629547,150534,0.0,0.0
2024-01-30 00:00:00+00:00,0.06738699972629547,0.06741099804639816,0.06572800129652023,0.06590600311756134,136355,0.0,0.0
2024-01-31 00:00:00+00:00,0.06590600311756134,0.06646999716758728,0.06513500213623047,0.0653730034828186,140096,0.0,0.0
2024-02-01 00:00:00+00:00,0.06538300216197968,0.06557799875736237,0.06379900127649307,0.06390400230884552,127257,0.0,0.0
2024-02-02 00:00:00+00:00,0.0639130026102066,0.06403099745512009,0.05591300129890442,0.05657399818301201,164491,0.0,0.0
2024-02-03 00:00:00+00:00,0.05657399818301201,0.06051800027489662,0.05640200152993202,0.060061000287532806,177921,0.0,0.0
2024-02-04 00:00:00+00:00,0.060061000287532806,0.06017100065946579,0.055073000490665436,0.055358998477458954,188028,0.0,0.0
2024-02-05 00:00:00+00:00,0.05535300076007843,0.0553940013051033,0.05400199815630913,0.05402899906039238,514982,0.0,0.0
2024-02-06 00:00:00+00:00,0.05402899906039238,0.05445199832320213,0.05313099920749664,0.05317600071430206,754440,0.0,0.0
2024-02-07 00:00:00+00:00,0.0531730018556118,0.05359499901533127,0.051451001316308975,0.051715001463890076,1167932,0.0,0.0
2024-02-08 00:00:00+00:00,0.051715001463890076,0.05208199843764305,0.05085600167512894,0.05165800079703331,1238940,0.0,0.0
2024-02-09 00:00:00+00:00,0.0516589991748333,0.06090100109577179,0.051530998200178146,0.05938199907541275,1200266,0.0,0.0
2024-02-10 00:00:00+00:00,0.059425000101327896,0.059502001851797104,0.058642998337745667,0.05892200022935867,1015628,0.0,0.0
2024-02-11 00:00:00+00:00,0.05894500017166138,0.05894500017166138,0.05701500177383423,0.05704599991440773,1186925,0.0,0.0
2024-02-12 00:00:00+00:00,0.05705299973487854,0.05728700011968613,0.05541300028562546,0.05580100044608116,1116894,0.0,0.0
2024-02-13 00:00:00+00:00,0.05580399930477142,0.056035999208688736,0.05518899857997894,0.055254001170396805,831125,0.0,0.0
2024-02-14 00:00:00+00:00,0.055254001170396805,0.05683799833059311,0.05506100133061409,0.056446999311447144,1110335,0.0,0.0
2024-02-15 00:00:00+00:00,0.056439999490976334,0.05656599998474121,0.05492300167679787,0.05492300167679787,1037272,0.0,0.0
2024-02-16 00:00:00+00:00,0.05494600161910057,0.05517899990081787,0.05358000099658966,0.053881000727415085,1131276,0.0,0.0
2024-02-17 00:00:00+00:00,0.053881000727415085,0.05455800145864487,0.053711000829935074,0.054051000624895096,1043860,0.0,0.0
2024-02-18 00:00:00+00:00,0.053950000554323196,0.05460900068283081,0.052618999034166336,0.05420000106096268,899510,0.0,0.0
2024-02-19 00:00:00+00:00,0.05420500040054321,0.06139200180768967,0.05414700135588646,0.05659199878573418,1090060,0.0,0.0
2024-02-20 00:00:00+00:00,0.05659199878573418,0.05700099840760231,0.054986998438835144,0.05657200142741203,1127138,0.0,0.0
2024-02-21 00:00:00+00:00,0.05657900124788284,0.05693899840116501,0.05623599886894226,0.05684800073504448,1018232,0.0,0.0
2024-02-22 00:00:00+00:00,0.056839000433683395,0.056839000433683395,0.05388600006699562,0.05537499859929085,1055305,0.0,0.0
2024-02-23 00:00:00+00:00,0.05537300184369087,0.05538899824023247,0.05389200150966644,0.05391699820756912,1052193,0.0,0.0
2024-02-24 00:00:00+00:00,0.05391699820756912,0.05525000020861626,0.053727999329566956,0.0549749992787838,1051058,0.0,0.0
2024-02-25 00:00:00+00:00,0.0549749992787838,0.055114999413490295,0.05322900041937828,0.053300999104976654,1142066,0.0,0.0
2024-02-26 00:00:00+00:00,0.053318001329898834,0.0547030009329319,0.05232299864292145,0.054680000990629196,934153,0.0,0.0
2024-02-27 00:00:00+00:00,0.054680000990629196,0.05619899928569794,0.05400000140070915,0.05619899928569794,1073554,0.0,0.0
2024-02-28 00:00:00+00:00,0.056223999708890915,0.06142299994826317,0.05619199946522713,0.06134599819779396,1091788,0.0,0.0
2024-02-29 00:00:00+00:00,0.06122799962759018,0.06180499866604805,0.06023599952459335,0.06037300080060959,1071928,0.0,0.0
2024-03-01 00:00:00+00:00,0.06036499887704849,0.06156500056385994,0.060364000499248505,0.06064800173044205,1401869,0.0,0.0
2024-03-02 00:00:00+00:00,0.06069700047373772,0.06933300197124481,0.06060799956321716,0.06808499991893768,1594743,0.0,0.0
2024-03-03 00:00:00+00:00,0.06808000057935715,0.07331100106239319,0.0665619969367981,0.06706900149583817,1620712,0.0,0.0
2024-03-04 00:00:00+00:00,0.06713400036096573,0.06811299920082092,0.06661800295114517,0.06703300029039383,1527637,0.0,0.0
2024-03-05 00:00:00+00:00,0.0670349970459938,0.06724300235509872,0.06157499924302101,0.06188800185918808,1219379,0.0,0.0
2024-03-06 00:00:00+00:00,0.06188800185918808,0.06856399774551392,0.06159299984574318,0.06708899885416031,1239578,0.0,0.0
2024-03-07 00:00:00+00:00,0.06708899885416031,0.07209300249814987,0.06687899678945541,0.06863400340080261,1573131,0.0,0.0
2024-03-08 00:00:00+00:00,0.06861700117588043,0.07162199914455414,0.0684249997138977,0.07045800238847733,1486535,0.0,0.0
2024-03-09 00:00:00+00:00,0.07045800238847733,0.07114499807357788,0.06959699839353561,0.0703980028629303,1306239,0.0,0.0
2024-03-10 00:00:00+00:00,0.07041099667549133,0.07207600027322769,0.06992900371551514,0.07185199856758118,1302019,0.0,0.0
2024-03-11 00:00:00+00:00,0.07185199856758118,0.09081300348043442,0.0717570036649704,0.08972200006246567,1659553,0.0,0.0
2024-03-12 00:00:00+00:00,0.08972200006246567,0.09031900018453598,0.07902300357818604,0.08023799955844879,1317271,0.0,0.0
2024-03-13 00:00:00+00:00,0.08024699985980988,0.08962000161409378,0.08021900057792664,0.08693800121545792,1746168,0.0,0.0
2024-03-14 00:00:00+00:00,0.08693700283765793,0.10118000209331512,0.08637099713087082,0.09348300099372864,2431748,0.0,0.0
2024-03-15 00:00:00+00:00,0.09347300231456757,0.09391999989748001,0.0868540033698082,0.09057900309562683,2309125,0.0,0.0
2024-03-16 00:00:00+00:00,0.09056200087070465,0.09085600078105927,0.06391000002622604,0.06682100147008896,2508381,0.0,0.0
2024-03-17 00:00:00+00:00,0.06680600345134735,0.06977900117635727,0.06030000001192093,0.06832700222730637,3245546,0.0,0.0
2024-03-18 00:00:00+00:00,0.06801600009202957,0.07025100290775299,0.06615299731492996,0.06744199991226196,2681620,0.0,0.0
2024-03-19 00:00:00+00:00,0.06744199991226196,0.06746300309896469,0.06257899850606918,0.06375599652528763,2505147,0.0,0.0
2024-03-20 00:00:00+00:00,0.06375200301408768,0.06384400278329849,0.056724000722169876,0.061521001160144806,4348949,0.0,0.0
2024-03-21 00:00:00+00:00,0.06151600182056427,0.0630979984998703,0.060816001147031784,0.061115000396966934,4707581,0.0,0.0
2024-03-22 00:00:00+00:00,0.0611100010573864,0.06132600083947182,0.05559299886226654,0.055612001568078995,3872146,0.0,0.0
2024-03-23 00:00:00+00:00,0.05560699850320816,0.05695899948477745,0.0553629994392395,0.056457001715898514,4086774,0.0,0.0
2024-03-24 00:00:00+00:00,0.056457001715898514,0.056752998381853104,0.055215999484062195,0.05659300088882446,5505675,0.0,0.0
2024-03-25 00:00:00+00:00,0.05658499896526337,0.06099599972367287,0.05658499896526337,0.06034500151872635,6717755,0.0,0.0
2024-03-26 00:00:00+00:00,0.06034500151872635,0.06496399641036987,0.059762001037597656,0.061893001198768616,6174888,0.0,0.0
2024-03-27 00:00:00+00:00,0.06190900132060051,0.06192399933934212,0.05640999972820282,0.05654799938201904,5391755,0.0,0.0
2024-03-28 00:00:00+00:00,0.05654099956154823,0.05817500129342079,0.055004000663757324,0.05741399899125099,6210030,0.0,0.0
2024-03-29 00:00:00+00:00,0.05740800127387047,0.061188001185655594,0.05716300010681152,0.060141000896692276,7686435,0.0,0.0
2024-03-30 00:00:00+00:00,0.06013600155711174,0.06706400215625763,0.05989399924874306,0.06424299627542496,5967214,0.0,0.0
2024-03-31 00:00:00+00:00,0.06423699855804443,0.06426999717950821,0.06314600259065628,0.06377899646759033,8862229,0.0,0.0
2024-04-01 00:00:00+00:00,0.0637739971280098,0.07407400012016296,0.06376499682664871,0.07072699815034866,8492023,0.0,0.0
2024-04-02 00:00:00+00:00,0.07072699815034866,0.07088200002908707,0.061657000333070755,0.06165900081396103,4563133,0.0,0.0
2024-04-03 00:00:00+00:00,0.06165900081396103,0.06376399844884872,0.061257001012563705,0.06337100267410278,1902797,0.0,0.0
2024-04-04 00:00:00+00:00,0.06337100267410278,0.06346900016069412,0.062313999980688095,0.0623680017888546,1688131,0.0,0.0
2024-04-05 00:00:00+00:00,0.0623680017888546,0.06245899945497513,0.0622670017182827,0.06237199902534485,1479124,0.0,0.0
2024-04-06 00:00:00+00:00,0.06237199902534485,0.06264699995517731,0.06216000020503998,0.062463998794555664,1868194,0.0,0.0
2024-04-07 00:00:00+00:00,0.062463998794555664,0.0626479983329773,0.06213599815964699,0.062254998832941055,1629181,0.0,0.0
2024-04-08 00:00:00+00:00,0.06224700063467026,0.0623369999229908,0.0620339997112751,0.06204700097441673,1794820,0.0,0.0
2024-04-09 00:00:00+00:00,0.06204700097441673,0.062366001307964325,0.06038200110197067,0.06038400158286095,1113301,0.0,0.0
2024-04-10 00:00:00+00:00,0.06038400158286095,0.06041700020432472,0.059220001101493835,0.05927899852395058,1653694,0.0,0.0
2024-04-11 00:00:00+00:00,0.05927899852395058,0.05931200087070465,0.057785000652074814,0.05779600143432617,1275308,0.0,0.0
2024-04-12 00:00:00+00:00,0.05779600143432617,0.05786199867725372,0.04613399878144264,0.046351999044418335,1425424,0.0,0.0
2024-04-13 00:00:00+00:00,0.046351999044418335,0.05018499866127968,0.04552000015974045,0.04575100168585777,1598654,0.0,0.0
2024-04-14 00:00:00+00:00,0.04575100168585777,0.04633300006389618,0.04238000139594078,0.04380499944090843,1751383,0.0,0.0
2024-04-15 00:00:00+00:00,0.04380499944090843,0.04816899821162224,0.04360499978065491,0.04668999835848808,3366213,0.0,0.0
2024-04-16 00:00:00+00:00,0.04668699949979782,0.04674600064754486,0.044075001031160355,0.04409800097346306,4045152,0.0,0.0
2024-04-17 00:00:00+00:00,0.04409800097346306,0.04453200101852417,0.044039998203516006,0.044447001069784164,4058924,0.0,0.0
2024-04-18 00:00:00+00:00,0.044443998485803604,0.045510001480579376,0.04438700154423714,0.04476600140333176,2223423,0.0,0.0
2024-04-19 00:00:00+00:00,0.04476600140333176,0.04602999985218048,0.0440329983830452,0.044879000633955,2982065,0.0,0.0
2024-04-20 00:00:00+00:00,0.04487999901175499,0.05009699985384941,0.04479299858212471,0.0487699992954731,3882323,0.0,0.0
2024-04-21 00:00:00+00:00,0.048771001398563385,0.0519459992647171,0.04792200028896332,0.05174899846315384,1901192,0.0,0.0
2024-04-22 00:00:00+00:00,0.05175799876451492,0.053592998534440994,0.051245998591184616,0.05186399817466736,2929637,0.0,0.0
2024-04-23 00:00:00+00:00,0.05186399817466736,0.0526759997010231,0.05183500051498413,0.051872000098228455,2886024,0.0,0.0
2024-04-24 00:00:00+00:00,0.051872000098228455,0.051892999559640884,0.04972599819302559,0.05018800124526024,3424969,0.0,0.0
2024-04-25 00:00:00+00:00,0.050188999623060226,0.050269000232219696,0.049348000437021255,0.04940599948167801,2916632,0.0,0.0
2024-04-26 00:00:00+00:00,0.04940599948167801,0.04964499920606613,0.0487079992890358,0.04874200001358986,2676004,0.0,0.0
2024-04-27 00:00:00+00:00,0.04874200001358986,0.04949900135397911,0.048353999853134155,0.049410998821258545,3820784,0.0,0.0
2024-04-28 00:00:00+00:00,0.049410998821258545,0.05014599859714508,0.04907999932765961,0.049171000719070435,3562577,0.0,0.0
2024-04-29 00:00:00+00:00,0.049171000719070435,0.04937399923801422,0.04915599897503853,0.04934199899435043,3600561,0.0,0.0
2024-04-30 00:00:00+00:00,0.04934199899435043,0.049538999795913696,0.047433000057935715,0.04786299914121628,3652479,0.0,0.0
2024-05-01 00:00:00+00:00,0.04786299914121628,0.04789699986577034,0.04404100030660629,0.0440870001912117,3301748,0.0,0.0
2024-05-02 00:00:00+00:00,0.0440870001912117,0.04446600005030632,0.042876001447439194,0.042886000126600266,3668668,0.0,0.0
2024-05-03 00:00:00+00:00,0.042862001806497574,0.05310399830341339,0.04161100089550018,0.04845599830150604,3914990,0.0,0.0
2024-05-04 00:00:00+00:00,0.04845599830150604,0.04853200167417526,0.04491699859499931,0.04552600160241127,3418641,0.0,0.0
2024-05-05 00:00:00+00:00,0.04552600160241127,0.05254099890589714,0.044783998280763626,0.05107099935412407,3987891,0.0,0.0
2024-05-06 00:00:00+00:00,0.05107099935412407,0.05108100175857544,0.050043001770973206,0.050064001232385635,2788821,0.0,0.0
2024-05-07 00:00:00+00:00,0.050064001232385635,0.0500900000333786,0.04761499911546707,0.04769900068640709,1994672,0.0,0.0
2024-05-08 00:00:00+00:00,0.04770499840378761,0.0483580008149147,0.04698999971151352,0.04757799953222275,1558712,0.0,0.0
2024-05-09 00:00:00+00:00,0.04756399989128113,0.047623999416828156,0.04500199854373932,0.04534599930047989,1285063,0.0,0.0
2024-05-10 00:00:00+00:00,0.04534599930047989,0.04548199847340584,0.04428600147366524,0.04430399835109711,1268643,0.0,0.0
2024-05-11 00:00:00+00:00,0.04428499937057495,0.04432100057601929,0.04019799828529358,0.04027500003576279,1350671,0.0,0.0
2024-05-12 00:00:00+00:00,0.04027500003576279,0.040383998304605484,0.03936000168323517,0.039420001208782196,316417,0.0,0.0
2024-05-13 00:00:00+00:00,0.039420001208782196,0.039420999586582184,0.03552599996328354,0.03554299846291542,246768,0.0,0.0
2024-05-14 00:00:00+00:00,0.03554299846291542,0.03558700159192085,0.03316099941730499,0.0331760011613369,269018,0.0,0.0
2024-05-15 00:00:00+00:00,0.0331760011613369,0.03342299908399582,0.03251300007104874,0.033406998962163925,1023612,0.0,0.0
2024-05-16 00:00:00+00:00,0.033406998962163925,0.03811899945139885,0.03338899835944176,0.03470199927687645,889703,0.0,0.0
2024-05-17 00:00:00+00:00,0.03470199927687645,0.035395000129938126,0.03408600017428398,0.03515399992465973,802805,0.0,0.0
2024-05-18 00:00:00+00:00,0.03515399992465973,0.03522200137376785,0.0348300002515316,0.034853000193834305,1465043,0.0,0.0
2024-05-19 00:00:00+00:00,0.034853000193834305,0.034876998513936996,0.03404499962925911,0.03405600041151047,793694,0.0,0.0
2024-05-20 00:00:00+00:00,0.03405600041151047,0.034095000475645065,0.030347999185323715,0.031091999262571335,115165,0.0,0.0
2024-05-21 00:00:00+00:00,0.031091999262571335,0.03268900141119957,0.031083999201655388,0.03126100078225136,1368276,0.0,0.0
2024-05-22 00:00:00+00:00,0.03126100078225136,0.03448300063610077,0.0312460009008646,0.034283000975847244,1518575,0.0,0.0
2024-05-23 00:00:00+00:00,0.034283000975847244,0.03434000164270401,0.031204000115394592,0.03181200101971626,1719368,0.0,0.0
2024-05-24 00:00:00+00:00,0.03181200101971626,0.03614699840545654,0.031550999730825424,0.03606399893760681,2041986,0.0,0.0
2024-05-25 00:00:00+00:00,0.03606399893760681,0.03689799830317497,0.035638000816106796,0.03575599938631058,1224075,0.0,0.0
2024-05-26 00:00:00+00:00,0.03575599938631058,0.03964100033044815,0.03541399911046028,0.03633999824523926,1573281,0.0,0.0
2024-05-27 00:00:00+00:00,0.03633999824523926,0.038102999329566956,0.03416699916124344,0.03715100139379501,1848895,0.0,0.0
2024-05-28 00:00:00+00:00,0.03715100139379501,0.037188999354839325,0.03312399983406067,0.03487800061702728,1089356,0.0,0.0
2024-05-29 00:00:00+00:00,0.03487800061702728,0.04215199872851372,0.033229000866413116,0.036256998777389526,1663984,0.0,0.0
2024-05-30 00:00:00+00:00,0.036256998777389526,0.06431999802589417,0.03622400015592575,0.047839999198913574,4585972,0.0,0.0
2024-05-31 00:00:00+00:00,0.04763999953866005,0.047658998519182205,0.035041000694036484,0.04009699821472168,2262799,0.0,0.0
2024-06-01 00:00:00+00:00,0.04009300097823143,0.0416020005941391,0.03926999866962433,0.03959999978542328,1338336,0.0,0.0
2024-06-02 00:00:00+00:00,0.03963400050997734,0.0397769995033741,0.033580999821424484,0.03623700141906738,1309531,0.0,0.0
2024-06-03 00:00:00+00:00,0.03623700141906738,0.0409340001642704,0.031808000057935715,0.038290999829769135,1246203,0.0,0.0
2024-06-04 00:00:00+00:00,0.038290999829769135,0.04862799867987633,0.034237999469041824,0.04860199987888336,3424866,0.0,0.0
2024-06-05 00:00:00+00:00,0.04860199987888336,0.048604998737573624,0.04106900095939636,0.04422900080680847,1998057,0.0,0.0
2024-06-06 00:00:00+00:00,0.04422900080680847,0.04442699998617172,0.03957400098443031,0.04173300042748451,2141299,0.0,0.0
2024-06-07 00:00:00+00:00,0.04173799976706505,0.04222699999809265,0.036010999232530594,0.03676899895071983,2340184,0.0,0.0
2024-06-08 00:00:00+00:00,0.036793000996112823,0.03680599853396416,0.036003001034259796,0.03654500097036362,2499439,0.0,0.0
2024-06-09 00:00:00+00:00,0.03654000163078308,0.03662699833512306,0.03432999923825264,0.035378001630306244,2503564,0.0,0.0
2024-06-10 00:00:00+00:00,0.035378001630306244,0.03542499989271164,0.033764999359846115,0.03376699984073639,1852187,0.0,0.0
2024-06-11 00:00:00+00:00,0.03376200050115585,0.033785998821258545,0.0326480008661747,0.03293899819254875,1736977,0.0,0.0
2024-06-12 00:00:00+00:00,0.03293899819254875,0.032965999096632004,0.03065199963748455,0.0317390002310276,2575607,0.0,0.0
2024-06-13 00:00:00+00:00,0.03174100071191788,0.03519299998879433,0.031084999442100525,0.03281300142407417,2248753,0.0,0.0
2024-06-14 00:00:00+00:00,0.03281800076365471,0.032875001430511475,0.031177999451756477,0.031610000878572464,2173595,0.0,0.0
2024-06-15 00:00:00+00:00,0.031610000878572464,0.03162499889731407,0.02902499958872795,0.02981399931013584,1076128,0.0,0.0
2024-06-16 00:00:00+00:00,0.029819000512361526,0.03277700021862984,0.02967900037765503,0.03173099830746651,2859877,0.0,0.0
2024-06-17 00:00:00+00:00,0.03173099830746651,0.032698001712560654,0.02993600070476532,0.030077999457716942,2080270,0.0,0.0
2024-06-18 00:00:00+00:00,0.03007500059902668,0.030117999762296677,0.025426000356674194,0.026472000405192375,2347363,0.0,0.0
2024-06-19 00:00:00+00:00,0.02645999938249588,0.02759999968111515,0.02641800045967102,0.02741299942135811,1731063,0.0,0.0
2024-06-20 00:00:00+00:00,0.02741299942135811,0.027773000299930573,0.026266999542713165,0.026290999725461006,2418701,0.0,0.0
2024-06-21 00:00:00+00:00,0.026290999725461006,0.026311999186873436,0.025107000023126602,0.02543400041759014,2522451,0.0,0.0
2024-06-22 00:00:00+00:00,0.02543799951672554,0.02561499923467636,0.02479499951004982,0.02538600005209446,2549950,0.0,0.0
2024-06-23 00:00:00+00:00,0.025390999391674995,0.025405999273061752,0.024497000500559807,0.024507999420166016,2318736,0.0,0.0
2024-06-24 00:00:00+00:00,0.02450999990105629,0.02452000044286251,0.022717999294400215,0.02275400049984455,1797257,0.0,0.0
2024-06-25 00:00:00+00:00,0.022758999839425087,0.022926000878214836,0.022518999874591827,0.022769000381231308,2307178,0.0,0.0
2024-06-26 00:00:00+00:00,0.022769000381231308,0.022777000442147255,0.022345999255776405,0.022407999262213707,2175768,0.0,0.0
2024-06-27 00:00:00+00:00,0.02240700088441372,0.022415999323129654,0.022134000435471535,0.022168999537825584,2212416,0.0,0.0
2024-06-28 00:00:00+00:00,0.022168999537825584,0.03891900181770325,0.02210099995136261,0.029347000643610954,2662549,0.0,0.0
2024-06-29 00:00:00+00:00,0.029347000643610954,0.04864099994301796,0.029186999425292015,0.036688998341560364,2278731,0.0,0.0
2024-06-30 00:00:00+00:00,0.03659699857234955,0.05025000125169754,0.033806998282670975,0.03560199961066246,1059074,0.0,0.0
2024-07-01 00:00:00+00:00,0.035599999129772186,0.036139000207185745,0.02895900048315525,0.02921300008893013,848560,0.0,0.0
2024-07-02 00:00:00+00:00,0.02921300008893013,0.0295570008456707,0.027557000517845154,0.027605999261140823,1127072,0.0,0.0
2024-07-03 00:00:00+00:00,0.02760699950158596,0.027652999386191368,0.025704000145196915,0.02570600062608719,389565,0.0,0.0
2024-07-04 00:00:00+00:00,0.02570600062608719,0.02575399912893772,0.023955000564455986,0.02426999993622303,257790,0.0,0.0
2024-07-05 00:00:00+00:00,0.024267999455332756,0.03732600063085556,0.02311200089752674,0.031658001244068146,1165591,0.0,0.0
2024-07-06 00:00:00+00:00,0.031658001244068146,0.031665999442338943,0.02740900032222271,0.031004000455141068,2002470,0.0,0.0
2024-07-07 00:00:00+00:00,0.03100300021469593,0.031070999801158905,0.029061000794172287,0.02973799966275692,2031278,0.0,0.0
2024-07-08 00:00:00+00:00,0.029743000864982605,0.030087999999523163,0.027886999770998955,0.02956400066614151,1988384,0.0,0.0
2024-07-09 00:00:00+00:00,0.029566999524831772,0.033966999500989914,0.02944299951195717,0.03248099982738495,2477236,0.0,0.0
2024-07-10 00:00:00+00:00,0.032419998198747635,0.03263099864125252,0.031387001276016235,0.03168199956417084,2478827,0.0,0.0
2024-07-11 00:00:00+00:00,0.031683001667261124,0.03465399891138077,0.03133400157094002,0.03362400084733963,2571204,0.0,0.0
2024-07-12 00:00:00+00:00,0.03362499922513962,0.034272998571395874,0.033385999500751495,0.03391199931502342,2489519,0.0,0.0
2024-07-13 00:00:00+00:00,0.033913999795913696,0.03402400016784668,0.03372599929571152,0.03374899923801422,2103667,0.0,0.0
2024-07-14 00:00:00+00:00,0.03375300019979477,0.033775001764297485,0.03328000009059906,0.03341500088572502,1879956,0.0,0.0
2024-07-15 00:00:00+00:00,0.03342200070619583,0.03362699970602989,0.03333599865436554,0.03350000083446503,2442035,0.0,0.0
2024-07-16 00:00:00+00:00,0.03350299969315529,0.03389199823141098,0.03350299969315529,0.033709000796079636,2150510,0.0,0.0
2024-07-17 00:00:00+00:00,0.033709000796079636,0.03374899923801422,0.03153499960899353,0.032218001782894135,2353440,0.0,0.0
2024-07-18 00:00:00+00:00,0.032221999019384384,0.03225399926304817,0.031397998332977295,0.03161099925637245,2040841,0.0,0.0
2024-07-19 00:00:00+00:00,0.03161099925637245,0.03256399929523468,0.03129100054502487,0.03254999965429306,1490326,0.0,0.0
2024-07-20 00:00:00+00:00,0.03254999965429306,0.032871000468730927,0.0322129987180233,0.032660000026226044,1127914,0.0,0.0
2024-07-21 00:00:00+00:00,0.032660000026226044,0.03336799889802933,0.03265700116753578,0.03333599865436554,2235035,0.0,0.0
2024-07-22 00:00:00+00:00,0.03333599865436554,0.033604998141527176,0.03193200007081032,0.03206200152635574,2105011,0.0,0.0
2024-07-23 00:00:00+00:00,0.03206200152635574,0.0320889987051487,0.03189599886536598,0.03196199983358383,1845142,0.0,0.0
2024-07-24 00:00:00+00:00,0.03195999935269356,0.031980000436306,0.028320999816060066,0.028495000675320625,1838842,0.0,0.0
2024-07-25 00:00:00+00:00,0.028495000675320625,0.028687000274658203,0.027370000258088112,0.027741000056266785,555522,0.0,0.0
2024-07-26 00:00:00+00:00,0.027741000056266785,0.02795499935746193,0.027706999331712723,0.027765000239014626,1643844,0.0,0.0
2024-07-27 00:00:00+00:00,0.027765000239014626,0.02782299928367138,0.02769399993121624,0.027809999883174896,1214648,0.0,0.0
2024-07-28 00:00:00+00:00,0.027809999883174896,0.02811400033533573,0.02768000029027462,0.02771800011396408,1928752,0.0,0.0
2024-07-29 00:00:00+00:00,0.02771800011396408,0.02806599996984005,0.027615999802947044,0.02797500044107437,1947401,0.0,0.0
2024-07-30 00:00:00+00:00,0.02797500044107437,0.02805200032889843,0.027838999405503273,0.027885999530553818,2091585,0.0,0.0
2024-07-31 00:00:00+00:00,0.027885999530553818,0.027900999411940575,0.02755199931561947,0.02765900082886219,2463911,0.0,0.0
2024-08-01 00:00:00+00:00,0.02765900082886219,0.027712000533938408,0.02463199943304062,0.02463500015437603,877787,0.0,0.0
2024-08-02 00:00:00+00:00,0.02463500015437603,0.02623800002038479,0.024389000609517097,0.025268999859690666,734146,0.0,0.0
2024-08-03 00:00:00+00:00,0.025268999859690666,0.025916999205946922,0.024362999945878983,0.02436700090765953,264685,0.0,0.0
2024-08-04 00:00:00+00:00,0.02436700090765953,0.024862000718712807,0.022610999643802643,0.023360999301075935,336336,0.0,0.0
2024-08-05 00:00:00+00:00,0.02336299978196621,0.027161000296473503,0.021266000345349312,0.027153000235557556,283288,0.0,0.0
2024-08-06 00:00:00+00:00,0.027153000235557556,0.03018300049006939,0.02662299945950508,0.026938000693917274,294218,0.0,0.0
2024-08-07 00:00:00+00:00,0.026938000693917274,0.02728400006890297,0.02448599971830845,0.024799000471830368,202002,0.0,0.0
2024-08-08 00:00:00+00:00,0.024799000471830368,0.025049999356269836,0.02462800033390522,0.0248780008405447,229950,0.0,0.0
2024-08-09 00:00:00+00:00,0.024886000901460648,0.026914000511169434,0.0243539996445179,0.02447500079870224,240701,0.0,0.0
2024-08-10 00:00:00+00:00,0.024469999596476555,0.026827000081539154,0.022982999682426453,0.024325000122189522,268772,0.0,0.0
2024-08-11 00:00:00+00:00,0.02432899922132492,0.024700000882148743,0.0233559999614954,0.023969000205397606,246550,0.0,0.0
2024-08-12 00:00:00+00:00,0.023969000205397606,0.025551000609993935,0.02294600009918213,0.025510000064969063,267173,0.0,0.0
2024-08-13 00:00:00+00:00,0.025510000064969063,0.025557000190019608,0.024568000808358192,0.02457300014793873,260883,0.0,0.0
2024-08-14 00:00:00+00:00,0.02457300014793873,0.026907000690698624,0.02382499910891056,0.025856999680399895,271225,0.0,0.0
2024-08-15 00:00:00+00:00,0.025856999680399895,0.026312999427318573,0.025752000510692596,0.02586900070309639,284896,0.0,0.0
2024-08-16 00:00:00+00:00,0.02586900070309639,0.02593199908733368,0.024720000103116035,0.02484400011599064,348273,0.0,0.0
2024-08-17 00:00:00+00:00,0.02484400011599064,0.024893000721931458,0.02411000058054924,0.024268999695777893,378281,0.0,0.0
2024-08-18 00:00:00+00:00,0.024268999695777893,0.024747999384999275,0.024230999872088432,0.024390000849962234,347030,0.0,0.0
2024-08-19 00:00:00+00:00,0.024390000849962234,0.024459000676870346,0.023730000481009483,0.024298999458551407,366329,0.0,0.0
2024-08-20 00:00:00+00:00,0.024304000660777092,0.024636000394821167,0.024103999137878418,0.024133000522851944,370837,0.0,0.0
2024-08-21 00:00:00+00:00,0.024149000644683838,0.02511800080537796,0.02397499978542328,0.024586999788880348,352624,0.0,0.0
2024-08-22 00:00:00+00:00,0.024584000930190086,0.025453999638557434,0.02418999932706356,0.024312999099493027,328587,0.0,0.0
2024-08-23 00:00:00+00:00,0.024312999099493027,0.025035999715328217,0.02352299913764,0.024891000241041183,865780,0.0,0.0
2024-08-24 00:00:00+00:00,0.024891000241041183,0.029425999149680138,0.024737000465393066,0.025105999782681465,1353669,0.0,0.0
2024-08-25 00:00:00+00:00,0.025105999782681465,0.02618500031530857,0.024921000003814697,0.026102999225258827,1341714,0.0,0.0
2024-08-26 00:00:00+00:00,0.026102999225258827,0.026102999225258827,0.02447899989783764,0.02450999990105629,1284726,0.0,0.0
2024-08-27 00:00:00+00:00,0.02450999990105629,0.02455800026655197,0.023855000734329224,0.02396100014448166,1222169,0.0,0.0
2024-08-28 00:00:00+00:00,0.02396100014448166,0.024080000817775726,0.023914000019431114,0.024031000211834908,1213927,0.0,0.0
2024-08-29 00:00:00+00:00,0.024031000211834908,0.024095000699162483,0.02201399952173233,0.022019999101758003,559553,0.0,0.0
2024-08-30 00:00:00+00:00,0.022019999101758003,0.02420699968934059,0.021824000403285027,0.022453000769019127,128151,0.0,0.0
2024-08-31 00:00:00+00:00,0.022453000769019127,0.0224590003490448,0.02090499922633171,0.021776000037789345,152712,0.0,0.0
2024-09-01 00:00:00+00:00,0.021776000037789345,0.02185400016605854,0.021712999790906906,0.0218260008841753,206663,0.0,0.0
2024-09-02 00:00:00+00:00,0.0218260008841753,0.022789999842643738,0.021748000755906105,0.02276800014078617,163056,0.0,0.0
2024-09-03 00:00:00+00:00,0.02276800014078617,0.022803999483585358,0.021716000512242317,0.021740000694990158,187251,0.0,0.0
2024-09-04 00:00:00+00:00,0.021740000694990158,0.021859999746084213,0.01961500011384487,0.021844999864697456,222476,0.0,0.0
2024-09-05 00:00:00+00:00,0.021844999864697456,0.031599998474121094,0.021369999274611473,0.02142300084233284,297347,0.0,0.0
2024-09-06 00:00:00+00:00,0.02142300084233284,0.021432999521493912,0.01923000067472458,0.02030099928379059,202855,0.0,0.0
2024-09-07 00:00:00+00:00,0.02030099928379059,0.020767999812960625,0.019745999947190285,0.02044999971985817,227210,0.0,0.0
2024-09-08 00:00:00+00:00,0.02044999971985817,0.02076900005340576,0.0192050002515316,0.019363999366760254,194472,0.0,0.0
2024-09-09 00:00:00+00:00,0.019363999366760254,0.021321000531315804,0.018817000091075897,0.019686000421643257,205137,0.0,0.0
2024-09-10 00:00:00+00:00,0.019686000421643257,0.020481999963521957,0.018900999799370766,0.020333999767899513,187750,0.0,0.0
2024-09-11 00:00:00+00:00,0.020333999767899513,0.02049900032579899,0.019068999215960503,0.019362999126315117,256462,0.0,0.0
2024-09-12 00:00:00+00:00,0.019367000088095665,0.01962600089609623,0.019078999757766724,0.01961899921298027,248176,0.0,0.0
2024-09-13 00:00:00+00:00,0.01961899921298027,0.019626999273896217,0.018935000523924828,0.019235000014305115,255166,0.0,0.0
2024-09-14 00:00:00+00:00,0.019235000014305115,0.0194109994918108,0.01902800053358078,0.019063999876379967,251778,0.0,0.0
2024-09-15 00:00:00+00:00,0.019063999876379967,0.02043299935758114,0.018369000405073166,0.019216999411582947,255507,0.0,0.0
2024-09-16 00:00:00+00:00,0.019216999411582947,0.01932699978351593,0.018946999683976173,0.01909000054001808,238473,0.0,0.0
2024-09-17 00:00:00+00:00,0.01909000054001808,0.01945200003683567,0.01882299967110157,0.018911000341176987,212460,0.0,0.0
2024-09-18 00:00:00+00:00,0.018911000341176987,0.019974999129772186,0.01742199994623661,0.01944199949502945,262786,0.0,0.0
2024-09-19 00:00:00+00:00,0.019439000636339188,0.02040800079703331,0.019262999296188354,0.019565999507904053,264662,0.0,0.0
2024-09-20 00:00:00+00:00,0.019565999507904053,0.0197759997099638,0.01942799985408783,0.019759999588131905,206943,0.0,0.0
2024-09-21 00:00:00+00:00,0.019759999588131905,0.01976799964904785,0.01924699917435646,0.019247999414801598,210449,0.0,0.0
2024-09-22 00:00:00+00:00,0.01925400085747242,0.019286999478936195,0.019019000232219696,0.019077999517321587,184282,0.0,0.0
2024-09-23 00:00:00+00:00,0.019077999517321587,0.019094999879598618,0.01854199916124344,0.01889600045979023,237494,0.0,0.0
2024-09-24 00:00:00+00:00,0.018914999440312386,0.018936000764369965,0.017754999920725822,0.017781000584363937,234418,0.0,0.0
2024-09-25 00:00:00+00:00,0.017781000584363937,0.01865999959409237,0.017743999138474464,0.018453000113368034,216114,0.0,0.0
2024-09-26 00:00:00+00:00,0.018453000113368034,0.019967999309301376,0.018086999654769897,0.019967999309301376,247010,0.0,0.0
2024-09-27 00:00:00+00:00,0.019967999309301376,0.020515000447630882,0.01963699981570244,0.019923999905586243,263734,0.0,0.0
2024-09-28 00:00:00+00:00,0.019923999905586243,0.01992500014603138,0.019074000418186188,0.01922599971294403,242965,0.0,0.0
2024-09-29 00:00:00+00:00,0.01922599971294403,0.01948400028049946,0.01899700053036213,0.019047999754548073,207829,0.0,0.0
2024-09-30 00:00:00+00:00,0.019047999754548073,0.01915000006556511,0.01825599931180477,0.018293999135494232,254721,0.0,0.0
2024-10-01 00:00:00+00:00,0.018293999135494232,0.019068999215960503,0.01743900030851364,0.017767999321222305,235878,0.0,0.0
2024-10-02 00:00:00+00:00,0.017767999321222305,0.01824299991130829,0.01775299943983555,0.018164999783039093,241711,0.0,0.0
2024-10-03 00:00:00+00:00,0.018164999783039093,0.018435999751091003,0.017712999135255814,0.017991000786423683,167910,0.0,0.0
2024-10-04 00:00:00+00:00,0.01799199916422367,0.018782999366521835,0.01798900030553341,0.018756000325083733,194619,0.0,0.0
2024-10-05 00:00:00+00:00,0.018756000325083733,0.01878100074827671,0.018408000469207764,0.018428999930620193,106239,0.0,0.0
2024-10-06 00:00:00+00:00,0.018428999930620193,0.01843699999153614,0.018377000465989113,0.018427999690175056,48421,0.0,0.0
2024-10-07 00:00:00+00:00,0.018427999690175056,0.019121000543236732,0.01839599944651127,0.01862500049173832,152303,0.0,0.0
2024-10-08 00:00:00+00:00,0.01862500049173832,0.018685000017285347,0.01799900084733963,0.018019000068306923,215364,0.0,0.0
2024-10-09 00:00:00+00:00,0.01801300048828125,0.018550999462604523,0.017994999885559082,0.018364999443292618,213921,0.0,0.0
2024-10-10 00:00:00+00:00,0.018371999263763428,0.019416000694036484,0.01699499972164631,0.018347999081015587,146319,0.0,0.0
2024-10-11 00:00:00+00:00,0.018347999081015587,0.019795000553131104,0.017382999882102013,0.01823499985039234,14979,0.0,0.0
2024-10-12 00:00:00+00:00,0.01823499985039234,0.022470999509096146,0.0173179991543293,0.01944199949502945,62661,0.0,0.0
2024-10-13 00:00:00+00:00,0.01944199949502945,0.021073000505566597,0.017643999308347702,0.018157999962568283,72901,0.0,0.0
2024-10-14 00:00:00+00:00,0.018157999962568283,0.02053000032901764,0.01745700091123581,0.019737999886274338,192735,0.0,0.0
2024-10-15 00:00:00+00:00,0.019737999886274338,0.024111000820994377,0.019512999802827835,0.02400900050997734,309413,0.0,0.0
2024-10-16 00:00:00+00:00,0.02518099918961525,0.02946699969470501,0.02301199920475483,0.02301199920475483,247728,0.0,0.0
2024-10-17 00:00:00+00:00,0.023006999865174294,0.02394700050354004,0.020896999165415764,0.022293999791145325,205950,0.0,0.0
2024-10-18 00:00:00+00:00,0.022293999791145325,0.02343199960887432,0.02029399946331978,0.023016000166535378,272656,0.0,0.0
2024-10-19 00:00:00+00:00,0.023016000166535378,0.025583000853657722,0.02175300009548664,0.024838000535964966,286302,0.0,0.0
2024-10-20 00:00:00+00:00,0.024838000535964966,0.027605999261140823,0.022467000409960747,0.026366999372839928,821914,0.0,0.0
2024-10-21 00:00:00+00:00,0.02491600066423416,0.037046998739242554,0.024252999573946,0.036625999957323074,986414,0.0,0.0
2024-10-22 00:00:00+00:00,0.036625999957323074,0.046845000237226486,0.031078999862074852,0.031083999201655388,850253,0.0,0.0
2024-10-23 00:00:00+00:00,0.0310830008238554,0.034136999398469925,0.028054000809788704,0.033966999500989914,445511,0.0,0.0
2024-10-24 00:00:00+00:00,0.032287001609802246,0.038127999752759933,0.029546000063419342,0.03789500147104263,432101,0.0,0.0
2024-10-25 00:00:00+00:00,0.03801799938082695,0.04232199862599373,0.02566399984061718,0.03678999841213226,680567,0.0,0.0
2024-10-26 00:00:00+00:00,0.03676600009202957,0.0431319996714592,0.03232700005173683,0.03687100112438202,569415,0.0,0.0
2024-10-27 00:00:00+00:00,0.03687300160527229,0.03903000056743622,0.03458999842405319,0.037744998931884766,375904,0.0,0.0
2024-10-28 00:00:00+00:00,0.037744998931884766,0.03936000168323517,0.03522000089287758,0.03850699961185455,385763,0.0,0.0
2024-10-29 00:00:00+00:00,0.03856299817562103,0.03892900049686432,0.03508299961686134,0.03584599867463112,338618,0.0,0.0
2024-10-30 00:00:00+00:00,0.03583100065588951,0.037629999220371246,0.03329699859023094,0.033604998141527176,191658,0.0,0.0
2024-10-31 00:00:00+00:00,0.03363100066781044,0.033927999436855316,0.02962999977171421,0.03131699934601784,172433,0.0,0.0
2024-11-01 00:00:00+00:00,0.03131699934601784,0.03227299824357033,0.0264079999178648,0.028537999838590622,198596,0.0,0.0
2024-11-02 00:00:00+00:00,0.028537999838590622,0.03170099854469299,0.024133000522851944,0.026327000930905342,285886,0.0,0.0
2024-11-03 00:00:00+00:00,0.026322999969124794,0.02761700004339218,0.02449899911880493,0.027602000162005424,205201,0.0,0.0
2024-11-04 00:00:00+00:00,0.027614999562501907,0.028070999309420586,0.025047000497579575,0.02662299945950508,221551,0.0,0.0
2024-11-05 00:00:00+00:00,0.02662299945950508,0.027060000225901604,0.023365000262856483,0.02659899927675724,270813,0.0,0.0
2024-11-06 00:00:00+00:00,0.02659899927675724,0.027077000588178635,0.021033000200986862,0.021059000864624977,236084,0.0,0.0
2024-11-07 00:00:00+00:00,0.02207699976861477,0.028759000822901726,0.021934999153017998,0.02418600022792816,166182,0.0,0.0
2024-11-08 00:00:00+00:00,0.023128999397158623,0.02540699951350689,0.022048000246286392,0.024476999416947365,354388,0.0,0.0
2024-11-09 00:00:00+00:00,0.024126999080181122,0.02619200013577938,0.024018000811338425,0.024354999884963036,154506,0.0,0.0
2024-11-10 00:00:00+00:00,0.024354999884963036,0.025995999574661255,0.023060999810695648,0.025074999779462814,218004,0.0,0.0
2024-11-11 00:00:00+00:00,0.02503499947488308,0.026126999408006668,0.022985000163316727,0.026125000789761543,219981,0.0,0.0
2024-11-12 00:00:00+00:00,0.026125000789761543,0.029014000669121742,0.024876000359654427,0.027313999831676483,404792,0.0,0.0
2024-11-13 00:00:00+00:00,0.027313999831676483,0.02773600071668625,0.024689000099897385,0.02630399912595749,383440,0.0,0.0
2024-11-14 00:00:00+00:00,0.02630399912595749,0.027212999761104584,0.024188999086618423,0.02539999969303608,275501,0.0,0.0
2024-11-15 00:00:00+00:00,0.02561900019645691,0.027946999296545982,0.023780999705195427,0.0237830001860857,375597,0.0,0.0
2024-11-16 00:00:00+00:00,0.023339999839663506,0.023979999125003815,0.02121799997985363,0.02151400037109852,458031,0.0,0.0
2024-11-17 00:00:00+00:00,0.02151699922978878,0.02674200013279915,0.021510999649763107,0.02462100051343441,681461,0.0,0.0
2024-11-18 00:00:00+00:00,0.0246140006929636,0.028567999601364136,0.024089999496936798,0.0283610001206398,216292,0.0,0.0
2024-11-19 00:00:00+00:00,0.0283610001206398,0.0283610001206398,0.02505199983716011,0.025087999179959297,179159,0.0,0.0
2024-11-20 00:00:00+00:00,0.02508299984037876,0.02687999978661537,0.022981999441981316,0.023049000650644302,201892,0.0,0.0
2024-11-21 00:00:00+00:00,0.023053999990224838,0.026148000732064247,0.023027999326586723,0.024219000712037086,204739,0.0,0.0
2024-11-22 00:00:00+00:00,0.02422099933028221,0.02854200080037117,0.02342200092971325,0.028348000720143318,169866,0.0,0.0
2024-11-23 00:00:00+00:00,0.028348000720143318,0.03195500001311302,0.027101999148726463,0.027188999578356743,68686,0.0,0.0
2024-11-24 00:00:00+00:00,0.027188999578356743,0.029684999957680702,0.025678999722003937,0.02667500078678131,103412,0.0,0.0
2024-11-25 00:00:00+00:00,0.026711000129580498,0.027029000222682953,0.025798000395298004,0.026162000373005867,160135,0.0,0.0
2024-11-26 00:00:00+00:00,0.026145000010728836,0.026947999373078346,0.024620000272989273,0.02508700080215931,163594,0.0,0.0
2024-11-27 00:00:00+00:00,0.02508700080215931,0.028714999556541443,0.023786000907421112,0.028440000489354134,178665,0.0,0.0
2024-11-28 00:00:00+00:00,0.028440000489354134,0.028459999710321426,0.026638999581336975,0.02678300067782402,146721,0.0,0.0
2024-11-29 00:00:00+00:00,0.02676199935376644,0.0433569997549057,0.026637999340891838,0.03376200050115585,515722,0.0,0.0
2024-11-30 00:00:00+00:00,0.03382299840450287,0.045177001506090164,0.0338129997253418,0.04264000058174133,456666,0.0,0.0
2024-12-01 00:00:00+00:00,0.04264000058174133,0.04280899837613106,0.03853899985551834,0.03947800025343895,301059,0.0,0.0
2024-12-02 00:00:00+00:00,0.039740998297929764,0.04022999852895737,0.03371800109744072,0.034223999828100204,265964,0.0,0.0
2024-12-03 00:00:00+00:00,0.03426399827003479,0.03484499827027321,0.030365999788045883,0.031706999987363815,308762,0.0,0.0
2024-12-04 00:00:00+00:00,0.031706999987363815,0.037797000259160995,0.03145600110292435,0.03711999952793121,310087,0.0,0.0
2024-12-05 00:00:00+00:00,0.03711999952793121,0.03746800124645233,0.035760000348091125,0.03700700029730797,159546,0.0,0.0
2024-12-06 00:00:00+00:00,0.03683999925851822,0.03853100165724754,0.03441400080919266,0.03830000013113022,278737,0.0,0.0
2024-12-07 00:00:00+00:00,0.03830000013113022,0.03925200179219246,0.03472999855875969,0.0376180000603199,282851,0.0,0.0
2024-12-08 00:00:00+00:00,0.03759299963712692,0.03873300179839134,0.03517099842429161,0.03541199862957001,334243,0.0,0.0
2024-12-09 00:00:00+00:00,0.03549300134181976,0.03731900081038475,0.031151000410318375,0.03132599964737892,315970,0.0,0.0
2024-12-10 00:00:00+00:00,0.03132399916648865,0.03244100138545036,0.028150999918580055,0.0314750000834465,386357,0.0,0.0
2024-12-11 00:00:00+00:00,0.0314750000834465,0.033153001219034195,0.029532000422477722,0.032666001468896866,310862,0.0,0.0
2024-12-12 00:00:00+00:00,0.032666001468896866,0.03421600162982941,0.030282000079751015,0.03256399929523468,311953,0.0,0.0
2024-12-13 00:00:00+00:00,0.032538000494241714,0.032965000718832016,0.02917099930346012,0.03046499937772751,293001,0.0,0.0
2024-12-14 00:00:00+00:00,0.030321000143885612,0.03106199949979782,0.028473999351263046,0.028881000354886055,230155,0.0,0.0
2024-12-15 00:00:00+00:00,0.0288929995149374,0.02959899976849556,0.027581999078392982,0.029229000210762024,212250,0.0,0.0
2024-12-16 00:00:00+00:00,0.02931099943816662,0.03053000010550022,0.027046000584959984,0.029207000508904457,266930,0.0,0.0
2024-12-17 00:00:00+00:00,0.029207000508904457,0.029207000508904457,0.02613699994981289,0.02625199966132641,204248,0.0,0.0
2024-12-18 00:00:00+00:00,0.026249999180436134,0.028248000890016556,0.025786999613046646,0.026892999187111855,238693,0.0,0.0
2024-12-19 00:00:00+00:00,0.027024999260902405,0.028246000409126282,0.024555999785661697,0.025390999391674995,388826,0.0,0.0
2024-12-20 00:00:00+00:00,0.025390999391674995,0.027118999511003494,0.023060999810695648,0.025421999394893646,271357,0.0,0.0
2024-12-21 00:00:00+00:00,0.025443000718951225,0.025662999600172043,0.02372400090098381,0.023794999346137047,180359,0.0,0.0
2024-12-22 00:00:00+00:00,0.023794999346137047,0.024476999416947365,0.022557999938726425,0.022722000256180763,190138,0.0,0.0
2024-12-23 00:00:00+00:00,0.022701000794768333,0.02390499971807003,0.022021999582648277,0.02354400046169758,228640,0.0,0.0
2024-12-24 00:00:00+00:00,0.02354400046169758,0.024356000125408173,0.022419000044465065,0.024188000708818436,209084,0.0,0.0
2024-12-25 00:00:00+00:00,0.024188000708818436,0.025175999850034714,0.02273700013756752,0.023471999913454056,254353,0.0,0.0
2024-12-26 00:00:00+00:00,0.023471999913454056,0.02436400018632412,0.022064000368118286,0.023590000346302986,239970,0.0,0.0
2024-12-27 00:00:00+00:00,0.023600999265909195,0.024410000070929527,0.022055000066757202,0.02429799921810627,300113,0.0,0.0
2024-12-28 00:00:00+00:00,0.024303000420331955,0.025467999279499054,0.02252800017595291,0.024707000702619553,335956,0.0,0.0
2024-12-29 00:00:00+00:00,0.024560999125242233,0.024764999747276306,0.02008499950170517,0.020546000450849533,334687,0.0,0.0
2024-12-30 00:00:00+00:00,0.020642999559640884,0.026691000908613205,0.019259000197052956,0.022198999300599098,507520,0.0,0.0
2024-12-31 00:00:00+00:00,0.022198999300599098,0.02430099993944168,0.0200360007584095,0.02177399955689907,394231,0.0,0.0
2025-01-01 00:00:00+00:00,0.02161099947988987,0.02348100021481514,0.020021000877022743,0.02326899953186512,374765,0.0,0.0
2025-01-02 00:00:00+00:00,0.023274000734090805,0.02352599985897541,0.0205719992518425,0.023019999265670776,324123,0.0,0.0
2025-01-03 00:00:00+00:00,0.02301900088787079,0.023019999265670776,0.021126000210642815,0.0222609993070364,286115,0.0,0.0
2025-01-04 00:00:00+00:00,0.022283999249339104,0.02422500029206276,0.022014999762177467,0.024224000051617622,341815,0.0,0.0
2025-01-05 00:00:00+00:00,0.024224000051617622,0.025729000568389893,0.023686999455094337,0.02384199947118759,131842,0.0,0.0
2025-01-06 00:00:00+00:00,0.02384199947118759,0.02489599958062172,0.023034999147057533,0.024348000064492226,290271,0.0,0.0
2025-01-07 00:00:00+00:00,0.024404000490903854,0.025107000023126602,0.023096000775694847,0.02465200051665306,328435,0.0,0.0
2025-01-08 00:00:00+00:00,0.024656999856233597,0.024661000818014145,0.019682999700307846,0.019740000367164612,272383,0.0,0.0
2025-01-09 00:00:00+00:00,0.019745999947190285,0.02014400064945221,0.019300999119877815,0.01937600038945675,166014,0.0,0.0
2025-01-10 00:00:00+00:00,0.01937600038945675,0.02097800001502037,0.01823600009083748,0.020421000197529793,225061,0.0,0.0
2025-01-11 00:00:00+00:00,0.020421000197529793,0.020694000646471977,0.02014799974858761,0.02030700072646141,171612,0.0,0.0
2025-01-12 00:00:00+00:00,0.020301999524235725,0.02289699949324131,0.02011300064623356,0.02285199984908104,224764,0.0,0.0
2025-01-13 00:00:00+00:00,0.02284800074994564,0.022887999191880226,0.01909100078046322,0.019370999187231064,238691,0.0,0.0
2025-01-14 00:00:00+00:00,0.019370999187231064,0.022390000522136688,0.019215000793337822,0.020483000203967094,274058,0.0,0.0
2025-01-15 00:00:00+00:00,0.020483000203967094,0.020509999245405197,0.019665999338030815,0.020221000537276268,207525,0.0,0.0
2025-01-16 00:00:00+00:00,0.02022700011730194,0.02088100090622902,0.020042000338435173,0.0207310002297163,210827,0.0,0.0
2025-01-17 00:00:00+00:00,0.0207310002297163,0.022600999101996422,0.020431000739336014,0.02191700041294098,264034,0.0,0.0
2025-01-18 00:00:00+00:00,0.021863000467419624,0.021927999332547188,0.01871900074183941,0.0190420001745224,238916,0.0,0.0
2025-01-19 00:00:00+00:00,0.0190420001745224,0.019819000735878944,0.018157999962568283,0.01815900020301342,231115,0.0,0.0
2025-01-20 00:00:00+00:00,0.018154000863432884,0.01815599948167801,0.015177999623119831,0.01690799929201603,299740,0.0,0.0
2025-01-21 00:00:00+00:00,0.016912000253796577,0.017395999282598495,0.015644999220967293,0.017004000023007393,193017,0.0,0.0
2025-01-22 00:00:00+00:00,0.017004000023007393,0.01706100068986416,0.01637200079858303,0.016944000497460365,186792,0.0,0.0
2025-01-23 00:00:00+00:00,0.016944000497460365,0.017288999632000923,0.015625,0.015625,216570,0.0,0.0
2025-01-24 00:00:00+00:00,0.01563500054180622,0.016414999961853027,0.01534700021147728,0.01634499989449978,183889,0.0,0.0
2025-01-25 00:00:00+00:00,0.01634499989449978,0.01676199957728386,0.01603100076317787,0.016755999997258186,186274,0.0,0.0
2025-01-26 00:00:00+00:00,0.016757000237703323,0.017232999205589294,0.01575399935245514,0.0158890001475811,190205,0.0,0.0
2025-01-27 00:00:00+00:00,0.0158890001475811,0.01590000092983246,0.013426000252366066,0.013755000196397305,243514,0.0,0.0
2025-01-28 00:00:00+00:00,0.013759000226855278,0.015556000173091888,0.013543999753892422,0.013544999994337559,204318,0.0,0.0
2025-01-29 00:00:00+00:00,0.013544999994337559,0.013904999941587448,0.013512999750673771,0.013767000287771225,192977,0.0,0.0
2025-01-30 00:00:00+00:00,0.013768999837338924,0.01534700021147728,0.013767000287771225,0.015011000446975231,201015,0.0,0.0
2025-01-31 00:00:00+00:00,0.015011000446975231,0.015091000124812126,0.014120000414550304,0.014999999664723873,173505,0.0,0.0
2025-02-01 00:00:00+00:00,0.01499900035560131,0.015157000161707401,0.014720000326633453,0.015060000121593475,186365,0.0,0.0
2025-02-02 00:00:00+00:00,0.015060000121593475,0.015061000362038612,0.012742999941110611,0.012749000452458858,212291,0.0,0.0
2025-02-03 00:00:00+00:00,0.012742999941110611,0.014964000321924686,0.011346999555826187,0.014770000241696835,266632,0.0,0.0
2025-02-04 00:00:00+00:00,0.014764999970793724,0.014778000302612782,0.013538000173866749,0.013957000337541103,196152,0.0,0.0
2025-02-05 00:00:00+00:00,0.013907999731600285,0.016361000016331673,0.013807999901473522,0.015616999939084053,211244,0.0,0.0
2025-02-06 00:00:00+00:00,0.015616999939084053,0.02140899933874607,0.015595000237226486,0.019123999401926994,481486,0.0,0.0
2025-02-07 00:00:00+00:00,0.019043000414967537,0.020681999623775482,0.019043000414967537,0.020329000428318977,248829,0.0,0.0
2025-02-08 00:00:00+00:00,0.020329000428318977,0.02143399976193905,0.02030700072646141,0.021285999566316605,202597,0.0,0.0
2025-02-09 00:00:00+00:00,0.021285999566316605,0.027045000344514847,0.020558999851346016,0.024101000279188156,634783,0.0,0.0
2025-02-10 00:00:00+00:00,0.024101000279188156,0.028629999607801437,0.02285899966955185,0.025995999574661255,492756,0.0,0.0
2025-02-11 00:00:00+00:00,0.025867000222206116,0.029864000156521797,0.025854000821709633,0.02603299915790558,476049,0.0,0.0
2025-02-12 00:00:00+00:00,0.026027999818325043,0.02655399963259697,0.021500999107956886,0.022115999832749367,1112507,0.0,0.0
2025-02-13 00:00:00+00:00,0.022237999364733696,0.023000000044703484,0.02193799987435341,0.02245599962770939,336021,0.0,0.0
2025-02-14 00:00:00+00:00,0.022431999444961548,0.022487999871373177,0.021067999303340912,0.021170999854803085,259917,0.0,0.0
2025-02-15 00:00:00+00:00,0.021170999854803085,0.021842999383807182,0.019763000309467316,0.021750999614596367,317816,0.0,0.0
2025-02-16 00:00:00+00:00,0.021750999614596367,0.021782999858260155,0.021023999899625778,0.021546000614762306,215307,0.0,0.0
2025-02-17 00:00:00+00:00,0.021544000133872032,0.02159399911761284,0.020620999857783318,0.02068299986422062,206695,0.0,0.0
2025-02-18 00:00:00+00:00,0.02068299986422062,0.02077599987387657,0.018866999074816704,0.018959999084472656,276650,0.0,0.0
2025-02-19 00:00:00+00:00,0.018959999084472656,0.01992899924516678,0.0189449992030859,0.019734999164938927,215573,0.0,0.0
2025-02-20 00:00:00+00:00,0.01973400078713894,0.01990400068461895,0.01791900023818016,0.01867399923503399,319405,0.0,0.0
2025-02-21 00:00:00+00:00,0.01867399923503399,0.019216999411582947,0.01812800019979477,0.018505999818444252,295472,0.0,0.0
2025-02-22 00:00:00+00:00,0.018505999818444252,0.018528999760746956,0.01767599955201149,0.018252000212669373,225116,0.0,0.0
2025-02-23 00:00:00+00:00,0.018252000212669373,0.01850700005888939,0.01773799955844879,0.018199000507593155,210881,0.0,0.0
2025-02-24 00:00:00+00:00,0.018199000507593155,0.018341999500989914,0.017595000565052032,0.017722999677062035,188681,0.0,0.0
2025-02-25 00:00:00+00:00,0.017722999677062035,0.01773199997842312,0.017083000391721725,0.01743200048804283,203737,0.0,0.0
2025-02-26 00:00:00+00:00,0.01743200048804283,0.019478999078273773,0.017431000247597694,0.018678000196814537,522276,0.0,0.0
2025-02-27 00:00:00+00:00,0.018673000857234,0.018675999715924263,0.017890000715851784,0.01813800074160099,247496,0.0,0.0
2025-02-28 00:00:00+00:00,0.01813800074160099,0.01814199984073639,0.017145000398159027,0.01747100055217743,229444,0.0,0.0
2025-03-01 00:00:00+00:00,0.01747100055217743,0.017596999183297157,0.017211999744176865,0.017385000362992287,200904,0.0,0.0
2025-03-02 00:00:00+00:00,0.017385000362992287,0.01752300001680851,0.016940999776124954,0.01745999976992607,218902,0.0,0.0
2025-03-03 00:00:00+00:00,0.01745999976992607,0.017704999074339867,0.01683799922466278,0.016881000250577927,227864,0.0,0.0
2025-03-04 00:00:00+00:00,0.016881000250577927,0.01692100055515766,0.016183000057935715,0.016279999166727066,250271,0.0,0.0
2025-03-05 00:00:00+00:00,0.016279999166727066,0.01703299954533577,0.016246000304818153,0.016627000644803047,206039,0.0,0.0
2025-03-06 00:00:00+00:00,0.016627000644803047,0.017165999859571457,0.016600999981164932,0.017123999074101448,192670,0.0,0.0
2025-03-07 00:00:00+00:00,0.017123999074101448,0.017302999272942543,0.016901999711990356,0.016922999173402786,166362,0.0,0.0
2025-03-08 00:00:00+00:00,0.016922999173402786,0.018850000575184822,0.01670300029218197,0.018140999600291252,239415,0.0,0.0
2025-03-09 00:00:00+00:00,0.018140999600291252,0.01862500049173832,0.018070999532938004,0.018250999972224236,241240,0.0,0.0
2025-03-10 00:00:00+00:00,0.018247000873088837,0.018748000264167786,0.01814199984073639,0.018264999613165855,203940,0.0,0.0
2025-03-11 00:00:00+00:00,0.018265999853610992,0.018265999853610992,0.015615999698638916,0.01651100069284439,346425,0.0,0.0
2025-03-12 00:00:00+00:00,0.01651100069284439,0.016776999458670616,0.015828000381588936,0.016011999920010567,214723,0.0,0.0
2025-03-13 00:00:00+00:00,0.016011999920010567,0.017100000753998756,0.01599700003862381,0.01681699976325035,196289,0.0,0.0
2025-03-14 00:00:00+00:00,0.01681699976325035,0.01682800054550171,0.01619799993932247,0.016589999198913574,194286,0.0,0.0
2025-03-15 00:00:00+00:00,0.016589999198913574,0.016898000612854958,0.016258999705314636,0.016536999493837357,210447,0.0,0.0
2025-03-16 00:00:00+00:00,0.016536999493837357,0.01666799932718277,0.01619900017976761,0.016597000882029533,190379,0.0,0.0
2025-03-17 00:00:00+00:00,0.01659799925982952,0.017481999471783638,0.016496999189257622,0.016790999099612236,240839,0.0,0.0
2025-03-18 00:00:00+00:00,0.016790999099612236,0.016791999340057373,0.01510000042617321,0.015168000012636185,300172,0.0,0.0
2025-03-19 00:00:00+00:00,0.015166999772191048,0.015507999807596207,0.0146289998665452,0.015242000110447407,267307,0.0,0.0
2025-03-20 00:00:00+00:00,0.015242000110447407,0.015468999743461609,0.013476000167429447,0.013762000016868114,435269,0.0,0.0
2025-03-21 00:00:00+00:00,0.013772999867796898,0.015565999783575535,0.013546999543905258,0.014976000413298607,262931,0.0,0.0
2025-03-22 00:00:00+00:00,0.014976000413298607,0.015416000038385391,0.013604000210762024,0.015410000458359718,275502,0.0,0.0
2025-03-23 00:00:00+00:00,0.015410000458359718,0.015441999770700932,0.013899000361561775,0.014107000082731247,297640,0.0,0.0
2025-03-24 00:00:00+00:00,0.014107000082731247,0.01424300018697977,0.01334999967366457,0.013565000146627426,217563,0.0,0.0
2025-03-25 00:00:00+00:00,0.013574999757111073,0.014321000315248966,0.013123000040650368,0.013850999996066093,247886,0.0,0.0
2025-03-26 00:00:00+00:00,0.013856999576091766,0.014084000140428543,0.012808999978005886,0.013819999992847443,213881,0.0,0.0
2025-03-27 00:00:00+00:00,0.013819999992847443,0.013980000279843807,0.013175999745726585,0.013784999959170818,260266,0.0,0.0
2025-03-28 00:00:00+00:00,0.013784999959170818,0.013927999883890152,0.012900000438094139,0.013106999918818474,192849,0.0,0.0
2025-03-29 00:00:00+00:00,0.013106999918818474,0.013766000047326088,0.01266700029373169,0.013385999947786331,230867,0.0,0.0
2025-03-30 00:00:00+00:00,0.013385999947786331,0.01372199971228838,0.013213999569416046,0.013683999888598919,198068,0.0,0.0
2025-03-31 00:00:00+00:00,0.013664999976754189,0.013918000273406506,0.013078000396490097,0.01333799958229065,182516,0.0,0.0
2025-04-01 00:00:00+00:00,0.013337000273168087,0.013632000423967838,0.012419999577105045,0.012419999577105045,241142,0.0,0.0
2025-04-02 00:00:00+00:00,0.01241500023752451,0.012640000320971012,0.011900999583303928,0.011997000314295292,218644,0.0,0.0
2025-04-03 00:00:00+00:00,0.011997000314295292,0.012469000183045864,0.011187000200152397,0.012356000021100044,189893,0.0,0.0
2025-04-04 00:00:00+00:00,0.012361999601125717,0.012396000325679779,0.011888000182807446,0.01218899991363287,189832,0.0,0.0
2025-04-05 00:00:00+00:00,0.012187999673187733,0.01220100000500679,0.01179799996316433,0.012125999666750431,180629,0.0,0.0
2025-04-06 00:00:00+00:00,0.012125999666750431,0.012125999666750431,0.010181999765336514,0.01024600025266409,208842,0.0,0.0
2025-04-07 00:00:00+00:00,0.01024600025266409,0.010409999638795853,0.009468000382184982,0.010261000134050846,230089,0.0,0.0
2025-04-08 00:00:00+00:00,0.010261000134050846,0.010754999704658985,0.008938999846577644,0.009108999744057655,272078,0.0,0.0
2025-04-09 00:00:00+00:00,0.009108999744057655,0.009610000066459179,0.008945999667048454,0.009487999603152275,243439,0.0,0.0
2025-04-10 00:00:00+00:00,0.009487999603152275,0.010250000283122063,0.009100000374019146,0.009157000109553337,329315,0.0,0.0
2025-04-11 00:00:00+00:00,0.009157000109553337,0.00966699980199337,0.008996999822556973,0.009014000184834003,254360,0.0,0.0
2025-04-12 00:00:00+00:00,0.008996999822556973,0.009990000165998936,0.008988000452518463,0.009960000403225422,260748,0.0,0.0
2025-04-13 00:00:00+00:00,0.009960000403225422,0.011347999796271324,0.009868999943137169,0.009895999915897846,315928,0.0,0.0
2025-04-14 00:00:00+00:00,0.009897000156342983,0.01029799971729517,0.009201999753713608,0.009201999753713608,251275,0.0,0.0
2025-04-15 00:00:00+00:00,0.009208999574184418,0.010502000339329243,0.008980000391602516,0.009651999920606613,292057,0.0,0.0
2025-04-16 00:00:00+00:00,0.009651999920606613,0.010362000204622746,0.009335000067949295,0.009693999774754047,292491,0.0,0.0
2025-04-17 00:00:00+00:00,0.009689000435173512,0.010137000121176243,0.009266000241041183,0.010107999667525291,264132,0.0,0.0
2025-04-18 00:00:00+00:00,0.010137000121176243,0.010286999866366386,0.009081000462174416,0.009248999878764153,304914,0.0,0.0
2025-04-19 00:00:00+00:00,0.009248999878764153,0.009583000093698502,0.008988000452518463,0.00926900003105402,252632,0.0,0.0
2025-04-20 00:00:00+00:00,0.00926900003105402,0.009746000170707703,0.009066999889910221,0.009228000417351723,235461,0.0,0.0
2025-04-21 00:00:00+00:00,0.009228000417351723,0.010022999718785286,0.009108000434935093,0.009589999914169312,312207,0.0,0.0
2025-04-22 00:00:00+00:00,0.009596000425517559,0.010157999582588673,0.009444000199437141,0.010073999874293804,255282,0.0,0.0
2025-04-23 00:00:00+00:00,0.010073999874293804,0.010866000317037106,0.009684000164270401,0.0101500004529953,247368,0.0,0.0
2025-04-24 00:00:00+00:00,0.010142999701201916,0.010301999747753143,0.009593999944627285,0.009720000438392162,211226,0.0,0.0
2025-04-25 00:00:00+00:00,0.009720000438392162,0.01066100038588047,0.009593999944627285,0.010569999925792217,234496,0.0,0.0
2025-04-26 00:00:00+00:00,0.010569999925792217,0.010739999823272228,0.009940000250935555,0.009991999715566635,217638,0.0,0.0
2025-04-27 00:00:00+00:00,0.009991999715566635,0.010220999829471111,0.009604999795556068,0.009809999726712704,179200,0.0,0.0
2025-04-28 00:00:00+00:00,0.009809999726712704,0.010149000212550163,0.009451000019907951,0.009626000188291073,208092,0.0,0.0
2025-04-29 00:00:00+00:00,0.009626000188291073,0.009752999991178513,0.00911100022494793,0.00942699983716011,232277,0.0,0.0
2025-04-30 00:00:00+00:00,0.00942699983716011,0.00953999999910593,0.009019000455737114,0.009225999936461449,198348,0.0,0.0
2025-05-01 00:00:00+00:00,0.009225999936461449,0.00980400014668703,0.009096999652683735,0.009498000144958496,221054,0.0,0.0
2025-05-02 00:00:00+00:00,0.009499000385403633,0.010487999767065048,0.009320000186562538,0.01005799975246191,222696,0.0,0.0
2025-05-03 00:00:00+00:00,0.01005799975246191,0.010134999640285969,0.009844000451266766,0.009939000010490417,49580,0.0,0.0
2025-05-04 00:00:00+00:00,0.009939000010490417,0.009941999800503254,0.00952600035816431,0.009588999673724174,23256,0.0,0.0
2025-05-05 00:00:00+00:00,0.009588999673724174,0.00989999994635582,0.009116999804973602,0.009348999708890915,44801,0.0,0.0
2025-05-06 00:00:00+00:00,0.009348999708890915,0.010257000103592873,0.009267999790608883,0.009972999803721905,21608,0.0,0.0
2025-05-07 00:00:00+00:00,0.009972999803721905,0.010017000138759613,0.009242000058293343,0.009321000427007675,38284,0.0,0.0
2025-05-08 00:00:00+00:00,0.009321000427007675,0.009953999891877174,0.009270000271499157,0.009643999859690666,118361,0.0,0.0
2025-05-09 00:00:00+00:00,0.009643999859690666,0.012214000336825848,0.009469999931752682,0.011509000323712826,290820,0.0,0.0
2025-05-10 00:00:00+00:00,0.011509000323712826,0.011838999576866627,0.01105399988591671,0.011231999844312668,208877,0.0,0.0
2025-05-11 00:00:00+00:00,0.011231999844312668,0.011251999996602535,0.009844000451266766,0.010491999797523022,261470,0.0,0.0
2025-05-12 00:00:00+00:00,0.010491999797523022,0.010631999932229519,0.009801000356674194,0.00991200003772974,280011,0.0,0.0
2025-05-13 00:00:00+00:00,0.00991200003772974,0.010231999680399895,0.009851000271737576,0.010215999558568,273151,0.0,0.0
2025-05-14 00:00:00+00:00,0.01018300000578165,0.010649999603629112,0.009933999739587307,0.010463000275194645,233218,0.0,0.0
2025-05-15 00:00:00+00:00,0.010455000214278698,0.010809999890625477,0.010161999613046646,0.010251999832689762,248036,0.0,0.0
2025-05-16 00:00:00+00:00,0.010250000283122063,0.01030499953776598,0.009841999970376492,0.009995999746024609,217537,0.0,0.0
2025-05-17 00:00:00+00:00,0.009995999746024609,0.010866000317037106,0.009518000297248363,0.009782000444829464,268218,0.0,0.0
2025-05-18 00:00:00+00:00,0.009785999543964863,0.01064400002360344,0.009569999761879444,0.010486000217497349,267325,0.0,0.0
2025-05-19 00:00:00+00:00,0.010486000217497349,0.010834000073373318,0.010395999997854233,0.010808000341057777,246654,0.0,0.0
2025-05-20 00:00:00+00:00,0.01080700010061264,0.010811000131070614,0.010160000063478947,0.010201999917626381,259456,0.0,0.0
2025-05-21 00:00:00+00:00,0.010201999917626381,0.010649999603629112,0.010129000060260296,0.010553999803960323,217210,0.0,0.0
2025-05-22 00:00:00+00:00,0.010553999803960323,0.011250999756157398,0.010223999619483948,0.01097899954766035,229796,0.0,0.0
2025-05-23 00:00:00+00:00,0.010979999788105488,0.011158999986946583,0.00923100020736456,0.00938700046390295,322718,0.0,0.0
2025-05-24 00:00:00+00:00,0.00937699992209673,0.009614000096917152,0.009170999750494957,0.00939599983394146,296139,0.0,0.0
2025-05-25 00:00:00+00:00,0.009348000399768353,0.00957299955189228,0.009169000200927258,0.009398000314831734,311503,0.0,0.0
2025-05-26 00:00:00+00:00,0.00939400028437376,0.011827999725937843,0.009248999878764153,0.011435000225901604,388075,0.0,0.0
2025-05-27 00:00:00+00:00,0.011397000402212143,0.01140500046312809,0.009862000122666359,0.009979000315070152,339841,0.0,0.0
2025-05-28 00:00:00+00:00,0.009979000315070152,0.011614000424742699,0.00938700046390295,0.011408000253140926,462335,0.0,0.0
2025-05-29 00:00:00+00:00,0.011408000253140926,0.01144300028681755,0.010125000029802322,0.010246999561786652,430579,0.0,0.0
2025-05-30 00:00:00+00:00,0.010249000042676926,0.010250999592244625,0.009514999575912952,0.009703000076115131,379598,0.0,0.0
2025-05-31 00:00:00+00:00,0.009703000076115131,0.010482000187039375,0.009247000329196453,0.009298999793827534,366787,0.0,0.0
2025-06-01 00:00:00+00:00,0.009317757561802864,0.009651046246290207,0.009017013013362885,0.009108536876738071,336364,0.0,0.0
