TIMESTAMP,CHEWY_OPEN_PRICE_USD,CHEWY_HIGH_PRICE_USD,CHEWY_LOW_PRICE_USD,CHEWY_CLOSE_PRICE_USD,CHEWY_VOLUME_USD,CHEWY_DIVIDENDS_USD,CHEWY_STOCK_SPLITS_USD
2024-04-23 00:00:00+00:00,6.000000212225132e-06,6.000000212225132e-06,6.000000212225132e-06,6.000000212225132e-06,2157,0.0,0.0
2024-04-24 00:00:00+00:00,6.000000212225132e-06,6.000000212225132e-06,4.999999873689376e-06,4.999999873689376e-06,2881,0.0,0.0
2024-04-25 00:00:00+00:00,4.999999873689376e-06,4.999999873689376e-06,4.999999873689376e-06,4.999999873689376e-06,5308,0.0,0.0
2024-04-26 00:00:00+00:00,4.999999873689376e-06,4.999999873689376e-06,4.999999873689376e-06,4.999999873689376e-06,3642,0.0,0.0
2024-04-27 00:00:00+00:00,4.999999873689376e-06,4.999999873689376e-06,4.999999873689376e-06,4.999999873689376e-06,1472,0.0,0.0
2024-04-28 00:00:00+00:00,4.999999873689376e-06,6.000000212225132e-06,4.999999873689376e-06,4.999999873689376e-06,1661,0.0,0.0
2024-04-29 00:00:00+00:00,4.999999873689376e-06,6.000000212225132e-06,4.999999873689376e-06,4.999999873689376e-06,1295,0.0,0.0
2024-04-30 00:00:00+00:00,4.999999873689376e-06,6.000000212225132e-06,4.999999873689376e-06,4.999999873689376e-06,3306,0.0,0.0
2024-05-01 00:00:00+00:00,4.999999873689376e-06,4.999999873689376e-06,4.999999873689376e-06,4.999999873689376e-06,3243,0.0,0.0
2024-05-02 00:00:00+00:00,4.999999873689376e-06,4.999999873689376e-06,4.999999873689376e-06,4.999999873689376e-06,514,0.0,0.0
2024-05-03 00:00:00+00:00,4.999999873689376e-06,4.999999873689376e-06,3.999999989900971e-06,4.999999873689376e-06,4861,0.0,0.0
2024-05-04 00:00:00+00:00,4.999999873689376e-06,4.999999873689376e-06,3.999999989900971e-06,4.999999873689376e-06,6450,0.0,0.0
2024-05-05 00:00:00+00:00,4.999999873689376e-06,4.999999873689376e-06,4.999999873689376e-06,4.999999873689376e-06,485,0.0,0.0
2024-05-06 00:00:00+00:00,4.999999873689376e-06,4.999999873689376e-06,3.000000106112566e-06,3.000000106112566e-06,13689,0.0,0.0
2024-05-07 00:00:00+00:00,3.000000106112566e-06,3.999999989900971e-06,3.000000106112566e-06,3.999999989900971e-06,15079,0.0,0.0
2024-05-08 00:00:00+00:00,3.999999989900971e-06,3.999999989900971e-06,3.000000106112566e-06,3.000000106112566e-06,2806,0.0,0.0
2024-05-09 00:00:00+00:00,3.000000106112566e-06,3.999999989900971e-06,3.000000106112566e-06,3.999999989900971e-06,1346,0.0,0.0
2024-05-10 00:00:00+00:00,3.999999989900971e-06,3.999999989900971e-06,3.000000106112566e-06,3.000000106112566e-06,485,0.0,0.0
2024-05-11 00:00:00+00:00,3.000000106112566e-06,3.000000106112566e-06,3.000000106112566e-06,3.000000106112566e-06,1993,0.0,0.0
2024-05-12 00:00:00+00:00,3.000000106112566e-06,3.000000106112566e-06,3.000000106112566e-06,3.000000106112566e-06,337,0.0,0.0
2024-05-13 00:00:00+00:00,3.000000106112566e-06,3.000000106112566e-06,3.000000106112566e-06,3.000000106112566e-06,1108,0.0,0.0
2024-05-14 00:00:00+00:00,3.000000106112566e-06,3.000000106112566e-06,3.000000106112566e-06,3.000000106112566e-06,814,0.0,0.0
2024-05-15 00:00:00+00:00,3.000000106112566e-06,3.999999989900971e-06,3.000000106112566e-06,3.999999989900971e-06,877,0.0,0.0
2024-05-16 00:00:00+00:00,3.999999989900971e-06,3.999999989900971e-06,3.000000106112566e-06,3.000000106112566e-06,355,0.0,0.0
2024-05-17 00:00:00+00:00,3.000000106112566e-06,3.999999989900971e-06,3.000000106112566e-06,3.999999989900971e-06,420,0.0,0.0
2024-05-18 00:00:00+00:00,3.999999989900971e-06,3.999999989900971e-06,3.999999989900971e-06,3.999999989900971e-06,337,0.0,0.0
2024-05-19 00:00:00+00:00,3.999999989900971e-06,3.999999989900971e-06,3.000000106112566e-06,3.000000106112566e-06,467,0.0,0.0
2024-05-20 00:00:00+00:00,3.000000106112566e-06,3.999999989900971e-06,3.000000106112566e-06,3.999999989900971e-06,1611,0.0,0.0
2024-05-21 00:00:00+00:00,3.999999989900971e-06,3.999999989900971e-06,3.999999989900971e-06,3.999999989900971e-06,953,0.0,0.0
2024-05-22 00:00:00+00:00,3.999999989900971e-06,3.999999989900971e-06,3.999999989900971e-06,3.999999989900971e-06,249,0.0,0.0
2024-05-23 00:00:00+00:00,3.999999989900971e-06,3.999999989900971e-06,3.000000106112566e-06,3.000000106112566e-06,851,0.0,0.0
2024-05-24 00:00:00+00:00,3.000000106112566e-06,3.999999989900971e-06,3.000000106112566e-06,3.000000106112566e-06,55,0.0,0.0
2024-05-25 00:00:00+00:00,3.000000106112566e-06,3.999999989900971e-06,3.000000106112566e-06,3.000000106112566e-06,498,0.0,0.0
2024-05-26 00:00:00+00:00,3.999999989900971e-06,3.999999989900971e-06,3.999999989900971e-06,3.999999989900971e-06,932,0.0,0.0
2024-05-27 00:00:00+00:00,3.999999989900971e-06,3.999999989900971e-06,3.999999989900971e-06,3.999999989900971e-06,212,0.0,0.0
2024-05-28 00:00:00+00:00,3.999999989900971e-06,3.999999989900971e-06,3.999999989900971e-06,3.999999989900971e-06,954,0.0,0.0
2024-05-29 00:00:00+00:00,3.000000106112566e-06,3.999999989900971e-06,3.000000106112566e-06,3.000000106112566e-06,139,0.0,0.0
2024-05-30 00:00:00+00:00,3.000000106112566e-06,3.000000106112566e-06,3.000000106112566e-06,3.000000106112566e-06,2430,0.0,0.0
2024-05-31 00:00:00+00:00,3.000000106112566e-06,3.000000106112566e-06,3.000000106112566e-06,3.000000106112566e-06,278,0.0,0.0
2024-06-01 00:00:00+00:00,3.000000106112566e-06,3.000000106112566e-06,3.000000106112566e-06,3.000000106112566e-06,169,0.0,0.0
2024-06-02 00:00:00+00:00,3.000000106112566e-06,3.000000106112566e-06,3.000000106112566e-06,3.000000106112566e-06,536,0.0,0.0
2024-06-03 00:00:00+00:00,3.000000106112566e-06,3.000000106112566e-06,3.000000106112566e-06,3.000000106112566e-06,1289,0.0,0.0
2024-06-04 00:00:00+00:00,3.000000106112566e-06,3.000000106112566e-06,3.000000106112566e-06,3.000000106112566e-06,253,0.0,0.0
2024-06-05 00:00:00+00:00,3.000000106112566e-06,3.000000106112566e-06,3.000000106112566e-06,3.000000106112566e-06,1054,0.0,0.0
2024-06-06 00:00:00+00:00,3.000000106112566e-06,3.000000106112566e-06,1.9999999949504854e-06,1.9999999949504854e-06,6321,0.0,0.0
2024-06-07 00:00:00+00:00,1.9999999949504854e-06,3.000000106112566e-06,1.9999999949504854e-06,1.9999999949504854e-06,2811,0.0,0.0
2024-06-08 00:00:00+00:00,1.9999999949504854e-06,3.000000106112566e-06,1.9999999949504854e-06,3.000000106112566e-06,2958,0.0,0.0
2024-06-09 00:00:00+00:00,3.000000106112566e-06,3.000000106112566e-06,3.000000106112566e-06,3.000000106112566e-06,104,0.0,0.0
2024-06-10 00:00:00+00:00,3.000000106112566e-06,3.000000106112566e-06,3.000000106112566e-06,3.000000106112566e-06,423,0.0,0.0
2024-06-11 00:00:00+00:00,3.000000106112566e-06,3.000000106112566e-06,1.9999999949504854e-06,3.000000106112566e-06,5350,0.0,0.0
2024-06-12 00:00:00+00:00,3.000000106112566e-06,3.000000106112566e-06,1.9999999949504854e-06,1.9999999949504854e-06,2211,0.0,0.0
2024-06-13 00:00:00+00:00,1.9999999949504854e-06,1.9999999949504854e-06,1.9999999949504854e-06,1.9999999949504854e-06,318,0.0,0.0
2024-06-14 00:00:00+00:00,1.9999999949504854e-06,1.9999999949504854e-06,1.9999999949504854e-06,1.9999999949504854e-06,270,0.0,0.0
2024-06-15 00:00:00+00:00,1.9999999949504854e-06,1.9999999949504854e-06,1.9999999949504854e-06,1.9999999949504854e-06,38,0.0,0.0
2024-06-16 00:00:00+00:00,1.9999999949504854e-06,1.9999999949504854e-06,1.9999999949504854e-06,1.9999999949504854e-06,127,0.0,0.0
2024-06-17 00:00:00+00:00,1.9999999949504854e-06,1.9999999949504854e-06,1.9999999949504854e-06,1.9999999949504854e-06,160,0.0,0.0
2024-06-18 00:00:00+00:00,1.9999999949504854e-06,1.9999999949504854e-06,9.999999974752427e-07,9.999999974752427e-07,2074,0.0,0.0
2024-06-19 00:00:00+00:00,9.999999974752427e-07,1.9999999949504854e-06,9.999999974752427e-07,1.9999999949504854e-06,469,0.0,0.0
2024-06-20 00:00:00+00:00,1.9999999949504854e-06,1.9999999949504854e-06,9.999999974752427e-07,9.999999974752427e-07,134,0.0,0.0
2024-06-21 00:00:00+00:00,9.999999974752427e-07,9.999999974752427e-07,9.999999974752427e-07,9.999999974752427e-07,409,0.0,0.0
2024-06-22 00:00:00+00:00,9.999999974752427e-07,9.999999974752427e-07,9.999999974752427e-07,9.999999974752427e-07,194,0.0,0.0
2024-06-23 00:00:00+00:00,9.999999974752427e-07,9.999999974752427e-07,9.999999974752427e-07,9.999999974752427e-07,64,0.0,0.0
2024-06-24 00:00:00+00:00,9.999999974752427e-07,9.999999974752427e-07,9.999999974752427e-07,9.999999974752427e-07,94,0.0,0.0
2024-06-25 00:00:00+00:00,9.999999974752427e-07,9.999999974752427e-07,9.999999974752427e-07,9.999999974752427e-07,103,0.0,0.0
2024-06-26 00:00:00+00:00,9.999999974752427e-07,9.999999974752427e-07,9.999999974752427e-07,9.999999974752427e-07,119,0.0,0.0
2024-06-27 00:00:00+00:00,9.999999974752427e-07,1.9999999949504854e-06,9.999999974752427e-07,9.999999974752427e-07,471,0.0,0.0
2024-06-28 00:00:00+00:00,9.999999974752427e-07,9.999999974752427e-07,9.999999974752427e-07,9.999999974752427e-07,92,0.0,0.0
2024-06-29 00:00:00+00:00,9.999999974752427e-07,9.999999974752427e-07,9.999999974752427e-07,9.999999974752427e-07,101,0.0,0.0
2024-06-30 00:00:00+00:00,9.999999974752427e-07,9.999999974752427e-07,9.999999974752427e-07,9.999999974752427e-07,89,0.0,0.0
2024-07-01 00:00:00+00:00,9.999999974752427e-07,9.999999974752427e-07,9.999999974752427e-07,9.999999974752427e-07,159,0.0,0.0
2024-07-02 00:00:00+00:00,9.999999974752427e-07,1.9999999949504854e-06,9.999999974752427e-07,1.9999999949504854e-06,2144,0.0,0.0
2024-07-03 00:00:00+00:00,1.9999999949504854e-06,1.9999999949504854e-06,9.999999974752427e-07,9.999999974752427e-07,1294,0.0,0.0
2024-07-04 00:00:00+00:00,9.999999974752427e-07,9.999999974752427e-07,9.999999974752427e-07,9.999999974752427e-07,490,0.0,0.0
2024-07-05 00:00:00+00:00,9.999999974752427e-07,9.999999974752427e-07,9.999999974752427e-07,9.999999974752427e-07,899,0.0,0.0
2024-07-06 00:00:00+00:00,9.999999974752427e-07,9.999999974752427e-07,9.999999974752427e-07,9.999999974752427e-07,393,0.0,0.0
2024-07-07 00:00:00+00:00,9.999999974752427e-07,9.999999974752427e-07,9.999999974752427e-07,9.999999974752427e-07,420,0.0,0.0
2024-07-08 00:00:00+00:00,9.999999974752427e-07,9.999999974752427e-07,9.999999974752427e-07,9.999999974752427e-07,349,0.0,0.0
2024-07-09 00:00:00+00:00,9.999999974752427e-07,9.999999974752427e-07,9.999999974752427e-07,9.999999974752427e-07,166,0.0,0.0
2024-07-10 00:00:00+00:00,9.999999974752427e-07,9.999999974752427e-07,9.999999974752427e-07,9.999999974752427e-07,629,0.0,0.0
2024-07-11 00:00:00+00:00,9.999999974752427e-07,9.999999974752427e-07,9.999999974752427e-07,9.999999974752427e-07,256,0.0,0.0
2024-07-12 00:00:00+00:00,9.999999974752427e-07,9.999999974752427e-07,9.999999974752427e-07,9.999999974752427e-07,22,0.0,0.0
2024-07-13 00:00:00+00:00,9.999999974752427e-07,9.999999974752427e-07,9.999999974752427e-07,9.999999974752427e-07,58,0.0,0.0
2024-07-14 00:00:00+00:00,9.999999974752427e-07,9.999999974752427e-07,9.999999974752427e-07,9.999999974752427e-07,27,0.0,0.0
2024-07-15 00:00:00+00:00,9.999999974752427e-07,9.999999974752427e-07,9.999999974752427e-07,9.999999974752427e-07,658,0.0,0.0
2024-07-16 00:00:00+00:00,9.999999974752427e-07,9.999999974752427e-07,9.999999974752427e-07,9.999999974752427e-07,567,0.0,0.0
2024-07-17 00:00:00+00:00,9.999999974752427e-07,9.999999974752427e-07,9.999999974752427e-07,9.999999974752427e-07,374,0.0,0.0
2024-07-18 00:00:00+00:00,9.999999974752427e-07,9.999999974752427e-07,9.999999974752427e-07,9.999999974752427e-07,238,0.0,0.0
2024-07-19 00:00:00+00:00,9.999999974752427e-07,9.999999974752427e-07,9.999999974752427e-07,9.999999974752427e-07,351,0.0,0.0
2024-07-20 00:00:00+00:00,9.999999974752427e-07,9.999999974752427e-07,9.999999974752427e-07,9.999999974752427e-07,75,0.0,0.0
2024-07-21 00:00:00+00:00,9.999999974752427e-07,9.999999974752427e-07,9.999999974752427e-07,9.999999974752427e-07,35,0.0,0.0
2024-07-22 00:00:00+00:00,9.999999974752427e-07,9.999999974752427e-07,9.999999974752427e-07,9.999999974752427e-07,52,0.0,0.0
2024-07-23 00:00:00+00:00,9.999999974752427e-07,9.999999974752427e-07,9.999999974752427e-07,9.999999974752427e-07,342,0.0,0.0
2024-07-24 00:00:00+00:00,9.999999974752427e-07,9.999999974752427e-07,9.999999974752427e-07,9.999999974752427e-07,65,0.0,0.0
2024-07-25 00:00:00+00:00,9.999999974752427e-07,9.999999974752427e-07,9.999999974752427e-07,9.999999974752427e-07,51,0.0,0.0
2024-07-26 00:00:00+00:00,9.999999974752427e-07,9.999999974752427e-07,9.999999974752427e-07,9.999999974752427e-07,50,0.0,0.0
2024-07-27 00:00:00+00:00,9.999999974752427e-07,9.999999974752427e-07,9.999999974752427e-07,9.999999974752427e-07,388,0.0,0.0
2024-07-28 00:00:00+00:00,9.999999974752427e-07,9.999999974752427e-07,9.999999974752427e-07,9.999999974752427e-07,86,0.0,0.0
2024-07-29 00:00:00+00:00,9.999999974752427e-07,9.999999974752427e-07,9.999999974752427e-07,9.999999974752427e-07,382,0.0,0.0
2024-07-30 00:00:00+00:00,9.999999974752427e-07,9.999999974752427e-07,9.999999974752427e-07,9.999999974752427e-07,3888,0.0,0.0
2024-07-31 00:00:00+00:00,9.999999974752427e-07,9.999999974752427e-07,9.999999974752427e-07,9.999999974752427e-07,1049,0.0,0.0
2024-08-01 00:00:00+00:00,9.999999974752427e-07,9.999999974752427e-07,9.999999974752427e-07,9.999999974752427e-07,144,0.0,0.0
2024-08-02 00:00:00+00:00,9.999999974752427e-07,9.999999974752427e-07,9.999999974752427e-07,9.999999974752427e-07,121,0.0,0.0
2024-08-03 00:00:00+00:00,,,,0.0,171,0.0,0.0
2024-08-04 00:00:00+00:00,,,,0.0,393,0.0,0.0
2024-08-05 00:00:00+00:00,,,,0.0,88,0.0,0.0
2024-08-06 00:00:00+00:00,,,,0.0,188,0.0,0.0
2024-08-07 00:00:00+00:00,,,,0.0,177,0.0,0.0
2024-08-08 00:00:00+00:00,,,,0.0,134,0.0,0.0
2024-08-09 00:00:00+00:00,,,,0.0,170,0.0,0.0
2024-08-10 00:00:00+00:00,0.0,9.999999974752427e-07,0.0,9.999999974752427e-07,277,0.0,0.0
2024-08-11 00:00:00+00:00,9.999999974752427e-07,9.999999974752427e-07,9.999999974752427e-07,9.999999974752427e-07,15,0.0,0.0
2024-08-12 00:00:00+00:00,9.999999974752427e-07,9.999999974752427e-07,9.999999974752427e-07,9.999999974752427e-07,487,0.0,0.0
2024-08-13 00:00:00+00:00,9.999999974752427e-07,9.999999974752427e-07,9.999999974752427e-07,9.999999974752427e-07,16,0.0,0.0
2024-08-14 00:00:00+00:00,9.999999974752427e-07,9.999999974752427e-07,9.999999974752427e-07,9.999999974752427e-07,189,0.0,0.0
2024-08-15 00:00:00+00:00,9.999999974752427e-07,9.999999974752427e-07,9.999999974752427e-07,9.999999974752427e-07,25,0.0,0.0
2024-08-16 00:00:00+00:00,9.999999974752427e-07,9.999999974752427e-07,9.999999974752427e-07,9.999999974752427e-07,56,0.0,0.0
2024-08-17 00:00:00+00:00,9.999999974752427e-07,9.999999974752427e-07,9.999999974752427e-07,9.999999974752427e-07,12,0.0,0.0
2024-08-18 00:00:00+00:00,,,,0.0,126,0.0,0.0
2024-08-19 00:00:00+00:00,,,,0.0,959,0.0,0.0
2024-08-20 00:00:00+00:00,,,,0.0,248,0.0,0.0
2024-08-21 00:00:00+00:00,,,,0.0,566,0.0,0.0
2024-08-22 00:00:00+00:00,,,,0.0,167,0.0,0.0
2024-08-23 00:00:00+00:00,,,,0.0,51,0.0,0.0
2024-08-24 00:00:00+00:00,0.0,9.999999974752427e-07,0.0,9.999999974752427e-07,37,0.0,0.0
2024-08-25 00:00:00+00:00,9.999999974752427e-07,9.999999974752427e-07,0.0,9.999999974752427e-07,60,0.0,0.0
2024-08-26 00:00:00+00:00,9.999999974752427e-07,9.999999974752427e-07,9.999999974752427e-07,9.999999974752427e-07,72,0.0,0.0
2024-08-27 00:00:00+00:00,,,,0.0,279,0.0,0.0
2024-08-28 00:00:00+00:00,,,,0.0,237,0.0,0.0
2024-08-29 00:00:00+00:00,,,,0.0,204,0.0,0.0
2024-08-30 00:00:00+00:00,,,,0.0,468,0.0,0.0
2024-08-31 00:00:00+00:00,,,,0.0,16,0.0,0.0
2024-09-01 00:00:00+00:00,,,,0.0,10,0.0,0.0
2024-09-02 00:00:00+00:00,,,,0.0,133,0.0,0.0
2024-09-03 00:00:00+00:00,0.0,9.999999974752427e-07,0.0,9.999999974752427e-07,4178,0.0,0.0
2024-09-04 00:00:00+00:00,9.999999974752427e-07,9.999999974752427e-07,9.999999974752427e-07,9.999999974752427e-07,7256,0.0,0.0
2024-09-05 00:00:00+00:00,9.999999974752427e-07,9.999999974752427e-07,9.999999974752427e-07,9.999999974752427e-07,6906,0.0,0.0
2024-09-06 00:00:00+00:00,9.999999974752427e-07,9.999999974752427e-07,9.999999974752427e-07,9.999999974752427e-07,2789,0.0,0.0
2024-09-07 00:00:00+00:00,9.999999974752427e-07,9.999999974752427e-07,9.999999974752427e-07,9.999999974752427e-07,679,0.0,0.0
2024-09-08 00:00:00+00:00,9.999999974752427e-07,9.999999974752427e-07,9.999999974752427e-07,9.999999974752427e-07,510,0.0,0.0
2024-09-09 00:00:00+00:00,9.999999974752427e-07,9.999999974752427e-07,9.999999974752427e-07,9.999999974752427e-07,834,0.0,0.0
2024-09-10 00:00:00+00:00,9.999999974752427e-07,9.999999974752427e-07,9.999999974752427e-07,9.999999974752427e-07,1357,0.0,0.0
2024-09-11 00:00:00+00:00,9.999999974752427e-07,9.999999974752427e-07,9.999999974752427e-07,9.999999974752427e-07,1369,0.0,0.0
2024-09-12 00:00:00+00:00,9.999999974752427e-07,9.999999974752427e-07,9.999999974752427e-07,9.999999974752427e-07,1491,0.0,0.0
2024-09-13 00:00:00+00:00,9.999999974752427e-07,9.999999974752427e-07,9.999999974752427e-07,9.999999974752427e-07,308,0.0,0.0
2024-09-14 00:00:00+00:00,9.999999974752427e-07,9.999999974752427e-07,9.999999974752427e-07,9.999999974752427e-07,421,0.0,0.0
2024-09-15 00:00:00+00:00,9.999999974752427e-07,9.999999974752427e-07,9.999999974752427e-07,9.999999974752427e-07,110,0.0,0.0
2024-09-16 00:00:00+00:00,9.999999974752427e-07,9.999999974752427e-07,9.999999974752427e-07,9.999999974752427e-07,1113,0.0,0.0
2024-09-17 00:00:00+00:00,9.999999974752427e-07,9.999999974752427e-07,9.999999974752427e-07,9.999999974752427e-07,106,0.0,0.0
2024-09-18 00:00:00+00:00,9.999999974752427e-07,9.999999974752427e-07,9.999999974752427e-07,9.999999974752427e-07,390,0.0,0.0
2024-09-19 00:00:00+00:00,9.999999974752427e-07,9.999999974752427e-07,9.999999974752427e-07,9.999999974752427e-07,160,0.0,0.0
2024-09-20 00:00:00+00:00,9.999999974752427e-07,9.999999974752427e-07,9.999999974752427e-07,9.999999974752427e-07,105,0.0,0.0
2024-09-21 00:00:00+00:00,9.999999974752427e-07,9.999999974752427e-07,9.999999974752427e-07,9.999999974752427e-07,2408,0.0,0.0
2024-09-22 00:00:00+00:00,9.999999974752427e-07,9.999999974752427e-07,9.999999974752427e-07,9.999999974752427e-07,275,0.0,0.0
2024-09-23 00:00:00+00:00,9.999999974752427e-07,9.999999974752427e-07,9.999999974752427e-07,9.999999974752427e-07,601,0.0,0.0
2024-09-24 00:00:00+00:00,9.999999974752427e-07,9.999999974752427e-07,9.999999974752427e-07,9.999999974752427e-07,853,0.0,0.0
2024-09-25 00:00:00+00:00,9.999999974752427e-07,9.999999974752427e-07,9.999999974752427e-07,9.999999974752427e-07,764,0.0,0.0
2024-09-26 00:00:00+00:00,9.999999974752427e-07,9.999999974752427e-07,9.999999974752427e-07,9.999999974752427e-07,1171,0.0,0.0
2024-09-27 00:00:00+00:00,9.999999974752427e-07,9.999999974752427e-07,9.999999974752427e-07,9.999999974752427e-07,4235,0.0,0.0
2024-09-28 00:00:00+00:00,9.999999974752427e-07,9.999999974752427e-07,9.999999974752427e-07,9.999999974752427e-07,1179,0.0,0.0
2024-09-29 00:00:00+00:00,9.999999974752427e-07,9.999999974752427e-07,9.999999974752427e-07,9.999999974752427e-07,446,0.0,0.0
2024-09-30 00:00:00+00:00,9.999999974752427e-07,9.999999974752427e-07,9.999999974752427e-07,9.999999974752427e-07,550,0.0,0.0
2024-10-01 00:00:00+00:00,9.999999974752427e-07,9.999999974752427e-07,9.999999974752427e-07,9.999999974752427e-07,1084,0.0,0.0
2024-10-02 00:00:00+00:00,9.999999974752427e-07,9.999999974752427e-07,9.999999974752427e-07,9.999999974752427e-07,2152,0.0,0.0
2024-10-03 00:00:00+00:00,9.999999974752427e-07,1.9999999949504854e-06,9.999999974752427e-07,9.999999974752427e-07,11661,0.0,0.0
2024-10-04 00:00:00+00:00,9.999999974752427e-07,1.9999999949504854e-06,9.999999974752427e-07,9.999999974752427e-07,20381,0.0,0.0
2024-10-05 00:00:00+00:00,9.999999974752427e-07,1.9999999949504854e-06,9.999999974752427e-07,1.9999999949504854e-06,7797,0.0,0.0
2024-10-06 00:00:00+00:00,1.9999999949504854e-06,1.9999999949504854e-06,1.9999999949504854e-06,1.9999999949504854e-06,9301,0.0,0.0
2024-10-07 00:00:00+00:00,1.9999999949504854e-06,1.9999999949504854e-06,1.9999999949504854e-06,1.9999999949504854e-06,6532,0.0,0.0
2024-10-08 00:00:00+00:00,1.9999999949504854e-06,1.9999999949504854e-06,1.9999999949504854e-06,1.9999999949504854e-06,10339,0.0,0.0
2024-10-09 00:00:00+00:00,1.9999999949504854e-06,1.9999999949504854e-06,1.9999999949504854e-06,1.9999999949504854e-06,14612,0.0,0.0
2024-10-10 00:00:00+00:00,1.9999999949504854e-06,1.9999999949504854e-06,1.9999999949504854e-06,1.9999999949504854e-06,11135,0.0,0.0
2024-10-11 00:00:00+00:00,1.9999999949504854e-06,1.9999999949504854e-06,1.9999999949504854e-06,1.9999999949504854e-06,8613,0.0,0.0
2024-10-12 00:00:00+00:00,1.9999999949504854e-06,1.9999999949504854e-06,1.9999999949504854e-06,1.9999999949504854e-06,8176,0.0,0.0
2024-10-13 00:00:00+00:00,1.9999999949504854e-06,3.999999989900971e-06,1.9999999949504854e-06,3.999999989900971e-06,54494,0.0,0.0
2024-10-14 00:00:00+00:00,3.999999989900971e-06,4.999999873689376e-06,3.000000106112566e-06,3.000000106112566e-06,32861,0.0,0.0
2024-10-15 00:00:00+00:00,3.000000106112566e-06,3.000000106112566e-06,3.000000106112566e-06,3.000000106112566e-06,9291,0.0,0.0
2024-10-16 00:00:00+00:00,3.000000106112566e-06,3.000000106112566e-06,1.9999999949504854e-06,1.9999999949504854e-06,21496,0.0,0.0
2024-10-17 00:00:00+00:00,1.9999999949504854e-06,1.9999999949504854e-06,1.9999999949504854e-06,1.9999999949504854e-06,11686,0.0,0.0
2024-10-18 00:00:00+00:00,1.9999999949504854e-06,3.000000106112566e-06,1.9999999949504854e-06,3.000000106112566e-06,9530,0.0,0.0
2024-10-19 00:00:00+00:00,3.000000106112566e-06,3.000000106112566e-06,1.9999999949504854e-06,3.000000106112566e-06,11235,0.0,0.0
2024-10-20 00:00:00+00:00,3.000000106112566e-06,3.000000106112566e-06,1.9999999949504854e-06,3.000000106112566e-06,6564,0.0,0.0
2024-10-21 00:00:00+00:00,3.000000106112566e-06,3.000000106112566e-06,3.000000106112566e-06,3.000000106112566e-06,16378,0.0,0.0
2024-10-22 00:00:00+00:00,3.000000106112566e-06,3.000000106112566e-06,3.000000106112566e-06,3.000000106112566e-06,20749,0.0,0.0
2024-10-23 00:00:00+00:00,3.000000106112566e-06,3.000000106112566e-06,1.9999999949504854e-06,1.9999999949504854e-06,19863,0.0,0.0
2024-10-24 00:00:00+00:00,1.9999999949504854e-06,3.000000106112566e-06,1.9999999949504854e-06,3.000000106112566e-06,16494,0.0,0.0
2024-10-25 00:00:00+00:00,3.000000106112566e-06,3.000000106112566e-06,1.9999999949504854e-06,1.9999999949504854e-06,15611,0.0,0.0
2024-10-26 00:00:00+00:00,1.9999999949504854e-06,1.9999999949504854e-06,1.9999999949504854e-06,1.9999999949504854e-06,11077,0.0,0.0
2024-10-27 00:00:00+00:00,1.9999999949504854e-06,1.9999999949504854e-06,1.9999999949504854e-06,1.9999999949504854e-06,8157,0.0,0.0
2024-10-28 00:00:00+00:00,1.9999999949504854e-06,1.9999999949504854e-06,1.9999999949504854e-06,1.9999999949504854e-06,15780,0.0,0.0
2024-10-29 00:00:00+00:00,1.9999999949504854e-06,1.9999999949504854e-06,1.9999999949504854e-06,1.9999999949504854e-06,15856,0.0,0.0
2024-10-30 00:00:00+00:00,1.9999999949504854e-06,1.9999999949504854e-06,1.9999999949504854e-06,1.9999999949504854e-06,10757,0.0,0.0
2024-10-31 00:00:00+00:00,1.9999999949504854e-06,1.9999999949504854e-06,1.9999999949504854e-06,1.9999999949504854e-06,9206,0.0,0.0
2024-11-01 00:00:00+00:00,1.9999999949504854e-06,1.9999999949504854e-06,1.9999999949504854e-06,1.9999999949504854e-06,17677,0.0,0.0
2024-11-02 00:00:00+00:00,1.9999999949504854e-06,1.9999999949504854e-06,1.9999999949504854e-06,1.9999999949504854e-06,12685,0.0,0.0
2024-11-03 00:00:00+00:00,1.9999999949504854e-06,1.9999999949504854e-06,9.999999974752427e-07,1.9999999949504854e-06,9235,0.0,0.0
2024-11-04 00:00:00+00:00,1.9999999949504854e-06,1.9999999949504854e-06,9.999999974752427e-07,1.9999999949504854e-06,13615,0.0,0.0
2024-11-05 00:00:00+00:00,1.9999999949504854e-06,1.9999999949504854e-06,9.999999974752427e-07,1.9999999949504854e-06,9831,0.0,0.0
2024-11-06 00:00:00+00:00,1.9999999949504854e-06,1.9999999949504854e-06,1.9999999949504854e-06,1.9999999949504854e-06,15942,0.0,0.0
2024-11-07 00:00:00+00:00,1.9999999949504854e-06,1.9999999949504854e-06,1.9999999949504854e-06,1.9999999949504854e-06,31529,0.0,0.0
2024-11-08 00:00:00+00:00,1.9999999949504854e-06,1.9999999949504854e-06,1.9999999949504854e-06,1.9999999949504854e-06,21774,0.0,0.0
2024-11-09 00:00:00+00:00,1.9999999949504854e-06,1.9999999949504854e-06,1.9999999949504854e-06,1.9999999949504854e-06,26302,0.0,0.0
2024-11-10 00:00:00+00:00,1.9999999949504854e-06,3.000000106112566e-06,1.9999999949504854e-06,1.9999999949504854e-06,44671,0.0,0.0
2024-11-11 00:00:00+00:00,1.9999999949504854e-06,3.000000106112566e-06,1.9999999949504854e-06,3.000000106112566e-06,54131,0.0,0.0
2024-11-12 00:00:00+00:00,3.000000106112566e-06,3.000000106112566e-06,1.9999999949504854e-06,3.000000106112566e-06,54009,0.0,0.0
2024-11-13 00:00:00+00:00,3.000000106112566e-06,3.000000106112566e-06,1.9999999949504854e-06,3.000000106112566e-06,66685,0.0,0.0
2024-11-14 00:00:00+00:00,3.000000106112566e-06,3.000000106112566e-06,1.9999999949504854e-06,1.9999999949504854e-06,73818,0.0,0.0
2024-11-15 00:00:00+00:00,1.9999999949504854e-06,3.000000106112566e-06,1.9999999949504854e-06,3.000000106112566e-06,52921,0.0,0.0
2024-11-16 00:00:00+00:00,3.000000106112566e-06,3.000000106112566e-06,3.000000106112566e-06,3.000000106112566e-06,60120,0.0,0.0
2024-11-17 00:00:00+00:00,3.000000106112566e-06,3.000000106112566e-06,1.9999999949504854e-06,3.000000106112566e-06,89932,0.0,0.0
2024-11-18 00:00:00+00:00,3.000000106112566e-06,3.000000106112566e-06,1.9999999949504854e-06,3.000000106112566e-06,73826,0.0,0.0
2024-11-19 00:00:00+00:00,3.000000106112566e-06,3.000000106112566e-06,1.9999999949504854e-06,1.9999999949504854e-06,78592,0.0,0.0
2024-11-20 00:00:00+00:00,1.9999999949504854e-06,3.000000106112566e-06,1.9999999949504854e-06,1.9999999949504854e-06,72640,0.0,0.0
2024-11-21 00:00:00+00:00,1.9999999949504854e-06,1.9999999949504854e-06,1.9999999949504854e-06,1.9999999949504854e-06,42616,0.0,0.0
2024-11-22 00:00:00+00:00,1.9999999949504854e-06,3.000000106112566e-06,1.9999999949504854e-06,1.9999999949504854e-06,66512,0.0,0.0
2024-11-23 00:00:00+00:00,1.9999999949504854e-06,3.000000106112566e-06,1.9999999949504854e-06,1.9999999949504854e-06,86117,0.0,0.0
2024-11-24 00:00:00+00:00,1.9999999949504854e-06,3.000000106112566e-06,1.9999999949504854e-06,1.9999999949504854e-06,37755,0.0,0.0
2024-11-25 00:00:00+00:00,1.9999999949504854e-06,1.9999999949504854e-06,1.9999999949504854e-06,1.9999999949504854e-06,64960,0.0,0.0
2024-11-26 00:00:00+00:00,1.9999999949504854e-06,1.9999999949504854e-06,1.9999999949504854e-06,1.9999999949504854e-06,72457,0.0,0.0
2024-11-27 00:00:00+00:00,1.9999999949504854e-06,1.9999999949504854e-06,1.9999999949504854e-06,1.9999999949504854e-06,37493,0.0,0.0
2024-11-28 00:00:00+00:00,1.9999999949504854e-06,3.999999989900971e-06,1.9999999949504854e-06,1.9999999949504854e-06,73420,0.0,0.0
2024-11-29 00:00:00+00:00,1.9999999949504854e-06,3.000000106112566e-06,1.9999999949504854e-06,3.000000106112566e-06,92476,0.0,0.0
2024-11-30 00:00:00+00:00,3.000000106112566e-06,3.000000106112566e-06,1.9999999949504854e-06,3.000000106112566e-06,59706,0.0,0.0
2024-12-01 00:00:00+00:00,3.000000106112566e-06,3.000000106112566e-06,1.9999999949504854e-06,3.000000106112566e-06,88679,0.0,0.0
2024-12-02 00:00:00+00:00,3.000000106112566e-06,3.000000106112566e-06,1.9999999949504854e-06,1.9999999949504854e-06,84046,0.0,0.0
2024-12-03 00:00:00+00:00,3.000000106112566e-06,3.000000106112566e-06,1.9999999949504854e-06,3.000000106112566e-06,40865,0.0,0.0
2024-12-04 00:00:00+00:00,3.000000106112566e-06,3.000000106112566e-06,1.9999999949504854e-06,3.000000106112566e-06,105974,0.0,0.0
2024-12-05 00:00:00+00:00,3.000000106112566e-06,3.000000106112566e-06,3.000000106112566e-06,3.000000106112566e-06,54326,0.0,0.0
2024-12-06 00:00:00+00:00,3.000000106112566e-06,3.000000106112566e-06,3.000000106112566e-06,3.000000106112566e-06,80627,0.0,0.0
2024-12-07 00:00:00+00:00,3.000000106112566e-06,3.000000106112566e-06,3.000000106112566e-06,3.000000106112566e-06,61019,0.0,0.0
2024-12-08 00:00:00+00:00,3.000000106112566e-06,3.000000106112566e-06,3.000000106112566e-06,3.000000106112566e-06,45835,0.0,0.0
2024-12-09 00:00:00+00:00,3.000000106112566e-06,3.000000106112566e-06,1.9999999949504854e-06,1.9999999949504854e-06,37313,0.0,0.0
2024-12-10 00:00:00+00:00,1.9999999949504854e-06,1.9999999949504854e-06,1.9999999949504854e-06,1.9999999949504854e-06,45919,0.0,0.0
2024-12-11 00:00:00+00:00,1.9999999949504854e-06,1.9999999949504854e-06,1.9999999949504854e-06,1.9999999949504854e-06,53642,0.0,0.0
2024-12-12 00:00:00+00:00,1.9999999949504854e-06,3.000000106112566e-06,1.9999999949504854e-06,1.9999999949504854e-06,50620,0.0,0.0
2024-12-13 00:00:00+00:00,1.9999999949504854e-06,1.9999999949504854e-06,1.9999999949504854e-06,1.9999999949504854e-06,63586,0.0,0.0
2024-12-14 00:00:00+00:00,1.9999999949504854e-06,3.000000106112566e-06,1.9999999949504854e-06,3.000000106112566e-06,114398,0.0,0.0
2024-12-15 00:00:00+00:00,3.000000106112566e-06,3.000000106112566e-06,3.000000106112566e-06,3.000000106112566e-06,62739,0.0,0.0
2024-12-16 00:00:00+00:00,3.000000106112566e-06,3.999999989900971e-06,3.000000106112566e-06,3.999999989900971e-06,156584,0.0,0.0
2024-12-17 00:00:00+00:00,3.999999989900971e-06,3.999999989900971e-06,3.000000106112566e-06,3.999999989900971e-06,105933,0.0,0.0
2024-12-18 00:00:00+00:00,3.999999989900971e-06,3.999999989900971e-06,3.000000106112566e-06,3.000000106112566e-06,113435,0.0,0.0
2024-12-19 00:00:00+00:00,3.000000106112566e-06,3.999999989900971e-06,3.000000106112566e-06,3.000000106112566e-06,118714,0.0,0.0
2024-12-20 00:00:00+00:00,3.000000106112566e-06,3.999999989900971e-06,3.000000106112566e-06,3.000000106112566e-06,100416,0.0,0.0
2024-12-21 00:00:00+00:00,3.000000106112566e-06,3.000000106112566e-06,1.9999999949504854e-06,3.000000106112566e-06,105200,0.0,0.0
2024-12-22 00:00:00+00:00,3.000000106112566e-06,3.000000106112566e-06,1.9999999949504854e-06,3.000000106112566e-06,76299,0.0,0.0
2024-12-23 00:00:00+00:00,3.000000106112566e-06,3.000000106112566e-06,1.9999999949504854e-06,3.000000106112566e-06,116055,0.0,0.0
2024-12-24 00:00:00+00:00,3.000000106112566e-06,3.000000106112566e-06,1.9999999949504854e-06,3.000000106112566e-06,97829,0.0,0.0
2024-12-25 00:00:00+00:00,3.000000106112566e-06,3.000000106112566e-06,3.000000106112566e-06,3.000000106112566e-06,91721,0.0,0.0
2024-12-26 00:00:00+00:00,3.000000106112566e-06,3.999999989900971e-06,3.000000106112566e-06,3.000000106112566e-06,119185,0.0,0.0
2024-12-27 00:00:00+00:00,3.000000106112566e-06,3.999999989900971e-06,3.000000106112566e-06,3.999999989900971e-06,330497,0.0,0.0
2024-12-28 00:00:00+00:00,3.999999989900971e-06,3.999999989900971e-06,3.000000106112566e-06,3.999999989900971e-06,468345,0.0,0.0
2024-12-29 00:00:00+00:00,3.999999989900971e-06,3.999999989900971e-06,3.999999989900971e-06,3.999999989900971e-06,83609,0.0,0.0
2024-12-30 00:00:00+00:00,3.999999989900971e-06,3.999999989900971e-06,3.999999989900971e-06,3.999999989900971e-06,96265,0.0,0.0
2024-12-31 00:00:00+00:00,3.999999989900971e-06,3.999999989900971e-06,3.999999989900971e-06,3.999999989900971e-06,73216,0.0,0.0
2025-01-01 00:00:00+00:00,3.999999989900971e-06,4.999999873689376e-06,3.999999989900971e-06,4.999999873689376e-06,29938,0.0,0.0
2025-01-02 00:00:00+00:00,4.999999873689376e-06,4.999999873689376e-06,3.999999989900971e-06,3.999999989900971e-06,53881,0.0,0.0
2025-01-03 00:00:00+00:00,3.999999989900971e-06,6.000000212225132e-06,3.999999989900971e-06,6.000000212225132e-06,110383,0.0,0.0
2025-01-04 00:00:00+00:00,6.000000212225132e-06,6.000000212225132e-06,4.999999873689376e-06,4.999999873689376e-06,71303,0.0,0.0
2025-01-05 00:00:00+00:00,4.999999873689376e-06,4.999999873689376e-06,4.999999873689376e-06,4.999999873689376e-06,111161,0.0,0.0
2025-01-06 00:00:00+00:00,4.999999873689376e-06,7.000000096013537e-06,4.999999873689376e-06,6.000000212225132e-06,123989,0.0,0.0
2025-01-07 00:00:00+00:00,6.000000212225132e-06,6.000000212225132e-06,6.000000212225132e-06,6.000000212225132e-06,104363,0.0,0.0
2025-01-08 00:00:00+00:00,6.000000212225132e-06,7.000000096013537e-06,6.000000212225132e-06,6.000000212225132e-06,112610,0.0,0.0
2025-01-09 00:00:00+00:00,6.000000212225132e-06,7.999999979801942e-06,6.000000212225132e-06,7.000000096013537e-06,133149,0.0,0.0
2025-01-10 00:00:00+00:00,7.000000096013537e-06,9.000000318337698e-06,7.000000096013537e-06,9.000000318337698e-06,109969,0.0,0.0
2025-01-11 00:00:00+00:00,9.000000318337698e-06,9.000000318337698e-06,7.999999979801942e-06,9.000000318337698e-06,101092,0.0,0.0
2025-01-12 00:00:00+00:00,9.000000318337698e-06,9.000000318337698e-06,7.999999979801942e-06,9.000000318337698e-06,121108,0.0,0.0
2025-01-13 00:00:00+00:00,9.000000318337698e-06,9.999999747378752e-06,7.999999979801942e-06,9.000000318337698e-06,130706,0.0,0.0
2025-01-14 00:00:00+00:00,9.000000318337698e-06,1.1000000085914508e-05,9.000000318337698e-06,9.999999747378752e-06,154274,0.0,0.0
2025-01-15 00:00:00+00:00,9.999999747378752e-06,1.1000000085914508e-05,9.000000318337698e-06,1.1000000085914508e-05,126423,0.0,0.0
2025-01-16 00:00:00+00:00,1.1000000085914508e-05,1.2999999853491317e-05,6.000000212225132e-06,7.999999979801942e-06,345158,0.0,0.0
2025-01-17 00:00:00+00:00,7.999999979801942e-06,9.000000318337698e-06,7.999999979801942e-06,9.000000318337698e-06,158643,0.0,0.0
2025-01-18 00:00:00+00:00,9.000000318337698e-06,9.000000318337698e-06,7.000000096013537e-06,7.000000096013537e-06,117465,0.0,0.0
2025-01-19 00:00:00+00:00,7.000000096013537e-06,7.000000096013537e-06,6.000000212225132e-06,7.000000096013537e-06,127723,0.0,0.0
2025-01-20 00:00:00+00:00,7.000000096013537e-06,7.000000096013537e-06,6.000000212225132e-06,6.000000212225132e-06,129782,0.0,0.0
2025-01-21 00:00:00+00:00,6.000000212225132e-06,7.000000096013537e-06,6.000000212225132e-06,7.000000096013537e-06,132337,0.0,0.0
2025-01-22 00:00:00+00:00,7.000000096013537e-06,7.000000096013537e-06,7.000000096013537e-06,7.000000096013537e-06,117603,0.0,0.0
2025-01-23 00:00:00+00:00,7.000000096013537e-06,7.000000096013537e-06,6.000000212225132e-06,6.000000212225132e-06,102590,0.0,0.0
2025-01-24 00:00:00+00:00,6.000000212225132e-06,7.000000096013537e-06,6.000000212225132e-06,6.000000212225132e-06,111724,0.0,0.0
2025-01-25 00:00:00+00:00,6.000000212225132e-06,6.000000212225132e-06,6.000000212225132e-06,6.000000212225132e-06,102712,0.0,0.0
2025-01-26 00:00:00+00:00,6.000000212225132e-06,6.000000212225132e-06,4.999999873689376e-06,4.999999873689376e-06,73524,0.0,0.0
2025-01-27 00:00:00+00:00,4.999999873689376e-06,4.999999873689376e-06,3.999999989900971e-06,4.999999873689376e-06,107752,0.0,0.0
2025-01-28 00:00:00+00:00,4.999999873689376e-06,4.999999873689376e-06,3.999999989900971e-06,3.999999989900971e-06,103396,0.0,0.0
2025-01-29 00:00:00+00:00,3.999999989900971e-06,3.999999989900971e-06,3.999999989900971e-06,3.999999989900971e-06,111976,0.0,0.0
2025-01-30 00:00:00+00:00,3.999999989900971e-06,3.999999989900971e-06,3.999999989900971e-06,3.999999989900971e-06,112021,0.0,0.0
2025-01-31 00:00:00+00:00,3.999999989900971e-06,3.999999989900971e-06,3.000000106112566e-06,3.999999989900971e-06,103367,0.0,0.0
2025-02-01 00:00:00+00:00,3.999999989900971e-06,3.999999989900971e-06,3.000000106112566e-06,3.000000106112566e-06,112528,0.0,0.0
2025-02-02 00:00:00+00:00,3.000000106112566e-06,3.000000106112566e-06,1.9999999949504854e-06,3.000000106112566e-06,44316,0.0,0.0
2025-02-03 00:00:00+00:00,3.000000106112566e-06,3.000000106112566e-06,1.9999999949504854e-06,1.9999999949504854e-06,81436,0.0,0.0
2025-02-04 00:00:00+00:00,1.9999999949504854e-06,1.9999999949504854e-06,1.9999999949504854e-06,1.9999999949504854e-06,78689,0.0,0.0
2025-02-05 00:00:00+00:00,1.9999999949504854e-06,1.9999999949504854e-06,1.9999999949504854e-06,1.9999999949504854e-06,66148,0.0,0.0
2025-02-06 00:00:00+00:00,1.9999999949504854e-06,1.9999999949504854e-06,1.9999999949504854e-06,1.9999999949504854e-06,63440,0.0,0.0
2025-02-07 00:00:00+00:00,1.9999999949504854e-06,1.9999999949504854e-06,1.9999999949504854e-06,1.9999999949504854e-06,62678,0.0,0.0
2025-02-08 00:00:00+00:00,1.9999999949504854e-06,1.9999999949504854e-06,1.9999999949504854e-06,1.9999999949504854e-06,32397,0.0,0.0
2025-02-09 00:00:00+00:00,1.9999999949504854e-06,1.9999999949504854e-06,1.9999999949504854e-06,1.9999999949504854e-06,12155,0.0,0.0
2025-02-10 00:00:00+00:00,1.9999999949504854e-06,3.000000106112566e-06,1.9999999949504854e-06,3.000000106112566e-06,42893,0.0,0.0
2025-02-11 00:00:00+00:00,3.000000106112566e-06,3.000000106112566e-06,1.9999999949504854e-06,1.9999999949504854e-06,41204,0.0,0.0
2025-02-12 00:00:00+00:00,1.9999999949504854e-06,3.000000106112566e-06,1.9999999949504854e-06,3.000000106112566e-06,47740,0.0,0.0
2025-02-13 00:00:00+00:00,3.000000106112566e-06,3.000000106112566e-06,1.9999999949504854e-06,3.000000106112566e-06,41529,0.0,0.0
2025-02-14 00:00:00+00:00,3.000000106112566e-06,3.000000106112566e-06,1.9999999949504854e-06,1.9999999949504854e-06,38572,0.0,0.0
2025-02-15 00:00:00+00:00,1.9999999949504854e-06,3.000000106112566e-06,1.9999999949504854e-06,3.000000106112566e-06,33755,0.0,0.0
2025-02-16 00:00:00+00:00,3.000000106112566e-06,3.000000106112566e-06,1.9999999949504854e-06,1.9999999949504854e-06,124979,0.0,0.0
2025-02-17 00:00:00+00:00,1.9999999949504854e-06,3.000000106112566e-06,1.9999999949504854e-06,1.9999999949504854e-06,142113,0.0,0.0
2025-02-18 00:00:00+00:00,1.9999999949504854e-06,1.9999999949504854e-06,1.9999999949504854e-06,1.9999999949504854e-06,20381,0.0,0.0
2025-02-19 00:00:00+00:00,1.9999999949504854e-06,1.9999999949504854e-06,1.9999999949504854e-06,1.9999999949504854e-06,48827,0.0,0.0
2025-02-20 00:00:00+00:00,1.9999999949504854e-06,3.000000106112566e-06,1.9999999949504854e-06,1.9999999949504854e-06,33500,0.0,0.0
2025-02-21 00:00:00+00:00,1.9999999949504854e-06,1.9999999949504854e-06,1.9999999949504854e-06,1.9999999949504854e-06,21407,0.0,0.0
2025-02-22 00:00:00+00:00,1.9999999949504854e-06,1.9999999949504854e-06,1.9999999949504854e-06,1.9999999949504854e-06,6112,0.0,0.0
2025-02-23 00:00:00+00:00,1.9999999949504854e-06,1.9999999949504854e-06,1.9999999949504854e-06,1.9999999949504854e-06,9959,0.0,0.0
2025-02-24 00:00:00+00:00,1.9999999949504854e-06,1.9999999949504854e-06,1.9999999949504854e-06,1.9999999949504854e-06,25474,0.0,0.0
2025-02-25 00:00:00+00:00,1.9999999949504854e-06,1.9999999949504854e-06,1.9999999949504854e-06,1.9999999949504854e-06,26139,0.0,0.0
2025-02-26 00:00:00+00:00,1.9999999949504854e-06,1.9999999949504854e-06,1.9999999949504854e-06,1.9999999949504854e-06,15686,0.0,0.0
2025-02-27 00:00:00+00:00,1.9999999949504854e-06,1.9999999949504854e-06,1.9999999949504854e-06,1.9999999949504854e-06,16462,0.0,0.0
2025-02-28 00:00:00+00:00,1.9999999949504854e-06,1.9999999949504854e-06,1.9999999949504854e-06,1.9999999949504854e-06,21514,0.0,0.0
2025-03-01 00:00:00+00:00,1.9999999949504854e-06,1.9999999949504854e-06,1.9999999949504854e-06,1.9999999949504854e-06,19681,0.0,0.0
2025-03-02 00:00:00+00:00,1.9999999949504854e-06,1.9999999949504854e-06,1.9999999949504854e-06,1.9999999949504854e-06,22138,0.0,0.0
2025-03-03 00:00:00+00:00,1.9999999949504854e-06,1.9999999949504854e-06,1.9999999949504854e-06,1.9999999949504854e-06,21544,0.0,0.0
2025-03-04 00:00:00+00:00,1.9999999949504854e-06,1.9999999949504854e-06,1.9999999949504854e-06,1.9999999949504854e-06,507,0.0,0.0
2025-03-05 00:00:00+00:00,1.9999999949504854e-06,1.9999999949504854e-06,1.9999999949504854e-06,1.9999999949504854e-06,826,0.0,0.0
2025-03-06 00:00:00+00:00,1.9999999949504854e-06,1.9999999949504854e-06,1.9999999949504854e-06,1.9999999949504854e-06,346,0.0,0.0
2025-03-07 00:00:00+00:00,1.9999999949504854e-06,1.9999999949504854e-06,1.9999999949504854e-06,1.9999999949504854e-06,11068,0.0,0.0
2025-03-08 00:00:00+00:00,1.9999999949504854e-06,1.9999999949504854e-06,1.9999999949504854e-06,1.9999999949504854e-06,1157,0.0,0.0
2025-03-09 00:00:00+00:00,1.9999999949504854e-06,1.9999999949504854e-06,1.9999999949504854e-06,1.9999999949504854e-06,817,0.0,0.0
2025-03-10 00:00:00+00:00,1.9999999949504854e-06,1.9999999949504854e-06,9.999999974752427e-07,9.999999974752427e-07,6542,0.0,0.0
2025-03-11 00:00:00+00:00,9.999999974752427e-07,1.9999999949504854e-06,9.999999974752427e-07,9.999999974752427e-07,5047,0.0,0.0
2025-03-12 00:00:00+00:00,9.999999974752427e-07,9.999999974752427e-07,9.999999974752427e-07,9.999999974752427e-07,116,0.0,0.0
2025-03-13 00:00:00+00:00,9.999999974752427e-07,9.999999974752427e-07,9.999999974752427e-07,9.999999974752427e-07,77,0.0,0.0
2025-03-14 00:00:00+00:00,9.999999974752427e-07,9.999999974752427e-07,9.999999974752427e-07,9.999999974752427e-07,6,0.0,0.0
2025-03-15 00:00:00+00:00,9.999999974752427e-07,1.9999999949504854e-06,9.999999974752427e-07,9.999999974752427e-07,505426,0.0,0.0
2025-03-16 00:00:00+00:00,9.999999974752427e-07,9.999999974752427e-07,9.999999974752427e-07,9.999999974752427e-07,510377,0.0,0.0
2025-03-17 00:00:00+00:00,9.999999974752427e-07,9.999999974752427e-07,9.999999974752427e-07,9.999999974752427e-07,502329,0.0,0.0
2025-03-18 00:00:00+00:00,9.999999974752427e-07,9.999999974752427e-07,9.999999974752427e-07,9.999999974752427e-07,502718,0.0,0.0
2025-03-19 00:00:00+00:00,9.999999974752427e-07,9.999999974752427e-07,9.999999974752427e-07,9.999999974752427e-07,502142,0.0,0.0
2025-03-20 00:00:00+00:00,9.999999974752427e-07,9.999999974752427e-07,9.999999974752427e-07,9.999999974752427e-07,501807,0.0,0.0
2025-03-21 00:00:00+00:00,9.999999974752427e-07,9.999999974752427e-07,9.999999974752427e-07,9.999999974752427e-07,501674,0.0,0.0
2025-03-22 00:00:00+00:00,9.999999974752427e-07,9.999999974752427e-07,9.999999974752427e-07,9.999999974752427e-07,501860,0.0,0.0
2025-03-23 00:00:00+00:00,9.999999974752427e-07,9.999999974752427e-07,9.999999974752427e-07,9.999999974752427e-07,502098,0.0,0.0
2025-03-24 00:00:00+00:00,9.999999974752427e-07,9.999999974752427e-07,9.999999974752427e-07,9.999999974752427e-07,502071,0.0,0.0
2025-03-25 00:00:00+00:00,9.999999974752427e-07,9.999999974752427e-07,9.999999974752427e-07,9.999999974752427e-07,502086,0.0,0.0
2025-03-26 00:00:00+00:00,9.999999974752427e-07,9.999999974752427e-07,9.999999974752427e-07,9.999999974752427e-07,503498,0.0,0.0
2025-03-27 00:00:00+00:00,9.999999974752427e-07,9.999999974752427e-07,9.999999974752427e-07,9.999999974752427e-07,501831,0.0,0.0
2025-03-28 00:00:00+00:00,9.999999974752427e-07,9.999999974752427e-07,9.999999974752427e-07,9.999999974752427e-07,501891,0.0,0.0
2025-03-29 00:00:00+00:00,9.999999974752427e-07,9.999999974752427e-07,9.999999974752427e-07,9.999999974752427e-07,501913,0.0,0.0
2025-03-30 00:00:00+00:00,9.999999974752427e-07,9.999999974752427e-07,9.999999974752427e-07,9.999999974752427e-07,501887,0.0,0.0
2025-03-31 00:00:00+00:00,9.999999974752427e-07,9.999999974752427e-07,9.999999974752427e-07,9.999999974752427e-07,502345,0.0,0.0
2025-04-01 00:00:00+00:00,9.999999974752427e-07,9.999999974752427e-07,9.999999974752427e-07,9.999999974752427e-07,501915,0.0,0.0
2025-04-02 00:00:00+00:00,9.999999974752427e-07,9.999999974752427e-07,9.999999974752427e-07,9.999999974752427e-07,502043,0.0,0.0
2025-04-03 00:00:00+00:00,9.999999974752427e-07,9.999999974752427e-07,9.999999974752427e-07,9.999999974752427e-07,501717,0.0,0.0
2025-04-04 00:00:00+00:00,9.999999974752427e-07,9.999999974752427e-07,9.999999974752427e-07,9.999999974752427e-07,501803,0.0,0.0
2025-04-05 00:00:00+00:00,9.999999974752427e-07,9.999999974752427e-07,9.999999974752427e-07,9.999999974752427e-07,501689,0.0,0.0
2025-04-06 00:00:00+00:00,9.999999974752427e-07,9.999999974752427e-07,9.999999974752427e-07,9.999999974752427e-07,502071,0.0,0.0
2025-04-07 00:00:00+00:00,9.999999974752427e-07,9.999999974752427e-07,9.999999974752427e-07,9.999999974752427e-07,505949,0.0,0.0
2025-04-08 00:00:00+00:00,9.999999974752427e-07,9.999999974752427e-07,9.999999974752427e-07,9.999999974752427e-07,501509,0.0,0.0
2025-04-09 00:00:00+00:00,9.999999974752427e-07,9.999999974752427e-07,9.999999974752427e-07,9.999999974752427e-07,501912,0.0,0.0
2025-04-10 00:00:00+00:00,9.999999974752427e-07,9.999999974752427e-07,9.999999974752427e-07,9.999999974752427e-07,106,0.0,0.0
2025-04-11 00:00:00+00:00,9.999999974752427e-07,9.999999974752427e-07,9.999999974752427e-07,9.999999974752427e-07,63,0.0,0.0
2025-04-12 00:00:00+00:00,9.999999974752427e-07,9.999999974752427e-07,9.999999974752427e-07,9.999999974752427e-07,398,0.0,0.0
2025-04-13 00:00:00+00:00,9.999999974752427e-07,9.999999974752427e-07,9.999999974752427e-07,9.999999974752427e-07,455,0.0,0.0
2025-04-14 00:00:00+00:00,9.999999974752427e-07,9.999999974752427e-07,9.999999974752427e-07,9.999999974752427e-07,54,0.0,0.0
2025-04-15 00:00:00+00:00,9.999999974752427e-07,9.999999974752427e-07,9.999999974752427e-07,9.999999974752427e-07,42,0.0,0.0
2025-04-16 00:00:00+00:00,9.999999974752427e-07,9.999999974752427e-07,9.999999974752427e-07,9.999999974752427e-07,2,0.0,0.0
2025-04-17 00:00:00+00:00,9.999999974752427e-07,9.999999974752427e-07,9.999999974752427e-07,9.999999974752427e-07,31,0.0,0.0
2025-04-18 00:00:00+00:00,9.999999974752427e-07,9.999999974752427e-07,9.999999974752427e-07,9.999999974752427e-07,174,0.0,0.0
2025-04-19 00:00:00+00:00,9.999999974752427e-07,9.999999974752427e-07,9.999999974752427e-07,9.999999974752427e-07,5,0.0,0.0
2025-04-20 00:00:00+00:00,9.999999974752427e-07,9.999999974752427e-07,9.999999974752427e-07,9.999999974752427e-07,37,0.0,0.0
2025-04-21 00:00:00+00:00,9.999999974752427e-07,9.999999974752427e-07,9.999999974752427e-07,9.999999974752427e-07,669,0.0,0.0
2025-04-22 00:00:00+00:00,9.999999974752427e-07,9.999999974752427e-07,9.999999974752427e-07,9.999999974752427e-07,290,0.0,0.0
2025-04-23 00:00:00+00:00,9.999999974752427e-07,9.999999974752427e-07,9.999999974752427e-07,9.999999974752427e-07,1081,0.0,0.0
2025-04-24 00:00:00+00:00,9.999999974752427e-07,9.999999974752427e-07,9.999999974752427e-07,9.999999974752427e-07,123,0.0,0.0
2025-04-25 00:00:00+00:00,9.999999974752427e-07,9.999999974752427e-07,9.999999974752427e-07,9.999999974752427e-07,171,0.0,0.0
2025-04-26 00:00:00+00:00,9.999999974752427e-07,9.999999974752427e-07,9.999999974752427e-07,9.999999974752427e-07,159,0.0,0.0
2025-04-27 00:00:00+00:00,9.999999974752427e-07,9.999999974752427e-07,9.999999974752427e-07,9.999999974752427e-07,235,0.0,0.0
2025-04-28 00:00:00+00:00,9.999999974752427e-07,9.999999974752427e-07,9.999999974752427e-07,9.999999974752427e-07,91,0.0,0.0
2025-04-29 00:00:00+00:00,9.999999974752427e-07,9.999999974752427e-07,9.999999974752427e-07,9.999999974752427e-07,20,0.0,0.0
2025-04-30 00:00:00+00:00,9.999999974752427e-07,9.999999974752427e-07,9.999999974752427e-07,9.999999974752427e-07,116,0.0,0.0
2025-05-01 00:00:00+00:00,9.999999974752427e-07,9.999999974752427e-07,9.999999974752427e-07,9.999999974752427e-07,1355,0.0,0.0
2025-05-02 00:00:00+00:00,9.999999974752427e-07,9.999999974752427e-07,9.999999974752427e-07,9.999999974752427e-07,5,0.0,0.0
2025-05-03 00:00:00+00:00,9.999999974752427e-07,9.999999974752427e-07,9.999999974752427e-07,9.999999974752427e-07,3,0.0,0.0
2025-05-04 00:00:00+00:00,9.999999974752427e-07,9.999999974752427e-07,9.999999974752427e-07,9.999999974752427e-07,47,0.0,0.0
2025-05-05 00:00:00+00:00,9.999999974752427e-07,9.999999974752427e-07,9.999999974752427e-07,9.999999974752427e-07,48,0.0,0.0
2025-05-06 00:00:00+00:00,9.999999974752427e-07,9.999999974752427e-07,9.999999974752427e-07,9.999999974752427e-07,1492,0.0,0.0
2025-05-07 00:00:00+00:00,9.999999974752427e-07,9.999999974752427e-07,9.999999974752427e-07,9.999999974752427e-07,31,0.0,0.0
2025-05-08 00:00:00+00:00,9.999999974752427e-07,9.999999974752427e-07,9.999999974752427e-07,9.999999974752427e-07,680,0.0,0.0
2025-05-09 00:00:00+00:00,9.999999974752427e-07,9.999999974752427e-07,9.999999974752427e-07,9.999999974752427e-07,4159,0.0,0.0
2025-05-10 00:00:00+00:00,9.999999974752427e-07,9.999999974752427e-07,9.999999974752427e-07,9.999999974752427e-07,4147,0.0,0.0
2025-05-11 00:00:00+00:00,9.999999974752427e-07,9.999999974752427e-07,9.999999974752427e-07,9.999999974752427e-07,88,0.0,0.0
2025-05-12 00:00:00+00:00,9.999999974752427e-07,9.999999974752427e-07,9.999999974752427e-07,9.999999974752427e-07,291,0.0,0.0
2025-05-13 00:00:00+00:00,9.999999974752427e-07,9.999999974752427e-07,9.999999974752427e-07,9.999999974752427e-07,195,0.0,0.0
2025-05-14 00:00:00+00:00,9.999999974752427e-07,9.999999974752427e-07,9.999999974752427e-07,9.999999974752427e-07,39,0.0,0.0
2025-05-15 00:00:00+00:00,9.999999974752427e-07,9.999999974752427e-07,9.999999974752427e-07,9.999999974752427e-07,324,0.0,0.0
2025-05-16 00:00:00+00:00,9.999999974752427e-07,9.999999974752427e-07,9.999999974752427e-07,9.999999974752427e-07,1800,0.0,0.0
2025-05-17 00:00:00+00:00,9.999999974752427e-07,9.999999974752427e-07,9.999999974752427e-07,9.999999974752427e-07,221,0.0,0.0
2025-05-18 00:00:00+00:00,9.999999974752427e-07,9.999999974752427e-07,9.999999974752427e-07,9.999999974752427e-07,255,0.0,0.0
2025-05-19 00:00:00+00:00,9.999999974752427e-07,9.999999974752427e-07,9.999999974752427e-07,9.999999974752427e-07,212,0.0,0.0
2025-05-20 00:00:00+00:00,9.999999974752427e-07,9.999999974752427e-07,9.999999974752427e-07,9.999999974752427e-07,78,0.0,0.0
2025-05-21 00:00:00+00:00,9.999999974752427e-07,9.999999974752427e-07,9.999999974752427e-07,9.999999974752427e-07,97,0.0,0.0
2025-05-22 00:00:00+00:00,9.999999974752427e-07,9.999999974752427e-07,9.999999974752427e-07,9.999999974752427e-07,87,0.0,0.0
2025-05-23 00:00:00+00:00,9.999999974752427e-07,9.999999974752427e-07,9.999999974752427e-07,9.999999974752427e-07,374,0.0,0.0
2025-05-24 00:00:00+00:00,9.999999974752427e-07,9.999999974752427e-07,9.999999974752427e-07,9.999999974752427e-07,25,0.0,0.0
2025-05-25 00:00:00+00:00,9.999999974752427e-07,9.999999974752427e-07,9.999999974752427e-07,9.999999974752427e-07,468,0.0,0.0
2025-05-26 00:00:00+00:00,9.999999974752427e-07,9.999999974752427e-07,9.999999974752427e-07,9.999999974752427e-07,126,0.0,0.0
2025-05-27 00:00:00+00:00,9.999999974752427e-07,9.999999974752427e-07,9.999999974752427e-07,9.999999974752427e-07,137,0.0,0.0
2025-05-28 00:00:00+00:00,9.999999974752427e-07,9.999999974752427e-07,9.999999974752427e-07,9.999999974752427e-07,103,0.0,0.0
2025-05-29 00:00:00+00:00,9.999999974752427e-07,9.999999974752427e-07,9.999999974752427e-07,9.999999974752427e-07,343,0.0,0.0
2025-05-30 00:00:00+00:00,9.999999974752427e-07,9.999999974752427e-07,9.999999974752427e-07,9.999999974752427e-07,2142,0.0,0.0
2025-05-31 00:00:00+00:00,9.999999974752427e-07,9.999999974752427e-07,9.999999974752427e-07,9.999999974752427e-07,874,0.0,0.0
2025-06-01 00:00:00+00:00,6.688572398161341e-07,6.814578341618471e-07,6.541971515616751e-07,6.637256433350558e-07,28,0.0,0.0
