TIMESTAMP,ADJUSTED_CLOSE_PRICE_USD,OPEN_PRICE_USD,LOW_PRICE_USD,VOLUME_USD,HIGH_PRICE_USD,CLOSE_PRICE_USD
2020-11-03 00:00:00,0.0015529999509453,0.0016789999790489,0.001494999974966,241080,0.0018269999418407,0.0015529999509453
2020-11-04 00:00:00,0.0015089999651536,0.0015529999509453,0.001494999974966,31702,0.0015579999890178,0.0015089999651536
2020-11-05 00:00:00,0.0014469999587163,0.0015089999651536,0.0014349999837577,90027,0.0015140000032261,0.0014469999587163
2020-11-06 00:00:00,0.0014690000098198,0.0014469999587163,0.0014410000294446,28747,0.0014979999978095,0.0014690000098198
2020-11-07 00:00:00,0.0014619999565184,0.0014690000098198,0.0014359999913722,33887,0.0015089999651536,0.0014619999565184
2020-11-08 00:00:00,0.0020749999675899,0.0014629999641329,0.0014530000044032,207641,0.0020749999675899,0.0020749999675899
2020-11-09 00:00:00,0.0057060001417994,0.0020749999675899,0.002032000105828,3725693,0.0057060001417994,0.0057060001417994
2020-11-10 00:00:00,0.0055829999037086,0.0057060001417994,0.0044680000282824,2687084,0.0070960000157356,0.0055829999037086
2020-11-11 00:00:00,0.0072090001776814,0.0055809998884797,0.0049720001406967,1587530,0.0074660000391304,0.0072090001776814
2020-11-12 00:00:00,0.0089549999684095,0.0072090001776814,0.0065859998576343,5209736,0.0105100004002451,0.0089549999684095
2020-11-13 00:00:00,0.0059779998846352,0.0089530004188418,0.0056900000199675,1939144,0.0097219999879598,0.0059779998846352
2020-11-14 00:00:00,0.0066869999282062,0.0059799998998641,0.0057350001297891,1187352,0.0077740000560879,0.0066869999282062
2020-11-15 00:00:00,0.0063880002126097,0.0066869999282062,0.0062660002149641,596219,0.0074510001577436,0.0063880002126097
2020-11-16 00:00:00,0.005210000090301,0.0063889999873936,0.0048929997719824,1181931,0.0063889999873936,0.005210000090301
2020-11-17 00:00:00,0.0056380000896751,0.0049129999242722,0.0046950001269578,1171788,0.00600800011307,0.0056380000896751
2020-11-18 00:00:00,0.0051070000045001,0.00563699984923,0.005014999769628,1257173,0.0057359999045729,0.0051070000045001
2020-11-19 00:00:00,0.0045280000194907,0.0051070000045001,0.0045150001533329,905293,0.0051179998554289,0.0045280000194907
2020-11-20 00:00:00,0.0056320000439882,0.0045280000194907,0.0043810000643134,1165360,0.0065709999762475,0.0056320000439882
2020-11-21 00:00:00,0.0069880001246929,0.0056320000439882,0.0056320000439882,2137085,0.0082620000466704,0.0069880001246929
2020-11-22 00:00:00,0.0064889998175203,0.0069880001246929,0.0064130001701414,828941,0.0075039998628199,0.0064889998175203
2020-11-23 00:00:00,0.0068390001542866,0.0064889998175203,0.0064099999144673,988631,0.0071760001592338,0.0068390001542866
2020-11-24 00:00:00,0.0070319999940693,0.0068410001695156,0.0067590000107884,1353809,0.0074390000663697,0.0070319999940693
2020-11-25 00:00:00,0.0064630000852048,0.0070329997688531,0.0063490001484751,1217114,0.0075570000335574,0.0064630000852048
2020-11-26 00:00:00,0.004945000167936,0.0064750001765787,0.0047679999843239,1513845,0.0064779999665915,0.004945000167936
2020-11-27 00:00:00,0.0047349999658763,0.0049519999884068,0.0046129999682307,1010166,0.0051020001992583,0.0047349999658763
2020-11-28 00:00:00,0.0044089998118579,0.0047240001149475,0.0039229998365044,602282,0.0048000002279877,0.0044089998118579
2020-11-29 00:00:00,0.0044240001589059,0.004410000052303,0.004236000124365,431373,0.0047760000452399,0.0044240001589059
2020-11-30 00:00:00,0.0039750002324581,0.0044220001436769,0.0038920000661164,664366,0.0045690000988543,0.0039750002324581
2020-12-01 00:00:00,0.0030549999792128,0.0039820000529289,0.0028180000372231,735591,0.0041200001724064,0.0030549999792128
2020-12-02 00:00:00,0.0032979999668896,0.0030519999563694,0.0025420000310987,926374,0.0035920001100748,0.0032979999668896
2020-12-03 00:00:00,0.0033599999733269,0.0032999999821186,0.0031769999768584,531811,0.0035620001144707,0.0033599999733269
2020-12-04 00:00:00,0.0035860000643879,0.0033599999733269,0.0031870000530034,646146,0.003707000054419,0.0035860000643879
2020-12-05 00:00:00,0.0037809999193996,0.0035939998924732,0.0034409998916089,543229,0.0041620000265538,0.0037809999193996
2020-12-06 00:00:00,0.003872999921441,0.0037819999270141,0.0036649999674409,387035,0.0040179998613893,0.003872999921441
2020-12-07 00:00:00,0.0043370001949369,0.003872999921441,0.0038570000324398,1320890,0.0058269998989999,0.0043370001949369
2020-12-08 00:00:00,0.0039079999551177,0.0043390002101659,0.0036599999293684,871944,0.0044109998270869,0.0039079999551177
2020-12-09 00:00:00,0.0040009999647736,0.0039090001955628,0.0036770000588148,737611,0.0042090001516044,0.0040009999647736
2020-12-10 00:00:00,0.0039249998517334,0.0040029999800026,0.0038840000052005,399742,0.0040580001659691,0.0039249998517334
2020-12-11 00:00:00,0.0037819999270141,0.0039240000769495,0.0036919999402016,593567,0.0045409998856484,0.0037819999270141
2020-12-12 00:00:00,0.0039499998092651,0.00378999998793,0.0037750001065433,342601,0.0039869998581707,0.0039499998092651
2020-12-13 00:00:00,0.0039149997755885,0.0039510000497102,0.0038320000749081,394259,0.0039630001410841,0.0039149997755885
2020-12-14 00:00:00,0.0044660000130534,0.0039189998060464,0.0038330000825226,575299,0.0045289997942745,0.0044660000130534
2020-12-15 00:00:00,0.003798000048846,0.0044669997878372,0.0037219999358057,768179,0.0047320001758635,0.003798000048846
2020-12-16 00:00:00,0.0035089999437332,0.003798000048846,0.0034399998839944,731495,0.0038030000869184,0.0035089999437332
2020-12-17 00:00:00,0.0033730000723153,0.0035049999132752,0.0033080000430345,873615,0.0035190000198781,0.0033730000723153
2020-12-18 00:00:00,0.0035099999513477,0.0033730000723153,0.0032359999604523,403683,0.0035190000198781,0.0035099999513477
2020-12-19 00:00:00,0.0035739999730139,0.0035079999361187,0.0034139999188482,963209,0.0042260000482201,0.0035739999730139
2020-12-20 00:00:00,0.0031989999115467,0.003571999957785,0.0031119999475777,706312,0.0036849998869001,0.0031989999115467
2020-12-21 00:00:00,0.0034799999557435,0.0031989999115467,0.0031439999584108,727105,0.0035429999697953,0.0034799999557435
2020-12-22 00:00:00,0.0032349999528378,0.0034819999709725,0.0031940001063048,437848,0.0035600000992417,0.0032349999528378
2020-12-23 00:00:00,0.0030159999150782,0.0032369999680668,0.0030030000489205,471156,0.0032450000289827,0.0030159999150782
2020-12-24 00:00:00,0.0030990000814199,0.0030239999759942,0.0029889999423176,302271,0.0031250000465661,0.0030990000814199
2020-12-25 00:00:00,0.0031190000008791,0.0030990000814199,0.0029390000272542,364298,0.0031429999507963,0.0031190000008791
2020-12-26 00:00:00,0.0031039998866617,0.0031200000084936,0.0029569999314844,360475,0.0031500000040978,0.0031039998866617
2020-12-27 00:00:00,0.0034700001124292,0.0031059999018907,0.0030910000205039,766372,0.0035220000427216,0.0034700001124292
2020-12-28 00:00:00,0.0043259998783469,0.0034759999252855,0.0034759999252855,605641,0.0043379999697208,0.0043259998783469
2020-12-29 00:00:00,0.0036889999173581,0.004323000088334,0.0036750000435858,981164,0.004329000134021,0.0036889999173581
2020-12-30 00:00:00,0.0036090000066906,0.0036889999173581,0.0035019998904317,776201,0.0036889999173581,0.0036090000066906
2020-12-31 00:00:00,0.0034479999449104,0.0036100000143051,0.0033740000799298,478111,0.0036100000143051,0.0034479999449104
2021-01-01 00:00:00,0.0031920000910758,0.0034459999296814,0.0030549999792128,680468,0.0034630000591278,0.0031920000910758
2021-01-02 00:00:00,0.0030990000814199,0.0031920000910758,0.0030340000521391,843234,0.0032110000029206,0.0030990000814199
2021-01-03 00:00:00,0.0031399999279528,0.0030990000814199,0.0029200001154094,796300,0.0031669999007135,0.0031399999279528
2021-01-04 00:00:00,0.0032730000093579,0.0031369999051094,0.0031109999399632,1081302,0.0032909999135881,0.0032730000093579
2021-01-05 00:00:00,0.0033120000734925,0.0032689999788999,0.0030940000433474,749402,0.0033529999200254,0.0033120000734925
2021-01-06 00:00:00,0.0032289999071508,0.0033140000887215,0.0031649998854845,765766,0.0033360000234097,0.0032289999071508
2021-01-07 00:00:00,0.0030739998910576,0.0032269998919218,0.0030559999868273,819814,0.003258999902755,0.0030739998910576
2021-01-08 00:00:00,0.0030300000216811,0.0030749998986721,0.0030269999988377,789009,0.0031300000846385,0.0030300000216811
2021-01-09 00:00:00,0.0032750000245869,0.0030269999988377,0.0030209999531507,579382,0.0032939999364316,0.0032750000245869
2021-01-10 00:00:00,0.0032460000365972,0.0032740000169724,0.0032319999299943,779125,0.0035389999393373,0.0032460000365972
2021-01-11 00:00:00,0.0030420001130551,0.0032440000213682,0.0028500000480562,1290873,0.0032510000746697,0.0030420001130551
2021-01-12 00:00:00,0.0029370000120252,0.0030420001130551,0.0029120000544935,750266,0.0030720001086592,0.0029370000120252
2021-01-13 00:00:00,0.0030249999836087,0.0029329999815672,0.0028460000175982,787333,0.0030310000292956,0.0030249999836087
2021-01-14 00:00:00,0.0031979999039322,0.0030219999607652,0.0028800000436604,848878,0.0031999999191612,0.0031979999039322
2021-01-15 00:00:00,0.0033440000843256,0.0031999999191612,0.0031580000650137,858574,0.0033780001103878,0.0033440000843256
2021-01-16 00:00:00,0.0037140001077204,0.0033440000843256,0.0033279999624937,687648,0.0037479999009519,0.0037140001077204
2021-01-17 00:00:00,0.0036059999838471,0.003713000100106,0.0036039999686181,632389,0.0038940000813454,0.0036059999838471
2021-01-18 00:00:00,0.0036390000022947,0.0036069999914616,0.0035540000535547,495319,0.0036579999141395,0.0036390000022947
2021-01-19 00:00:00,0.0037990000564604,0.0036390000022947,0.0035580000840127,769200,0.0038680001161992,0.0037990000564604
2021-01-20 00:00:00,0.0038050001021474,0.0037930000107735,0.0036929999478161,637940,0.0039849998429417,0.0038050001021474
2021-01-21 00:00:00,0.0037350000347942,0.0038069998845458,0.0037179999053478,901765,0.0038870000280439,0.0037350000347942
2021-01-22 00:00:00,0.0037479999009519,0.0037310000043362,0.0037080000620335,655102,0.0038560000248253,0.0037479999009519
2021-01-23 00:00:00,0.0036539998836815,0.0037420000880956,0.0036379999946802,498383,0.0038040000945329,0.0036539998836815
2021-01-24 00:00:00,0.0035240000579506,0.0036559998989105,0.003472999902442,445345,0.0036679999902844,0.0035240000579506
2021-01-25 00:00:00,0.003478999948129,0.003527000080794,0.0034380001015961,598131,0.003569999942556,0.003478999948129
2021-01-26 00:00:00,0.0033179998863488,0.0034769999329,0.0033120000734925,508049,0.003484999993816,0.0033179998863488
2021-01-27 00:00:00,0.0033209999091923,0.0033209999091923,0.0030489999335259,734290,0.0033470001071691,0.0033209999091923
2021-01-28 00:00:00,0.0035129999741911,0.0033170001115649,0.0033060000278055,702629,0.0035880000796169,0.0035129999741911
2021-01-29 00:00:00,0.0036100000143051,0.0035649999044835,0.0033889999613165,1398704,0.0038439999334514,0.0036100000143051
2021-01-30 00:00:00,0.005911000072956,0.0036090000066906,0.0035920001100748,1824942,0.005913000088185,0.005911000072956
2021-01-31 00:00:00,0.0063350000418722,0.005917000118643,0.005917000118643,2633040,0.0090290000662207,0.0063350000418722
2021-02-01 00:00:00,0.0058369999751448,0.0063330000266432,0.005288999993354,1132357,0.0063579999841749,0.0058369999751448
2021-02-02 00:00:00,0.0070879999548196,0.0058419997803866,0.0055720000527799,1859217,0.0071189999580383,0.0070879999548196
2021-02-03 00:00:00,0.0073879999108612,0.0070850001648068,0.0070139998570084,1448564,0.0078349998220801,0.0073879999108612
2021-02-04 00:00:00,0.0067210001870989,0.0073879999108612,0.006703000050038,1340682,0.0076939999125897,0.0067210001870989
2021-02-05 00:00:00,0.006969999987632,0.0067210001870989,0.0058010001666843,1386781,0.0073040002025663,0.006969999987632
2021-02-06 00:00:00,0.0065489998087286,0.006967999972403,0.0064610000699758,787859,0.006967999972403,0.0065489998087286
2021-02-07 00:00:00,0.0074080000631511,0.0065489998087286,0.0062270001508295,1326430,0.0074559999629855,0.0074080000631511
2021-02-08 00:00:00,0.0074530001729726,0.0074080000631511,0.0073429998010396,1508458,0.007679000031203,0.0074530001729726
2021-02-09 00:00:00,0.0071580000221729,0.0074510001577436,0.0068210000172257,1121314,0.0074689998291432,0.0071580000221729
2021-02-10 00:00:00,0.0067949998192489,0.0071560000069439,0.0067300000227987,1213820,0.007592000067234,0.0067949998192489
2021-02-11 00:00:00,0.0070250001735985,0.0067949998192489,0.0066929999738931,793748,0.0070850001648068,0.0070250001735985
2021-02-12 00:00:00,0.0075989998877048,0.0070239999331533,0.0068410001695156,1078133,0.0078990003094077,0.0075989998877048
2021-02-13 00:00:00,0.0080549996346235,0.0076049999333918,0.0074269999749958,1133778,0.0086040003225207,0.0080549996346235
2021-02-14 00:00:00,0.010076000355184,0.0080589996650815,0.0080469995737075,2075402,0.0105180004611611,0.010076000355184
2021-02-15 00:00:00,0.0122260004281997,0.0100880004465579,0.0093780001625418,2397917,0.0122260004281997,0.0122260004281997
2021-02-16 00:00:00,0.0109510002657771,0.0122180003672838,0.010882000438869,2982087,0.0155670000240206,0.0109510002657771
2021-02-17 00:00:00,0.0104160001501441,0.010955000296235,0.0104139996692538,1399789,0.0116630000993609,0.0104160001501441
2021-02-18 00:00:00,0.0099349999800324,0.0104080000892281,0.0087139997631311,1273837,0.0194470006972551,0.0099349999800324
2021-02-19 00:00:00,0.0103909997269511,0.0099339997395873,0.0096810003742575,1016055,0.0105360001325607,0.0103909997269511
2021-02-20 00:00:00,0.0121919997036457,0.0104090003296732,0.0103900004178285,1881501,0.0128290001302957,0.0121919997036457
2021-02-21 00:00:00,0.0106739997863769,0.0121790003031492,0.0105640003457665,1025263,0.0122400000691413,0.0106739997863769
2021-02-22 00:00:00,0.0103620002046227,0.0106729995459318,0.0098409997299313,1929451,0.0107119996100664,0.0103620002046227
2021-02-23 00:00:00,0.0095750000327825,0.0103580001741647,0.0088689997792243,2360706,0.0103660002350807,0.0095750000327825
2021-02-24 00:00:00,0.0099409995600581,0.0095979999750852,0.0095290001481771,1194891,0.0101370001211762,0.0099409995600581
2021-02-25 00:00:00,0.0090939998626708,0.0099290004000067,0.0090770004317164,1228891,0.0099539998918771,0.0090939998626708
2021-02-26 00:00:00,0.0109050003811717,0.009099000133574,0.0086970003321766,2670530,0.0114230001345276,0.0109050003811717
2021-02-27 00:00:00,0.011990999802947,0.0109310001134872,0.0109059996902942,1033317,0.012292000465095,0.011990999802947
2021-02-28 00:00:00,0.0108390003442764,0.0119930002838373,0.0102049997076392,1437385,0.0126790003851056,0.0108390003442764
2021-03-01 00:00:00,0.0113519998267292,0.0108200004324316,0.0106809996068477,1429909,0.0114259999245405,0.0113519998267292
2021-03-02 00:00:00,0.0095060002058744,0.0113430004566907,0.0091939996927976,1512262,0.0114010004326701,0.0095060002058744
2021-03-03 00:00:00,0.0097329998388886,0.0094940001145005,0.0093090003356337,1269013,0.0099640004336833,0.0097329998388886
2021-03-04 00:00:00,0.0083790002390742,0.0097219999879598,0.0083729997277259,1559955,0.0098139997571706,0.0083790002390742
2021-03-05 00:00:00,0.0118819996714591,0.0083739999681711,0.0078900000080466,2711869,0.0118819996714591,0.0118819996714591
2021-03-06 00:00:00,0.014631999656558,0.0118890004232525,0.0118319997563958,3037952,0.0150250000879168,0.014631999656558
2021-03-07 00:00:00,0.0131130004301667,0.0146519998088479,0.0122109996154904,1685131,0.0151399997994303,0.0131130004301667
2021-03-08 00:00:00,0.0134169999510049,0.013132999651134,0.0127269998192787,1509742,0.0143579998984932,0.0134169999510049
2021-03-09 00:00:00,0.0140040004625916,0.0134100001305341,0.0133720003068447,1768326,0.0145279997959733,0.0140040004625916
2021-03-10 00:00:00,0.0137989996001124,0.0140129998326301,0.0128130000084638,1792142,0.0140399998053908,0.0137989996001124
2021-03-11 00:00:00,0.0133109996095299,0.0137820001691579,0.0127649996429681,1503540,0.0137949995696544,0.0133109996095299
2021-03-12 00:00:00,0.0128210000693798,0.0133140003308653,0.0126160001382231,1376251,0.0134589998051524,0.0128210000693798
2021-03-13 00:00:00,0.0138980001211166,0.0128070004284381,0.0127299996092915,1542609,0.0140949999913573,0.0138980001211166
2021-03-14 00:00:00,0.0127299996092915,0.0138980001211166,0.0122889997437596,1530782,0.0142249995842576,0.0127299996092915
2021-03-15 00:00:00,0.0140410000458359,0.0127520002424716,0.0126050002872943,2267067,0.0140819996595382,0.0140410000458359
2021-03-16 00:00:00,0.0154870003461837,0.0140399998053908,0.0133039997890591,2083368,0.0155720002949237,0.0154870003461837
2021-03-17 00:00:00,0.0148769998922944,0.0154919996857643,0.0140850003808736,2038233,0.0155020002275705,0.0148769998922944
2021-03-18 00:00:00,0.0172489993274211,0.0148590002208948,0.0145889995619654,2738213,0.0179040003567934,0.0172489993274211
2021-03-19 00:00:00,0.016449000686407,0.0172450002282857,0.016117999330163,2240139,0.0183569993823766,0.016449000686407
2021-03-20 00:00:00,0.0176209993660449,0.0164480004459619,0.0160210002213716,2217773,0.0187389999628067,0.0176209993660449
2021-03-21 00:00:00,0.0181159991770982,0.0176199991255998,0.0170879997313022,2052320,0.0209459997713565,0.0181159991770982
2021-03-22 00:00:00,0.0199820008128881,0.0181290004402399,0.0181089993566274,3318321,0.0230880007147789,0.0199820008128881
2021-03-23 00:00:00,0.0200009997934103,0.019981000572443,0.0194479990750551,2975371,0.022146999835968,0.0200009997934103
2021-03-24 00:00:00,0.0173059999942779,0.0199870001524686,0.0172739997506141,3003896,0.0200389996170997,0.0173059999942779
2021-03-25 00:00:00,0.0159869994968175,0.0172830000519752,0.0159009993076324,2555114,0.0173339992761611,0.0159869994968175
2021-03-26 00:00:00,0.0167159996926784,0.0159660000354051,0.0155480001121759,1898452,0.0178629998117685,0.0167159996926784
2021-03-27 00:00:00,0.0157650001347064,0.0167059991508722,0.0154999997466802,1897131,0.0167849995195865,0.0157650001347064
2021-03-28 00:00:00,0.0150499995797872,0.0156330000609159,0.0149680003523826,1295622,0.0161450002342462,0.0150499995797872
2021-03-29 00:00:00,0.0159949995577335,0.0150530003011226,0.0149269998073577,1810587,0.0162640009075403,0.0159949995577335
2021-03-30 00:00:00,0.0163330007344484,0.0159869994968175,0.0153900003060698,1618931,0.0167350005358457,0.0163330007344484
2021-03-31 00:00:00,0.0163160003721714,0.0163359995931386,0.0158179998397827,1782251,0.0166330002248287,0.0163160003721714
2021-04-01 00:00:00,0.015281000174582,0.0163339991122484,0.0152679998427629,1222264,0.0164000000804662,0.015281000174582
2021-04-02 00:00:00,0.0174320004880428,0.0152890002354979,0.0140380002558231,2679732,0.01978600025177,0.0174320004880428
2021-04-03 00:00:00,0.0160910002887249,0.0174419991672039,0.0158929992467165,1563814,0.017637999728322,0.0160910002887249
2021-04-04 00:00:00,0.015871999785304,0.0160700008273124,0.0155640002340078,1155736,0.0175260007381439,0.015871999785304
2021-04-05 00:00:00,0.0148620000109076,0.0158690009266138,0.0144269997254014,1873624,0.0159000009298324,0.0148620000109076
2021-04-06 00:00:00,0.0137419998645782,0.0148710003122687,0.0135089997202157,1784986,0.0156580004841089,0.0137419998645782
2021-04-07 00:00:00,0.0126909995451569,0.0137400003150105,0.0122189996764063,2060706,0.0137970000505447,0.0126909995451569
2021-04-08 00:00:00,0.012547000311315,0.0126710003241896,0.010772000066936,1896453,0.0136879999190568,0.012547000311315
2021-04-09 00:00:00,0.0112530002370476,0.0125460000708699,0.0109949996694922,1282785,0.0129030002281069,0.0112530002370476
2021-04-10 00:00:00,0.0118770003318786,0.0112490002065896,0.0111349998041987,1749552,0.012249999679625,0.0118770003318786
2021-04-11 00:00:00,0.0113500002771615,0.0118819996714591,0.0110889999195933,898121,0.0121179996058344,0.0113500002771615
2021-04-12 00:00:00,0.0109609998762607,0.0113509995862841,0.0098689999431371,1850350,0.0113890003412961,0.0109609998762607
2021-04-13 00:00:00,0.0125860003754496,0.010963000357151,0.010827999562025,2151572,0.0132820000872015,0.0125860003754496
2021-04-14 00:00:00,0.0112429996952414,0.0125860003754496,0.0111870002001523,2002615,0.0127029996365308,0.0112429996952414
2021-04-15 00:00:00,0.0112279998138546,0.0112410001456737,0.0099809998646378,1669711,0.0113859996199607,0.0112279998138546
2021-04-16 00:00:00,0.0105349998921155,0.0112229995429515,0.010224999859929,1854231,0.0115440003573894,0.0105349998921155
2021-04-17 00:00:00,0.0104310000315308,0.0105299996212124,0.0104059996083378,1257324,0.0108460001647472,0.0104310000315308
2021-04-18 00:00:00,0.0105339996516704,0.0104259997606277,0.0098689999431371,3856242,0.0107829999178648,0.0105339996516704
2021-04-19 00:00:00,0.0098519995808601,0.0105349998921155,0.0095499996095895,1825805,0.0108099998906254,0.0098519995808601
2021-04-20 00:00:00,0.0113779995590448,0.0098430002108216,0.0094010001048445,2551915,0.0118920002132654,0.0113779995590448
2021-04-21 00:00:00,0.011366999708116,0.0113909998908638,0.0112250000238418,1442018,0.0115459999069571,0.011366999708116
2021-04-22 00:00:00,0.0111140003427863,0.0113399997353553,0.0107629997655749,2417892,0.0114019997417926,0.0111140003427863
2021-04-23 00:00:00,0.0099790003150701,0.0110999997705221,0.0095020001754164,2859680,0.011115999892354,0.0099790003150701
2021-04-24 00:00:00,0.0093120001256465,0.0098390001803636,0.0081960000097751,1823530,0.0127240000292658,0.0093120001256465
2021-04-25 00:00:00,0.008390000090003,0.0093149999156594,0.0080859996378421,1930354,0.0097249997779726,0.008390000090003
2021-04-26 00:00:00,0.0113310003653168,0.0083999997004866,0.0083090001717209,1845178,0.0130449999123811,0.0113310003653168
2021-04-27 00:00:00,0.0111859999597072,0.0113220000639557,0.0108200004324316,1455130,0.0115940002724528,0.0111859999597072
2021-04-28 00:00:00,0.0100819999352097,0.0111490003764629,0.0099349999800324,1437744,0.0112490002065896,0.0100819999352097
2021-04-29 00:00:00,0.0103259999305009,0.0100870002061128,0.0099820001050829,1088581,0.0104120001196861,0.0103259999305009
2021-04-30 00:00:00,0.0103730000555515,0.0103249996900558,0.0078159999102354,1232066,0.0104189999401569,0.0103730000555515
2021-05-01 00:00:00,0.0113589996472001,0.0103730000555515,0.0103500001132488,964035,0.011477000080049,0.0113589996472001
2021-05-02 00:00:00,0.0110339997336268,0.0113580003380775,0.0109529998153448,742809,0.0114390002563595,0.0110339997336268
2021-05-03 00:00:00,0.0111950002610683,0.0110539998859167,0.0106180002912878,1321009,0.0115879997611045,0.0111950002610683
2021-05-04 00:00:00,0.0104099996387958,0.0111480001360178,0.0103420000523328,1769840,0.0111899999901652,0.0104099996387958
2021-05-05 00:00:00,0.0117410002276301,0.0104170003905892,0.0102679999545216,1785320,0.0117619996890425,0.0117410002276301
2021-05-06 00:00:00,0.0131010003387928,0.0117440000176429,0.0114679997786879,1898504,0.0143309999257326,0.0131010003387928
2021-05-07 00:00:00,0.0128170000389218,0.0131019996479153,0.0121370004490017,1876670,0.0132449995726346,0.0128170000389218
2021-05-08 00:00:00,0.014024999924004,0.012806000187993,0.0127450004220008,2318142,0.0145300002768635,0.014024999924004
2021-05-09 00:00:00,0.0158910006284713,0.0140650002285838,0.0137299997732043,2343078,0.0160600002855062,0.0158910006284713
2021-05-10 00:00:00,0.0146869998425245,0.0158830005675554,0.0146469995379447,2590315,0.0171179994940757,0.0146869998425245
2021-05-11 00:00:00,0.0149149997159838,0.0146789997816085,0.0145410001277923,1750029,0.0160009991377592,0.0149149997159838
2021-05-12 00:00:00,0.0150650003924965,0.0149180004373192,0.0146509995684027,2889975,0.0157140009105205,0.0150650003924965
2021-05-13 00:00:00,0.0127349998801946,0.0150539996102452,0.0122010000050067,4443758,0.0150939999148249,0.0127349998801946
2021-05-14 00:00:00,0.0142949996516108,0.0127760004252195,0.0126780001446604,1740261,0.0143339997157454,0.0142949996516108
2021-05-15 00:00:00,0.0244210008531808,0.014283999800682,0.0142559995874762,10662978,0.0303380005061626,0.0244210008531808
2021-05-16 00:00:00,0.0215349998325109,0.0244830008596181,0.0201459992676973,7295084,0.0315859988331794,0.0215349998325109
2021-05-17 00:00:00,0.0197310000658035,0.0215370003134012,0.0179900005459785,6096952,0.0219199992716312,0.0197310000658035
2021-05-18 00:00:00,0.0208449997007846,0.0197219997644424,0.0196260008960962,4146297,0.022996999323368,0.0208449997007846
2021-05-19 00:00:00,0.0151749998331069,0.0208400003612041,0.0127860000357031,9305475,0.020966000854969,0.0151749998331069
2021-05-20 00:00:00,0.0163969993591308,0.0146909998729825,0.0118930004537105,5061364,0.0177280008792877,0.0163969993591308
2021-05-21 00:00:00,0.0129819996654987,0.0162920001894235,0.0126019995659589,4065139,0.0175909996032714,0.0129819996654987
2021-05-22 00:00:00,0.0132919996976852,0.0129659995436668,0.0093050003051757,786365,0.0135519998148083,0.0132919996976852
2021-05-23 00:00:00,0.0105309998616576,0.0132940001785755,0.0081369997933506,1275212,0.0143590001389384,0.0105309998616576
2021-05-24 00:00:00,0.0131050003692507,0.0105320001021027,0.0096230003982782,942844,0.0141089996322989,0.0131050003692507
2021-05-25 00:00:00,0.0121959997341036,0.0131029998883605,0.0111069995909929,531515,0.0135310003533959,0.0121959997341036
2021-05-26 00:00:00,0.0147780003026127,0.0121969999745488,0.0121149998158216,848442,0.0151350004598498,0.0147780003026127
2021-05-27 00:00:00,0.0133720003068447,0.0147780003026127,0.0130930002778768,374215,0.0148099996149539,0.0133720003068447
2021-05-28 00:00:00,0.0101779997348785,0.0133870001882314,0.0097989998757839,492132,0.0134250000119209,0.0101779997348785
2021-05-29 00:00:00,0.0096359997987747,0.010173000395298,0.0096159996464848,464025,0.0114320004358887,0.0096359997987747
2021-05-30 00:00:00,0.0113719999790191,0.0096920002251863,0.0086169997230172,1017832,0.0120040001347661,0.0113719999790191
2021-05-31 00:00:00,0.0118270004168152,0.0113620003685355,0.0106859998777508,159371,0.0120820002630352,0.0118270004168152
2021-06-01 00:00:00,0.0116379996761679,0.0118310004472732,0.0112629998475313,245719,0.0121830003336071,0.0116379996761679
2021-06-02 00:00:00,0.0111180003732442,0.0116379996761679,0.0110029997304081,261835,0.0123549997806549,0.0111180003732442
2021-06-03 00:00:00,0.0112250000238418,0.0111199999228119,0.009885000064969,991765,0.0116459997370839,0.0112250000238418
2021-06-04 00:00:00,0.0102700004354119,0.0112269995734095,0.0095269996672868,541976,0.0112500004470348,0.0102700004354119
2021-06-05 00:00:00,0.0101290000602602,0.0102450000122189,0.0098120002076029,172742,0.010831999592483,0.0101290000602602
2021-06-06 00:00:00,0.0101100001484155,0.0101070003584027,0.0100010000169277,539714,0.0103470003232359,0.0101100001484155
2021-06-07 00:00:00,0.009379000402987,0.0101039996370673,0.0093700001016259,937412,0.0104940002784132,0.009379000402987
2021-06-08 00:00:00,0.0091070001944899,0.0093980003148317,0.0081650000065565,1370482,0.0097489999607205,0.0091070001944899
2021-06-09 00:00:00,0.0090039996430277,0.0091059999540448,0.0080970004200935,1504030,0.0091169998049736,0.0090039996430277
2021-06-10 00:00:00,0.0095629999414086,0.009010000154376,0.0089670000597834,1131691,0.0100279999896883,0.0095629999414086
2021-06-11 00:00:00,0.0088700000196695,0.0095640001818537,0.0088330004364252,778638,0.0095790000632405,0.0088700000196695
2021-06-12 00:00:00,0.0085840001702308,0.0088679995387792,0.0085340002551674,668786,0.0088750002905726,0.0085840001702308
2021-06-13 00:00:00,0.0086899995803833,0.00857700034976,0.0081890001893043,787639,0.008755000308156,0.0086899995803833
2021-06-14 00:00:00,0.00891700014472,0.0086859995499253,0.0086549995467066,864164,0.0092489998787641,0.00891700014472
2021-06-15 00:00:00,0.009375000372529,0.0092780003324151,0.0091180000454187,975127,0.0094539998099207,0.009375000372529
2021-06-16 00:00:00,0.0082940002903342,0.009290000423789,0.0082459999248385,758102,0.0093019995838403,0.0082940002903342
2021-06-17 00:00:00,0.0080610001459717,0.0082590002566576,0.0080279996618628,683021,0.0083200000226497,0.0080610001459717
2021-06-18 00:00:00,0.0083269998431205,0.0080639999359846,0.0078590000048279,876002,0.0083280000835657,0.0083269998431205
2021-06-19 00:00:00,0.0086470004171133,0.0083280000835657,0.008293000049889,648227,0.0087390001863241,0.0086470004171133
2021-06-20 00:00:00,0.0080660004168748,0.0086270002648234,0.0078499997034668,746459,0.0086589995771646,0.0080660004168748
2021-06-21 00:00:00,0.0068359998986124,0.0080570001155138,0.0068100001662969,1287275,0.0080920001491904,0.0068359998986124
2021-06-22 00:00:00,0.0055049997754395,0.0068419999442994,0.0053630000911653,1040357,0.0082529997453093,0.0055049997754395
2021-06-23 00:00:00,0.0062580001540482,0.0055049997754395,0.0054999999701976,577176,0.0076379999518394,0.0062580001540482
2021-06-24 00:00:00,0.0067569999955594,0.0063869999721646,0.0061280000954866,361640,0.0071109998971223,0.0067569999955594
2021-06-25 00:00:00,0.0063930000178515,0.0067650000564754,0.0060939998365938,910331,0.0069729997776448,0.0063930000178515
2021-06-26 00:00:00,0.0057939998805522,0.0063860001973807,0.0055359997786581,710494,0.0064619998447597,0.0057939998805522
2021-06-27 00:00:00,0.0065150000154972,0.0057939998805522,0.0057749999687075,600835,0.006515999790281,0.0065150000154972
2021-06-28 00:00:00,0.007765999995172,0.0065930001437664,0.0065750000067055,566009,0.0078079998493194,0.007765999995172
2021-06-29 00:00:00,0.0089619997888803,0.0077729998156428,0.007683000061661,722585,0.0090490002185106,0.0089619997888803
2021-06-30 00:00:00,0.0088860001415014,0.0089619997888803,0.0086730001494288,563286,0.0091030001640319,0.0088860001415014
2021-07-01 00:00:00,0.0085699995979666,0.0088860001415014,0.0084969997406005,593386,0.0089720003306865,0.0085699995979666
2021-07-02 00:00:00,0.0083710001781582,0.0085580004379153,0.0083029996603727,487082,0.0086209997534751,0.0083710001781582
2021-07-03 00:00:00,0.0081749996170401,0.0083720004186034,0.0081150000914931,454222,0.0098019996657967,0.0081749996170401
2021-07-04 00:00:00,0.00891700014472,0.0081749996170401,0.0080970004200935,480260,0.0091380001977086,0.00891700014472
2021-07-05 00:00:00,0.0088409995660185,0.0089149996638298,0.0087200002744793,663464,0.0089699998497962,0.0088409995660185
2021-07-06 00:00:00,0.0095840003341436,0.0088349999859929,0.008810999803245,699501,0.0096330000087618,0.0095840003341436
2021-07-07 00:00:00,0.0096990000456571,0.0095790000632405,0.009371000342071,739900,0.0104639995843172,0.0096990000456571
2021-07-08 00:00:00,0.0081789996474981,0.0097439996898174,0.0079469997435808,715645,0.0097439996898174,0.0081789996474981
2021-07-09 00:00:00,0.0087169995531439,0.0081770000979304,0.0075199999846518,657381,0.0089499996975064,0.0087169995531439
2021-07-10 00:00:00,0.0083240000531077,0.0087169995531439,0.0082510001957416,414874,0.0088820001110434,0.0083240000531077
2021-07-11 00:00:00,0.0085920002311468,0.0083349999040365,0.0083290003240108,364728,0.0086390003561973,0.0085920002311468
2021-07-12 00:00:00,0.0089189996942877,0.0085920002311468,0.0084220003336668,575838,0.0090619996190071,0.0089189996942877
2021-07-13 00:00:00,0.0085540004074573,0.0089180003851652,0.0084899999201297,532498,0.0089659998193383,0.0085540004074573
2021-07-14 00:00:00,0.008105999790132,0.0085570001974701,0.0080770002678036,508528,0.0085890004411339,0.008105999790132
2021-07-15 00:00:00,0.0075240000151097,0.00810999982059,0.0074769998900592,528197,0.0081510003656148,0.0075240000151097
2021-07-16 00:00:00,0.0069050001911818,0.0075099999085068,0.0067349998280406,518230,0.0075389998964965,0.0069050001911818
2021-07-17 00:00:00,0.0069670001976192,0.0068979999050498,0.0068549998104572,315878,0.0070639997720718,0.0069670001976192
2021-07-18 00:00:00,0.0064980001188814,0.0069710002280771,0.0064519997686147,907054,0.0078309997916221,0.0064980001188814
2021-07-19 00:00:00,0.0065279998816549,0.0064940000884234,0.0063800001516938,572276,0.0069550001062452,0.0065279998816549
2021-07-20 00:00:00,0.0051219998858869,0.0065319999121129,0.0050579998642206,795237,0.0065629999153316,0.0051219998858869
2021-07-21 00:00:00,0.0052800001576542,0.0051239999011158,0.0049919998273253,733456,0.0055370000191032,0.0052800001576542
2021-07-22 00:00:00,0.0057629998773336,0.0052789999172091,0.0051339999772608,304434,0.0058820000849664,0.0057629998773336
2021-07-23 00:00:00,0.0059839999303221,0.0057640001177787,0.0056750001385807,457084,0.0060609998181462,0.0059839999303221
2021-07-24 00:00:00,0.0061360001564025,0.0059810001403093,0.0058639999479055,364846,0.0061360001564025,0.0061360001564025
2021-07-25 00:00:00,0.0062259999103844,0.0062060002237558,0.0061499997973442,490406,0.0062560001388192,0.0062259999103844
2021-07-26 00:00:00,0.0066940002143383,0.0062239998951554,0.0062110000289976,1647967,0.0067670000717043,0.0066940002143383
2021-07-27 00:00:00,0.0067560002207756,0.0066840001381933,0.0064929998479783,759697,0.0068250000476837,0.0067560002207756
2021-07-28 00:00:00,0.0071160001680254,0.0067639998160302,0.0067300000227987,991955,0.0071569997817277,0.0071160001680254
2021-07-29 00:00:00,0.006717000156641,0.0071180001832544,0.0066539999097585,820443,0.0071560000069439,0.006717000156641
2021-07-30 00:00:00,0.0070310002192854,0.0067159999161958,0.0065109999850392,958348,0.0070750000886619,0.0070310002192854
2021-07-31 00:00:00,0.0088339997455477,0.0070199999026954,0.0070199999026954,1077612,0.0088700000196695,0.0088339997455477
2021-08-01 00:00:00,0.0090619996190071,0.0088520003482699,0.008743000216782,1119102,0.0092380000278353,0.0090619996190071
2021-08-02 00:00:00,0.0088839996606111,0.0090889995917677,0.0086840000003576,944553,0.0092049995437264,0.0088839996606111
2021-08-03 00:00:00,0.0082459999248385,0.0087209995836019,0.0081070000305771,880558,0.008818999864161,0.0082459999248385
2021-08-04 00:00:00,0.0080899996683001,0.0082639995962381,0.0080070002004504,872266,0.0083590000867843,0.0080899996683001
2021-08-05 00:00:00,0.0080009996891021,0.0080920001491904,0.0074709998443722,1354445,0.0082499999552965,0.0080009996891021
2021-08-06 00:00:00,0.0090610003098845,0.0080019999295473,0.0079169999808073,1606173,0.0090619996190071,0.0090610003098845
2021-08-07 00:00:00,0.0089370002970099,0.0090549997985363,0.0089079998433589,1416799,0.0094860000535845,0.0089370002970099
2021-08-08 00:00:00,0.0087879998609423,0.0089400000870227,0.008751000277698,1245065,0.0090460004284977,0.0087879998609423
2021-08-09 00:00:00,0.0090039996430277,0.0087879998609423,0.0085399998351931,1480910,0.0090250000357627,0.0090039996430277
2021-08-10 00:00:00,0.0090880002826452,0.0089929997920989,0.0089370002970099,1239996,0.009176000021398,0.0090880002826452
2021-08-11 00:00:00,0.0107699995860457,0.0090880002826452,0.0089929997920989,1538187,0.0108460001647472,0.0107699995860457
2021-08-12 00:00:00,0.0095690004527568,0.0107739996165037,0.0093419998884201,1363299,0.0112619996070861,0.0095690004527568
2021-08-13 00:00:00,0.0105539998039603,0.0095809996128082,0.0095229996368289,1325113,0.010687000118196,0.0105539998039603
2021-08-14 00:00:00,0.0110020004212856,0.0105529995635151,0.0105079999193549,1250488,0.0113719999790191,0.0110020004212856
2021-08-15 00:00:00,0.0117760002613067,0.0109999999403953,0.0109999999403953,1432029,0.0118479998782277,0.0117760002613067
2021-08-16 00:00:00,0.0114660002291202,0.0117750000208616,0.011388000100851,1633629,0.0125839998945593,0.0114660002291202
2021-08-17 00:00:00,0.0110219996422529,0.0114409998059272,0.0110109997913241,1737652,0.0120479995384812,0.0110219996422529
2021-08-18 00:00:00,0.0108770001679658,0.0110130002722144,0.0105640003457665,1434122,0.0111859999597072,0.0108770001679658
2021-08-19 00:00:00,0.0108390003442764,0.0108690001070499,0.0106910001486539,1114753,0.0109160002321004,0.0108390003442764
2021-08-20 00:00:00,0.011133000254631,0.0108430003747344,0.010772000066936,1501289,0.0112150004133582,0.011133000254631
2021-08-21 00:00:00,0.0113509995862841,0.0111349998041987,0.0111029995605349,1013614,0.0114089995622634,0.0113509995862841
2021-08-22 00:00:00,0.010750999674201,0.0113500002771615,0.0106680002063512,1064097,0.0116569995880126,0.010750999674201
2021-08-23 00:00:00,0.0105079999193549,0.010742999613285,0.0101810004562139,1288890,0.0111699998378753,0.0105079999193549
2021-08-24 00:00:00,0.0111999996006488,0.0105090001598,0.0105029996484518,1257424,0.0112749999389052,0.0111999996006488
2021-08-25 00:00:00,0.012618999928236,0.0111999996006488,0.0111410003155469,1510461,0.012784999795258,0.012618999928236
2021-08-26 00:00:00,0.0122119998559355,0.0126379998400807,0.0116440001875162,1232788,0.0126780001446604,0.0122119998559355
2021-08-27 00:00:00,0.0124519998207688,0.0121910003945231,0.0121419997885823,1495681,0.0129890004172921,0.0124519998207688
2021-08-28 00:00:00,0.01227100007236,0.0124749997630715,0.0118260001763701,1029736,0.0125599997118115,0.01227100007236
2021-08-29 00:00:00,0.0119810001924633,0.0122680002823472,0.0117769995704293,992959,0.0127349998801946,0.0119810001924633
2021-08-30 00:00:00,0.0109769999980926,0.011982999742031,0.0100499996915459,1206481,0.0120609998703002,0.0109769999980926
2021-08-31 00:00:00,0.0110320001840591,0.0109919998794794,0.0104999998584389,1297696,0.0112089999020099,0.0110320001840591
2021-09-01 00:00:00,0.0108139999210834,0.0110339997336268,0.0106180002912878,1259071,0.0110700000077486,0.0108139999210834
2021-09-02 00:00:00,0.0105550000444054,0.010793000459671,0.0104980003088712,1132271,0.010835999622941,0.0105550000444054
2021-09-03 00:00:00,0.0105830002576112,0.0105450004339218,0.0098430002108216,1322678,0.0105889998376369,0.0105830002576112
2021-09-04 00:00:00,0.0104790003970265,0.0105720004066824,0.0102009996771812,859085,0.0106060001999139,0.0104790003970265
2021-09-05 00:00:00,0.0104620000347495,0.0104740001261234,0.0104210004210472,1065944,0.0105510000139474,0.0104620000347495
2021-09-06 00:00:00,0.010029999539256,0.0104620000347495,0.0099769998341798,987818,0.0104660000652074,0.010029999539256
2021-09-07 00:00:00,0.0089229997247457,0.0100290002301335,0.0087719997391104,3063399,0.0100290002301335,0.0089229997247457
2021-09-08 00:00:00,0.0088830003514885,0.008921000175178,0.0085659995675086,1574820,0.0089649995788931,0.0088830003514885
2021-09-09 00:00:00,0.0087350001558661,0.00883200019598,0.0086949998512864,1056439,0.0090800002217292,0.0087350001558661
2021-09-10 00:00:00,0.0085990000516176,0.0087329996749758,0.0082820001989603,1255283,0.0087689999490976,0.0085990000516176
2021-09-11 00:00:00,0.0090889995917677,0.0085979998111724,0.0080829998478293,915895,0.0092719998210668,0.0090889995917677
2021-09-12 00:00:00,0.0092299999669194,0.0090880002826452,0.0089819999411702,843871,0.0092580001801252,0.0092299999669194
2021-09-13 00:00:00,0.0087780002504587,0.0092259999364614,0.0086719999089837,1415710,0.0092259999364614,0.0087780002504587
2021-09-14 00:00:00,0.0094860000535845,0.0087780002504587,0.0084600001573562,1129875,0.0095170000568032,0.0094860000535845
2021-09-15 00:00:00,0.0094140004366636,0.0094910003244876,0.0089490003883838,1094247,0.0098050003871321,0.0094140004366636
2021-09-16 00:00:00,0.0103709995746612,0.0094130001962184,0.0093529997393488,1306374,0.010941999964416,0.0103709995746612
2021-09-17 00:00:00,0.0097970003262162,0.0103660002350807,0.0097620002925395,901990,0.0107129998505115,0.0097970003262162
2021-09-18 00:00:00,0.0103519996628165,0.009796000085771,0.0097690001130104,833040,0.0107019999995827,0.0103519996628165
2021-09-19 00:00:00,0.0096230003982782,0.0103599997237324,0.0091110002249479,781288,0.0103660002350807,0.0096230003982782
2021-09-20 00:00:00,0.0087789995595812,0.0096220001578331,0.0082219997420907,2035504,0.0096519999206066,0.0087789995595812
2021-09-21 00:00:00,0.0085159996524453,0.0088170003145933,0.0082869995385408,1557665,0.0088170003145933,0.0085159996524453
2021-09-22 00:00:00,0.0084690004587173,0.0085239997133612,0.0080669997259974,1130182,0.0085439998656511,0.0084690004587173
2021-09-23 00:00:00,0.0080469995737075,0.0084690004587173,0.0075449999421834,1090451,0.0086019998416304,0.0080469995737075
2021-09-24 00:00:00,0.0075980001129209,0.0080450000241398,0.0075489999726414,1376872,0.0081089995801448,0.0075980001129209
2021-09-25 00:00:00,0.0078579997643828,0.0075949998572468,0.0075579998083412,775129,0.0081540001556277,0.0078579997643828
2021-09-26 00:00:00,0.0074410000815987,0.0078609995543956,0.0074209999293088,1044817,0.0078889997676014,0.0074410000815987
2021-09-27 00:00:00,0.0074499999172985,0.0074530001729726,0.0073910001665353,750899,0.0075289998203516,0.0074499999172985
2021-09-28 00:00:00,0.0067520001903176,0.0074410000815987,0.0067139999009668,837891,0.0075019998475909,0.0067520001903176
2021-09-29 00:00:00,0.0069590001367032,0.0067469999194145,0.006717000156641,743612,0.007145999930799,0.0069590001367032
2021-09-30 00:00:00,0.007426000200212,0.0069590001367032,0.0069149998016655,1332970,0.0075929998420178,0.007426000200212
2021-10-01 00:00:00,0.0086150001734495,0.0074269999749958,0.0073959999717772,1526975,0.008648999966681,0.0086150001734495
2021-10-02 00:00:00,0.0089060002937912,0.0086129996925592,0.0085359998047351,744338,0.0091009996831417,0.0089060002937912
2021-10-03 00:00:00,0.0095149995759129,0.0089050000533461,0.008818999864161,868229,0.0095429997891187,0.0095149995759129
2021-10-04 00:00:00,0.0088130002841353,0.0095140002667903,0.0086629996076226,1012366,0.009545000270009,0.0088130002841353
2021-10-05 00:00:00,0.0089419996365904,0.0088219996541738,0.0087559996172785,991266,0.0091450000181794,0.0089419996365904
2021-10-06 00:00:00,0.0088349999859929,0.0089419996365904,0.0085119996219873,1566563,0.0089840004220604,0.0088349999859929
2021-10-07 00:00:00,0.0101720001548528,0.008828000165522,0.008644999936223,1330365,0.0107969995588064,0.0101720001548528
2021-10-08 00:00:00,0.0096000004559755,0.0101669998839497,0.0095070004463195,1076169,0.0101969996467232,0.0096000004559755
2021-10-09 00:00:00,0.0095419995486736,0.0095950001850724,0.0093270000070333,769046,0.0095990002155303,0.0095419995486736
2021-10-10 00:00:00,0.0096800001338124,0.0095380004495382,0.0093660000711679,1116513,0.009804000146687,0.0096800001338124
2021-10-11 00:00:00,0.0100290002301335,0.0096690002828836,0.0096580004319548,1133780,0.0100969998165965,0.0100290002301335
2021-10-12 00:00:00,0.0098120002076029,0.0100330002605915,0.0095250001177191,1420695,0.0100509999319911,0.0098120002076029
2021-10-13 00:00:00,0.0092240003868937,0.009804000146687,0.0067529999651014,1150782,0.0098540000617504,0.0092240003868937
2021-10-14 00:00:00,0.0095389997586607,0.0092240003868937,0.0091690002009272,882684,0.009604999795556,0.0095389997586607
2021-10-15 00:00:00,0.009112000465393,0.0095480000600218,0.0090979998931288,1549376,0.0096500003710389,0.009112000465393
2021-10-16 00:00:00,0.0088120000436902,0.0091190002858638,0.0087820002809166,734664,0.0091230003163218,0.0088120000436902
2021-10-17 00:00:00,0.009069999679923,0.0088020004332065,0.0087729999795556,870302,0.0091540003195405,0.009069999679923
2021-10-18 00:00:00,0.0087329996749758,0.0090720001608133,0.0087109999731183,963768,0.0091230003163218,0.0087329996749758
2021-10-19 00:00:00,0.0087240003049373,0.0087320003658533,0.008666000328958,1091734,0.0087770000100135,0.0087240003049373
2021-10-20 00:00:00,0.0076310001313686,0.0087230000644922,0.0073649999685585,1236181,0.008755000308156,0.0076310001313686
2021-10-21 00:00:00,0.007592000067234,0.0076379999518394,0.0074330000206828,1096065,0.0078750001266598,0.007592000067234
2021-10-22 00:00:00,0.0080180000513792,0.0076190000399947,0.0076080001890659,885403,0.0080599999055266,0.0080180000513792
2021-10-23 00:00:00,0.0081380000337958,0.008020999841392,0.007586000021547,752218,0.0081409998238086,0.0081380000337958
2021-10-24 00:00:00,0.0087390001863241,0.0081390002742409,0.0080359997227787,1129464,0.0090680001303553,0.0087390001863241
2021-10-25 00:00:00,0.0084910001605749,0.0087350001558661,0.0079619996249675,1084049,0.0087350001558661,0.0084910001605749
2021-10-26 00:00:00,0.0084400000050663,0.00849200040102,0.008216000162065,844166,0.0088430000469088,0.0084400000050663
2021-10-27 00:00:00,0.0080479998141527,0.0084389997646212,0.0077229999005794,1135041,0.0084560001268982,0.0080479998141527
2021-10-28 00:00:00,0.0083739999681711,0.0080530000850558,0.0076569998636841,1529587,0.0084779998287558,0.0083739999681711
2021-10-29 00:00:00,0.0086390003561973,0.0083720004186034,0.0083250002935528,992915,0.0090290000662207,0.0086390003561973
2021-10-30 00:00:00,0.0081380000337958,0.0086399996653199,0.0079910000786185,986625,0.0087750004604458,0.0081380000337958
2021-10-31 00:00:00,0.0081879999488592,0.0081439996138215,0.0079100001603364,1136309,0.0083039999008178,0.0081879999488592
2021-11-01 00:00:00,0.0084440000355243,0.0081900004297494,0.0081219999119639,927751,0.0087240003049373,0.0084440000355243
2021-11-02 00:00:00,0.0091270003467798,0.0084380004554986,0.0081089995801448,1415032,0.0093740001320838,0.0091270003467798
2021-11-03 00:00:00,0.0097780004143714,0.0091329999268054,0.0090669998899102,1922408,0.0110809998586773,0.0097780004143714
2021-11-04 00:00:00,0.0097329998388886,0.009782999753952,0.0093839997425675,1577846,0.0111699998378753,0.0097329998388886
2021-11-05 00:00:00,0.0100459996610879,0.0097200004383921,0.0094029996544122,887100,0.0100520001724362,0.0100459996610879
2021-11-06 00:00:00,0.0109090004116296,0.0100480001419782,0.009978000074625,935636,0.0109620001167058,0.0109090004116296
2021-11-07 00:00:00,0.0117070004343986,0.0109130004420876,0.0107030002400279,1342382,0.0117650004103779,0.0117070004343986
2021-11-08 00:00:00,0.0116820000112056,0.0117009999230504,0.011579000391066,2022893,0.0123030003160238,0.0116820000112056
2021-11-09 00:00:00,0.0122760003432631,0.0116790002211928,0.0111069995909929,1591742,0.0122950002551078,0.0122760003432631
2021-11-10 00:00:00,0.0160409994423389,0.0122659998014569,0.0122339995577931,4018335,0.0160590000450611,0.0160409994423389
2021-11-11 00:00:00,0.0164880007505416,0.016041999682784,0.0149210002273321,2426467,0.0166660007089376,0.0164880007505416
2021-11-12 00:00:00,0.0166960004717111,0.0164790004491806,0.0144560001790523,3213049,0.0182109996676445,0.0166960004717111
2021-11-13 00:00:00,0.0131940003484487,0.0167069993913173,0.013167000375688,2116380,0.0167750008404254,0.0131940003484487
2021-11-14 00:00:00,0.0131689999252557,0.0131970001384615,0.0126839997246861,1563760,0.0134079996496438,0.0131689999252557
2021-11-15 00:00:00,0.0122130000963807,0.0131700001657009,0.0114869996905326,1731709,0.0133189996704459,0.0122130000963807
2021-11-16 00:00:00,0.0122339995577931,0.0122279999777674,0.0115210004150867,2793070,0.0123279998078942,0.0122339995577931
2021-11-17 00:00:00,0.0131379999220371,0.0122809996828436,0.0121120000258088,2325418,0.0137299997732043,0.0131379999220371
2021-11-18 00:00:00,0.0125609999522566,0.0131430001929402,0.0120569998398423,2138205,0.0132569996640086,0.0125609999522566
2021-11-19 00:00:00,0.0153740001842379,0.0125649999827146,0.0124770002439618,2473287,0.0155859999358654,0.0153740001842379
2021-11-20 00:00:00,0.0162669997662305,0.0153769999742507,0.0148670002818107,2711145,0.0163380000740289,0.0162669997662305
2021-11-21 00:00:00,0.0166660007089376,0.0162630006670951,0.0158169995993375,1779675,0.0168360006064176,0.0166660007089376
2021-11-22 00:00:00,0.0184499993920326,0.0166580006480216,0.0156539995223283,3565646,0.0184550005942583,0.0184499993920326
2021-11-23 00:00:00,0.0192389991134405,0.0187740009278059,0.0186209995299577,6035660,0.0241989996284246,0.0192389991134405
2021-11-24 00:00:00,0.0179800000041723,0.0192389991134405,0.0173039995133876,5344891,0.0194090008735656,0.0179800000041723
2021-11-25 00:00:00,0.0193719994276762,0.0193130001425743,0.0191489998251199,2573394,0.0209940001368522,0.0193719994276762
2021-11-26 00:00:00,0.017909999936819,0.0200440008193254,0.0161070004105567,3503970,0.0201660003513097,0.017909999936819
2021-11-27 00:00:00,0.019200000911951,0.017909999936819,0.0175899993628263,1680914,0.01970100030303,0.019200000911951
2021-11-28 00:00:00,0.0213009994477033,0.019166000187397,0.0181169994175434,2402325,0.0219759996980428,0.0213009994477033
2021-11-29 00:00:00,0.0193750001490116,0.0213149990886449,0.0191769991070032,2575888,0.0220560003072023,0.0193750001490116
2021-11-30 00:00:00,0.0194879993796348,0.0193729996681213,0.0188510008156299,2384850,0.0200219992548227,0.0194879993796348
2021-12-01 00:00:00,0.0182380005717277,0.0194439999759197,0.0178660005331039,2190253,0.0196289997547864,0.0182380005717277
2021-12-02 00:00:00,0.0179810002446174,0.0182450003921985,0.0171189997345209,2284249,0.0182709991931915,0.0179810002446174
2021-12-03 00:00:00,0.0147839998826384,0.0179900005459785,0.0141939995810389,3287296,0.0179900005459785,0.0147839998826384
2021-12-04 00:00:00,0.0142989996820688,0.0147909997031092,0.0128220003098249,6149268,0.0149090001359581,0.0142989996820688
2021-12-05 00:00:00,0.0137080000713467,0.0143250003457069,0.0134880002588033,1712720,0.0144940000027418,0.0137080000713467
2021-12-06 00:00:00,0.0132339997217059,0.0137120001018047,0.012954999692738,2357266,0.0140220001339912,0.0132339997217059
2021-12-07 00:00:00,0.0133229997009038,0.0132339997217059,0.0131630003452301,1648876,0.0133570004254579,0.0133229997009038
2021-12-08 00:00:00,0.0132750002667307,0.0133229997009038,0.0127969998866319,1452941,0.0133229997009038,0.0132750002667307
2021-12-09 00:00:00,0.0119799999520182,0.0132619999349117,0.0118930004537105,1789224,0.0135120004415512,0.0119799999520182
2021-12-10 00:00:00,0.0116010000929236,0.0119730001315474,0.0116010000929236,1905895,0.0121389999985694,0.0116010000929236
2021-12-11 00:00:00,0.0101840002462267,0.0115930000320076,0.0101300003007054,1421569,0.0116560002788901,0.0101840002462267
2021-12-12 00:00:00,0.0104050002992153,0.0101749999448657,0.0099560003727674,1001247,0.0104250004515051,0.0104050002992153
2021-12-13 00:00:00,0.010161000303924,0.0104109998792409,0.0097279995679855,219615,0.0104109998792409,0.010161000303924
2021-12-14 00:00:00,0.0109400004148483,0.0101589998230338,0.0100520001724362,264759,0.0113890003412961,0.0109400004148483
2021-12-15 00:00:00,0.011562000028789,0.0109400004148483,0.0101589998230338,300797,0.0117469998076558,0.011562000028789
2021-12-16 00:00:00,0.011672000400722,0.0115649998188018,0.0104890000075101,414725,0.012351999990642,0.011672000400722
2021-12-17 00:00:00,0.0108559997752308,0.011672000400722,0.0095419995486736,415822,0.0118230003863573,0.0108559997752308
2021-12-18 00:00:00,0.0106309996917843,0.0108589995652437,0.0103569999337196,299019,0.0110370004549622,0.0106309996917843
2021-12-19 00:00:00,0.0102789998054504,0.0106309996917843,0.0098550003021955,250862,0.0112910000607371,0.0102789998054504
2021-12-20 00:00:00,0.0101250000298023,0.0102760000154376,0.0096209999173879,252210,0.0102760000154376,0.0101250000298023
2021-12-21 00:00:00,0.010147999972105,0.0101290000602602,0.009974000044167,158181,0.0101739997044205,0.010147999972105
2021-12-22 00:00:00,0.0100670000538229,0.0101450001820921,0.0098230000585317,217817,0.0103479996323585,0.0100670000538229
2021-12-23 00:00:00,0.0098329996690154,0.0100680002942681,0.0092919999733567,498494,0.0103010004386305,0.0098329996690154
2021-12-24 00:00:00,0.0095499996095895,0.0098350001499056,0.0093729998916387,420706,0.0100260004401206,0.0095499996095895
2021-12-25 00:00:00,0.0096880001947283,0.0095419995486736,0.0094339996576309,268407,0.0100499996915459,0.0096880001947283
2021-12-26 00:00:00,0.0096239997074007,0.0096930004656314,0.0092930002138018,220397,0.0099179996177554,0.0096239997074007
2021-12-27 00:00:00,0.0102439997717738,0.0096169998869299,0.0096169998869299,461202,0.0107410000637173,0.0102439997717738
2021-12-28 00:00:00,0.0096749998629093,0.010236999951303,0.0092339999973773,484364,0.010236999951303,0.0096749998629093
2021-12-29 00:00:00,0.0094370003789663,0.0096559999510645,0.0092639997601509,231724,0.0097430003806948,0.0094370003789663
2021-12-30 00:00:00,0.0098400004208087,0.0094410004094243,0.0089840004220604,486716,0.0104689998552203,0.0098400004208087
2021-12-31 00:00:00,0.010487999767065,0.0098350001499056,0.0097930002957582,550755,0.0116210002452135,0.010487999767065
2022-01-01 00:00:00,0.0109440004453063,0.0104870004579424,0.0102399997413158,468017,0.0111469998955726,0.0109440004453063
2022-01-02 00:00:00,0.0118329999968409,0.0109440004453063,0.0106100002303719,460677,0.0121060004457831,0.0118329999968409
2022-01-03 00:00:00,0.0123239997774362,0.0118329999968409,0.0110700000077486,552689,0.0127320000901818,0.0123239997774362
2022-01-04 00:00:00,0.0140730002894997,0.0123239997774362,0.0122990002855658,590913,0.0141589995473623,0.0140730002894997
2022-01-05 00:00:00,0.0136080002412199,0.0140730002894997,0.0129519999027252,1234244,0.0158280003815889,0.0136080002412199
2022-01-06 00:00:00,0.013082000426948,0.0136080002412199,0.0123500004410743,919814,0.0136350002139806,0.013082000426948
2022-01-07 00:00:00,0.0126620000228285,0.013082000426948,0.0121079999953508,400454,0.0135559998452663,0.0126620000228285
2022-01-08 00:00:00,0.0123880002647638,0.0126620000228285,0.0117960004135966,419934,0.0128119997680187,0.0123880002647638
2022-01-09 00:00:00,0.0131449997425079,0.0123880002647638,0.0117800002917647,490854,0.0132470000535249,0.0131449997425079
2022-01-10 00:00:00,0.0130279995501041,0.0131449997425079,0.0129009997472167,1021153,0.0138149997219443,0.0130279995501041
2022-01-11 00:00:00,0.0134269995614886,0.0130279995501041,0.0126470001414418,710111,0.013430000282824,0.0134269995614886
2022-01-12 00:00:00,0.013914999552071,0.0134269995614886,0.012093000113964,939003,0.0143640004098415,0.013914999552071
2022-01-13 00:00:00,0.0133840003982186,0.013914999552071,0.0133480001240968,718220,0.014708999544382,0.0133840003982186
2022-01-14 00:00:00,0.0132330004125833,0.0133840003982186,0.0126809999346733,339885,0.0136700002476572,0.0132330004125833
2022-01-15 00:00:00,0.0125639997422695,0.0132330004125833,0.0125609999522566,302297,0.0133429998531937,0.0125639997422695
2022-01-16 00:00:00,0.0133720003068447,0.0125639997422695,0.0124679999426007,428051,0.0137029998004436,0.0133720003068447
2022-01-17 00:00:00,0.0135770002380013,0.0133720003068447,0.012802000157535,566523,0.0140439998358488,0.0135770002380013
2022-01-18 00:00:00,0.0137269999831914,0.0135770002380013,0.0127720003947615,294818,0.0139119997620582,0.0137269999831914
2022-01-19 00:00:00,0.0121790003031492,0.0137269999831914,0.0118950000032782,480035,0.0137269999831914,0.0121790003031492
2022-01-20 00:00:00,0.0120710004121065,0.0121790003031492,0.0119289997965097,350369,0.0126719996333122,0.0120710004121065
2022-01-21 00:00:00,0.0111029995605349,0.0120710004121065,0.01067900005728,479266,0.0121349999681115,0.0111029995605349
2022-01-22 00:00:00,0.0109580000862479,0.0111029995605349,0.0098379999399185,671992,0.011540999636054,0.0109580000862479
2022-01-23 00:00:00,0.0115320002660155,0.0109580000862479,0.0109580000862479,292093,0.0115750003606081,0.0115320002660155
2022-01-24 00:00:00,0.0114979995414614,0.0115320002660155,0.0106969997286796,354605,0.0116109997034072,0.0114979995414614
2022-01-25 00:00:00,0.0117440000176429,0.0114979995414614,0.011307000182569,251037,0.0118610002100467,0.0117440000176429
2022-01-26 00:00:00,0.0119589995592832,0.0117440000176429,0.0116839995607733,896431,0.0136620001867413,0.0119589995592832
2022-01-27 00:00:00,0.0116499997675418,0.0119589995592832,0.0110719995573163,494420,0.0122480001300573,0.0116499997675418
2022-01-28 00:00:00,0.0120700001716613,0.0116499997675418,0.0111140003427863,381881,0.0120789995416998,0.0120700001716613
2022-01-29 00:00:00,0.0112600000575184,0.0120700001716613,0.0111339995637536,254026,0.0121020004153251,0.0112600000575184
2022-01-30 00:00:00,0.0109860002994537,0.0112610002979636,0.0106709999963641,300458,0.0113310003653168,0.0109860002994537
2022-01-31 00:00:00,0.0112640000879764,0.0109860002994537,0.0107249999418854,244163,0.0114059997722506,0.0112640000879764
2022-02-01 00:00:00,0.0116820000112056,0.0112640000879764,0.0112619996070861,258173,0.0118439998477697,0.0116820000112056
2022-02-02 00:00:00,0.0111349998041987,0.0116820000112056,0.0110839996486902,312356,0.0119070000946521,0.0111349998041987
2022-02-03 00:00:00,0.0113530000671744,0.0111349998041987,0.0107540003955364,262845,0.0113690001890063,0.0113530000671744
2022-02-04 00:00:00,0.0117720002308487,0.0113530000671744,0.011303000152111,208727,0.0117819998413324,0.0117720002308487
2022-02-05 00:00:00,0.0120599996298551,0.0117720002308487,0.0116860000416636,252823,0.0123749999329447,0.0120599996298551
2022-02-06 00:00:00,0.0116229997947812,0.0120599996298551,0.0111220004037022,344046,0.0123739996924996,0.0116229997947812
2022-02-07 00:00:00,0.0118749998509883,0.0116229997947812,0.0115080000832676,285977,0.0119730001315474,0.0118749998509883
2022-02-08 00:00:00,0.0114829996600747,0.0118749998509883,0.011451999656856,209391,0.0119289997965097,0.0114829996600747
2022-02-09 00:00:00,0.0114489998668432,0.0114829996600747,0.0110630001872777,270685,0.0115069998428225,0.0114489998668432
2022-02-10 00:00:00,0.0109719997271895,0.0114489998668432,0.0107939997687935,358091,0.0116830002516508,0.0109719997271895
2022-02-11 00:00:00,0.0101619996130466,0.0109719997271895,0.0100819999352097,309201,0.0109719997271895,0.0101619996130466
2022-02-12 00:00:00,0.0101060001179575,0.0101619996130466,0.010029999539256,256213,0.0102899996563792,0.0101060001179575
2022-02-13 00:00:00,0.0097580002620816,0.0101060001179575,0.0097580002620816,276054,0.010321999900043,0.0097580002620816
2022-02-14 00:00:00,0.0099370004609227,0.0097580002620816,0.0095140002667903,230890,0.0100100003182888,0.0099370004609227
2022-02-15 00:00:00,0.0103040002286434,0.0099370004609227,0.0099370004609227,197920,0.0103160003200173,0.0103040002286434
2022-02-16 00:00:00,0.0100840004161,0.0103040002286434,0.0099989995360374,191858,0.0103040002286434,0.0100840004161
2022-02-17 00:00:00,0.0093000000342726,0.0100840004161,0.0092909997329115,213766,0.0100840004161,0.0093000000342726
2022-02-18 00:00:00,0.0089309997856616,0.0093000000342726,0.0088740000501275,266629,0.0096500003710389,0.0089309997856616
2022-02-19 00:00:00,0.0091679999604821,0.0089309997856616,0.0088870003819465,342327,0.0094969999045133,0.0091679999604821
2022-02-20 00:00:00,0.0090079996734857,0.0091679999604821,0.0089079998433589,223959,0.0093940002843737,0.0090079996734857
2022-02-21 00:00:00,0.0082639995962381,0.0090079996734857,0.0082569997757673,282289,0.0090640000998973,0.0082639995962381
2022-02-22 00:00:00,0.0084619997069239,0.0082630002871155,0.0081639997661113,229412,0.0084990002214908,0.0084619997069239
2022-02-23 00:00:00,0.0088379997760057,0.0084619997069239,0.0084380004554986,227790,0.0089640002697706,0.0088379997760057
2022-02-24 00:00:00,0.0078499997034668,0.0088379997760057,0.007052999921143,494036,0.0088430000469088,0.0078499997034668
2022-02-25 00:00:00,0.0081900004297494,0.0078499997034668,0.0076339999213814,332619,0.0082510001957416,0.0081900004297494
2022-02-26 00:00:00,0.0082240002229809,0.0081900004297494,0.0081010004505515,200612,0.0083240000531077,0.0082240002229809
2022-02-27 00:00:00,0.0080669997259974,0.0082240002229809,0.0080450000241398,190927,0.0085060000419616,0.0080669997259974
2022-02-28 00:00:00,0.008666000328958,0.0080669997259974,0.0079190004616975,218142,0.008666000328958,0.008666000328958
2022-03-01 00:00:00,0.0085119996219873,0.008666000328958,0.0084729995578527,216034,0.0089320000261068,0.0085119996219873
2022-03-02 00:00:00,0.0085060000419616,0.0085119996219873,0.0084450002759695,186308,0.0086000002920627,0.0085060000419616
2022-03-03 00:00:00,0.0081420000642538,0.0085060000419616,0.008046000264585,163522,0.0085220001637935,0.0081420000642538
2022-03-04 00:00:00,0.0080850003287196,0.0081420000642538,0.0078950002789497,217034,0.0082580000162124,0.0080850003287196
2022-03-05 00:00:00,0.0082729998975992,0.0080850003287196,0.0080479998141527,171431,0.0083459997549653,0.0082729998975992
2022-03-06 00:00:00,0.00810999982059,0.0082729998975992,0.0081049995496869,98520,0.008293000049889,0.00810999982059
2022-03-07 00:00:00,0.0078910002484917,0.00810999982059,0.0078710000962018,205019,0.0083379996940493,0.0078910002484917
2022-03-08 00:00:00,0.0080509996041655,0.0078910002484917,0.0078859999775886,215426,0.0081219999119639,0.0080509996041655
2022-03-09 00:00:00,0.0080070002004504,0.0080509996041655,0.0079650003463029,225164,0.0082130003720521,0.0080070002004504
2022-03-10 00:00:00,0.0080880001187324,0.0080070002004504,0.0078389998525381,232101,0.0081329997628927,0.0080880001187324
2022-03-11 00:00:00,0.0085410000756382,0.0080890003591775,0.008034000173211,266533,0.008559999987483,0.0085410000756382
2022-03-12 00:00:00,0.0101979998871684,0.0085410000756382,0.008538999594748,547907,0.0109000001102685,0.0101979998871684
2022-03-13 00:00:00,0.0099719995632767,0.0101979998871684,0.0098179997876286,484959,0.0101979998871684,0.0099719995632767
2022-03-14 00:00:00,0.0099839996546506,0.0099719995632767,0.0097529999911785,176722,0.0099980002269148,0.0099839996546506
2022-03-15 00:00:00,0.0103959999978542,0.0099839996546506,0.0098780002444982,371877,0.0108599998056888,0.0103959999978542
2022-03-16 00:00:00,0.0119409998878836,0.0103959999978542,0.0103719998151063,1059281,0.0126679996028542,0.0119409998878836
2022-03-17 00:00:00,0.0132900001481175,0.0119409998878836,0.0117619996890425,891383,0.0132910003885626,0.0132900001481175
2022-03-18 00:00:00,0.0136409997940063,0.0132900001481175,0.013264000415802,898940,0.0141820004209876,0.0136409997940063
2022-03-19 00:00:00,0.0150870000943541,0.0136409997940063,0.0135549996048212,1330234,0.015366000123322,0.0150870000943541
2022-03-20 00:00:00,0.0146180000156164,0.0150870000943541,0.0140850003808736,923031,0.0155469998717308,0.0146180000156164
2022-03-21 00:00:00,0.0155670000240206,0.0146180000156164,0.0145669998601078,1237646,0.0159939993172884,0.0155670000240206
2022-03-22 00:00:00,0.0149349998682737,0.0155670000240206,0.0147489998489618,1162654,0.0158779993653297,0.0149349998682737
2022-03-23 00:00:00,0.0149240000173449,0.0149349998682737,0.0147360004484653,738722,0.015277000144124,0.0149240000173449
2022-03-24 00:00:00,0.0145819997414946,0.01492500025779,0.0143480002880096,816378,0.0150480000302195,0.0145819997414946
2022-03-25 00:00:00,0.014759000390768,0.0145819997414946,0.014390000142157,619517,0.0149790002033114,0.014759000390768
2022-03-26 00:00:00,0.0146460002288222,0.014759000390768,0.0142590003088116,738461,0.014992999844253,0.0146460002288222
2022-03-27 00:00:00,0.0151760000735521,0.0146460002288222,0.0143430000171065,898280,0.0152789996936917,0.0151760000735521
2022-03-28 00:00:00,0.0149379996582865,0.0151760000735521,0.0147639997303485,1086705,0.0157789997756481,0.0149379996582865
2022-03-29 00:00:00,0.0149499997496604,0.0149379996582865,0.0142459999769926,763457,0.0150490002706646,0.0149499997496604
2022-03-30 00:00:00,0.0175180006772279,0.0149499997496604,0.0146639999002218,1273571,0.0177580006420612,0.0175180006772279
2022-03-31 00:00:00,0.0172189995646476,0.0175180006772279,0.0166590008884668,896355,0.0181949995458126,0.0172189995646476
2022-04-01 00:00:00,0.01677200011909,0.0172189995646476,0.0159040000289678,958480,0.0172850005328655,0.01677200011909
2022-04-02 00:00:00,0.0165580008178949,0.01677200011909,0.0163170006126165,794160,0.017077000811696,0.0165580008178949
2022-04-03 00:00:00,0.0185770001262426,0.0165580008178949,0.0165010001510381,1036510,0.0191520005464553,0.0185770001262426
2022-04-04 00:00:00,0.0187539998441934,0.0185770001262426,0.0183199997991323,2138089,0.0210950002074241,0.0187539998441934
2022-04-05 00:00:00,0.0175250004976987,0.0187539998441934,0.0174700003117322,1043666,0.0187539998441934,0.0175250004976987
2022-04-06 00:00:00,0.0149790002033114,0.0175240002572536,0.0149640003219246,981780,0.0175240002572536,0.0149790002033114
2022-04-07 00:00:00,0.0163659993559122,0.0149790002033114,0.0137080000713467,1148968,0.0165459997951984,0.0163659993559122
2022-04-08 00:00:00,0.0147679997608065,0.0163659993559122,0.0147489998489618,894285,0.0164279993623495,0.0147679997608065
2022-04-09 00:00:00,0.0150279998779296,0.0147679997608065,0.0147679997608065,616185,0.0150549998506903,0.0150279998779296
2022-04-10 00:00:00,0.0154900001361966,0.0150279998779296,0.0149429999291896,715363,0.0156440008431673,0.0154900001361966
2022-04-11 00:00:00,0.0144450003281235,0.0154900001361966,0.0144450003281235,795191,0.0155189996585249,0.0144450003281235
2022-04-12 00:00:00,0.0150359999388456,0.0144450003281235,0.01437299977988,868917,0.0160930007696151,0.0150359999388456
2022-04-13 00:00:00,0.0172290001064538,0.0150359999388456,0.0150359999388456,920296,0.0172429997473955,0.0172290001064538
2022-04-14 00:00:00,0.0174499992281198,0.0172290001064538,0.0171639993786811,792481,0.0178520008921623,0.0174499992281198
2022-04-15 00:00:00,0.016669999808073,0.0174499992281198,0.0160019993782043,954272,0.0174499992281198,0.016669999808073
2022-04-16 00:00:00,0.0172610003501176,0.016669999808073,0.0166469998657703,645862,0.0173230003565549,0.0172610003501176
2022-04-17 00:00:00,0.0170869994908571,0.0172610003501176,0.0170310009270906,664601,0.0173669997602701,0.0170869994908571
2022-04-18 00:00:00,0.0179670006036758,0.0170869994908571,0.0160080008208751,1165192,0.0181779991835355,0.0179670006036758
2022-04-19 00:00:00,0.0194349996745586,0.0179670006036758,0.0179660003632307,1128992,0.019693000242114,0.0194349996745586
2022-04-20 00:00:00,0.0175759997218847,0.0194349996745586,0.0166629999876022,1268367,0.0194349996745586,0.0175759997218847
2022-04-21 00:00:00,0.0181920006871223,0.0175759997218847,0.0174330007284879,907972,0.0187589991837739,0.0181920006871223
2022-04-22 00:00:00,0.0178580004721879,0.0181920006871223,0.0173550006002187,1021544,0.0185139998793602,0.0178580004721879
2022-04-23 00:00:00,0.0182280000299215,0.0178580004721879,0.0170419998466968,1079467,0.018530000001192,0.0182280000299215
2022-04-24 00:00:00,0.0189650002866983,0.0182280000299215,0.0178059991449117,1096791,0.0190510004758834,0.0189650002866983
2022-04-25 00:00:00,0.0190409999340772,0.0189650002866983,0.0180830005556345,967024,0.0192990005016326,0.0190409999340772
2022-04-26 00:00:00,0.0187209993600845,0.0190409999340772,0.0175609998404979,1046929,0.0190680008381605,0.0187209993600845
2022-04-27 00:00:00,0.0176260005682706,0.0187209993600845,0.0170569997280836,1360866,0.0196000002324581,0.0176260005682706
2022-04-28 00:00:00,0.0190529990941286,0.0176260005682706,0.017510000616312,814040,0.0191649999469518,0.0190529990941286
2022-04-29 00:00:00,0.018538000062108,0.0190529990941286,0.0183979999274015,1107616,0.0194400008767843,0.018538000062108
2022-04-30 00:00:00,0.0178430005908012,0.0185369998216629,0.0178289990872144,966465,0.0187730006873607,0.0178430005908012
2022-05-01 00:00:00,0.0175289995968341,0.0178430005908012,0.0164230000227689,990867,0.018172999843955,0.0175289995968341
2022-05-02 00:00:00,0.0166379995644092,0.0175289995968341,0.0160700008273124,855934,0.0175359994173049,0.0166379995644092
2022-05-03 00:00:00,0.0161070004105567,0.0166379995644092,0.0160450004041194,766298,0.0168699994683265,0.0161070004105567
2022-05-04 00:00:00,0.0167330000549554,0.0161070004105567,0.016067000105977,687042,0.0168290007859468,0.0167330000549554
2022-05-05 00:00:00,0.0156190004199743,0.0167330000549554,0.0155659997835755,833929,0.0175170004367828,0.0156190004199743
2022-05-06 00:00:00,0.0147329997271299,0.0156190004199743,0.0147329997271299,751749,0.0157609991729259,0.0147329997271299
2022-05-07 00:00:00,0.0147970002144575,0.0147329997271299,0.0146159995347261,784059,0.0155330002307891,0.0147970002144575
2022-05-08 00:00:00,0.0143339997157454,0.0147970002144575,0.0135570000857114,942126,0.0148290004581213,0.0143339997157454
2022-05-09 00:00:00,0.0126050002872943,0.0143339997157454,0.0124220000579953,909784,0.0144410002976655,0.0126050002872943
2022-05-10 00:00:00,0.0126830004155635,0.0126040000468492,0.0113559998571872,1122161,0.0129260001704096,0.0126830004155635
2022-05-11 00:00:00,0.0087099997326731,0.0126830004155635,0.0084969997406005,1776365,0.0127739999443292,0.0087099997326731
2022-05-12 00:00:00,0.0082379998639225,0.0087099997326731,0.0072300001047551,1108783,0.0089739998802542,0.0082379998639225
2022-05-13 00:00:00,0.0093280002474784,0.0082379998639225,0.0080700004473328,854805,0.0103799998760223,0.0093280002474784
2022-05-14 00:00:00,0.009541000239551,0.0093280002474784,0.0089419996365904,612133,0.009541000239551,0.009541000239551
2022-05-15 00:00:00,0.0102099999785423,0.009541000239551,0.0093839997425675,619775,0.0102150002494454,0.0102099999785423
2022-05-16 00:00:00,0.0102559998631477,0.0102099999785423,0.0097930002957582,701068,0.0107169998809695,0.0102559998631477
2022-05-17 00:00:00,0.0116860000416636,0.0102559998631477,0.0102559998631477,1103169,0.0119989998638629,0.0116860000416636
2022-05-18 00:00:00,0.0105090001598,0.0116860000416636,0.0105090001598,880874,0.0118140000849962,0.0105090001598
2022-05-19 00:00:00,0.0108150001615285,0.0105090001598,0.0102509995922446,998632,0.011392000131309,0.0108150001615285
2022-05-20 00:00:00,0.0101169999688863,0.0108150001615285,0.0100809996947646,943983,0.0109440004453063,0.0101169999688863
2022-05-21 00:00:00,0.0106880003586411,0.0101169999688863,0.0100180003792047,734544,0.0107779996469616,0.0106880003586411
2022-05-22 00:00:00,0.0106720002368092,0.0106880003586411,0.0106239998713135,637491,0.0107829999178648,0.0106720002368092
2022-05-23 00:00:00,0.0107039995491504,0.0106720002368092,0.010661999695003,764812,0.0113140000030398,0.0107039995491504
2022-05-24 00:00:00,0.0105699999257922,0.0107039995491504,0.010331000201404,657631,0.0107899997383356,0.0105699999257922
2022-05-25 00:00:00,0.0105189997702836,0.0105699999257922,0.0104569997638463,715646,0.0106990002095699,0.0105189997702836
2022-05-26 00:00:00,0.0113469995558261,0.0105189997702836,0.0102350004017353,1071165,0.0115499999374151,0.0113469995558261
2022-05-27 00:00:00,0.0113399997353553,0.0113469995558261,0.0108759999275207,884727,0.011481000110507,0.0113399997353553
2022-05-28 00:00:00,0.0114540001377463,0.0116490004584193,0.0111720003187656,914977,0.0118019999936223,0.0114540001377463
2022-05-29 00:00:00,0.0114529998973011,0.0114540001377463,0.0101669998839497,1097181,0.0115879997611045,0.0114529998973011
2022-05-30 00:00:00,0.0119740003719925,0.0114529998973011,0.0114329997450113,803369,0.0119850002229213,0.0119740003719925
2022-05-31 00:00:00,0.0113930003717541,0.0119740003719925,0.0107100000604987,920739,0.0120000001043081,0.0113930003717541
2022-06-01 00:00:00,0.0115059996023774,0.0113930003717541,0.0112549997866153,798030,0.0115339998155832,0.0115059996023774
2022-06-02 00:00:00,0.0130310002714395,0.0115050002932548,0.0112290000542998,1158509,0.0134699996560812,0.0130310002714395
2022-06-03 00:00:00,0.0138280000537633,0.0130300000309944,0.0128110004588961,1014380,0.0139199998229742,0.0138280000537633
2022-06-04 00:00:00,0.0145479999482631,0.0138280000537633,0.0137400003150105,921182,0.0145770004019141,0.0145479999482631
2022-06-05 00:00:00,0.0156580004841089,0.0145479999482631,0.0145220002159476,1168261,0.0157420001924037,0.0156580004841089
2022-06-06 00:00:00,0.0152040002867579,0.0156580004841089,0.015188000164926,1397687,0.0161310005933046,0.0152040002867579
2022-06-07 00:00:00,0.0151270003989338,0.0152040002867579,0.0142620000988245,1103060,0.0154170002788305,0.0151270003989338
2022-06-08 00:00:00,0.0150530003011226,0.0151270003989338,0.014907999895513,1136616,0.0159050002694129,0.0150530003011226
2022-06-09 00:00:00,0.0159840006381273,0.0150539996102452,0.0147529998794198,1554019,0.0164250005036592,0.0159840006381273
2022-06-10 00:00:00,0.0136799998581409,0.0159840006381273,0.0127959996461868,1270763,0.0160520002245903,0.0136799998581409
2022-06-11 00:00:00,0.0129190003499388,0.0136799998581409,0.0124819995835423,1049877,0.0138029996305704,0.0129190003499388
2022-06-12 00:00:00,0.0110419997945427,0.0129190003499388,0.0110419997945427,1079538,0.0130589995533227,0.0110419997945427
2022-06-13 00:00:00,0.0097909998148679,0.0110419997945427,0.009260999970138,1337680,0.0124770002439618,0.0097909998148679
2022-06-14 00:00:00,0.0098999999463558,0.0097909998148679,0.0091519998386502,960836,0.0105760004371404,0.0098999999463558
2022-06-15 00:00:00,0.01016900036484,0.0098999999463558,0.0085979998111724,893779,0.0101899998262524,0.01016900036484
2022-06-16 00:00:00,0.0091490000486373,0.01016900036484,0.0090870000422,724660,0.010224999859929,0.0091490000486373
2022-06-17 00:00:00,0.0090119997039437,0.0091500002890825,0.0086169997230172,705183,0.0093400003388524,0.0090119997039437
2022-06-18 00:00:00,0.0080580003559589,0.0090110003948211,0.0077269999310374,681177,0.0090129999443888,0.0080580003559589
2022-06-19 00:00:00,0.008755000308156,0.0080580003559589,0.0078110001049935,637147,0.0087890001013875,0.008755000308156
2022-06-20 00:00:00,0.0084910001605749,0.008755000308156,0.0082040000706911,691056,0.0087639996781945,0.0084910001605749
2022-06-21 00:00:00,0.0082480004057288,0.0084910001605749,0.0082339998334646,668537,0.0091460002586245,0.0082480004057288
2022-06-22 00:00:00,0.0081240003928542,0.0082470001652836,0.0080369999632239,511366,0.0083999997004866,0.0081240003928542
2022-06-23 00:00:00,0.0085180001333355,0.0081240003928542,0.0081070000305771,539697,0.008538999594748,0.0085180001333355
2022-06-24 00:00:00,0.0084400000050663,0.0085180001333355,0.0081940004602074,632018,0.0086679998785257,0.0084400000050663
2022-06-25 00:00:00,0.0084570003673434,0.0084400000050663,0.0081500001251697,585946,0.0084720002487301,0.0084570003673434
2022-06-26 00:00:00,0.0083590000867843,0.0084570003673434,0.0083590000867843,550567,0.0087639996781945,0.0083590000867843
2022-06-27 00:00:00,0.0083579998463392,0.0083590000867843,0.008301000110805,527682,0.0086139999330043,0.0083579998463392
2022-06-28 00:00:00,0.0081890001893043,0.0083579998463392,0.0081789996474981,549877,0.0085039995610713,0.0081890001893043
2022-06-29 00:00:00,0.0080310003831982,0.0081890001893043,0.007949000224471,519837,0.0082390001043677,0.0080310003831982
2022-06-30 00:00:00,0.0080540003255009,0.0080310003831982,0.0076569998636841,580848,0.0080679999664425,0.0080540003255009
2022-07-01 00:00:00,0.0082949995994567,0.0080540003255009,0.0079070003703236,577371,0.0083440002053976,0.0082949995994567
2022-07-02 00:00:00,0.0079039996489882,0.0082949995994567,0.0077969999983906,634593,0.0083889998495578,0.0079039996489882
2022-07-03 00:00:00,0.0082090003415942,0.0079039996489882,0.0078090000897645,524398,0.0082430001348257,0.0082090003415942
2022-07-04 00:00:00,0.0083739999681711,0.0082090003415942,0.0079899998381733,578855,0.0083830002695322,0.0083739999681711
2022-07-05 00:00:00,0.0082520004361867,0.0083739999681711,0.0080559998750686,575234,0.0084210000932216,0.0082520004361867
2022-07-06 00:00:00,0.0082360003143548,0.0082520004361867,0.0079589998349547,540290,0.0082710003480315,0.0082360003143548
2022-07-07 00:00:00,0.0080920001491904,0.0082360003143548,0.0080660004168748,577607,0.0083529995754361,0.0080920001491904
2022-07-08 00:00:00,0.0083240000531077,0.0080920001491904,0.0079849995672702,574931,0.0084220003336668,0.0083240000531077
2022-07-09 00:00:00,0.0081049995496869,0.0083240000531077,0.0079690003767609,605503,0.0083419997245073,0.0081049995496869
2022-07-10 00:00:00,0.0076919998973608,0.0081049995496869,0.0075269998051226,516067,0.0081110000610351,0.0076919998973608
2022-07-11 00:00:00,0.0073359999805688,0.0076919998973608,0.0073319999501109,519867,0.0077080000191926,0.0073359999805688
2022-07-12 00:00:00,0.0028329999186098,0.0073359999805688,0.0007140000234358,4962484,0.007414000108838,0.0028329999186098
2022-07-13 00:00:00,0.002858999883756,0.0028329999186098,0.0026859999634325,5252093,0.005810999777168,0.002858999883756
2022-07-14 00:00:00,0.0040580001659691,0.002858999883756,0.0014169999631121,1680682,0.0052450001239776,0.0040580001659691
2022-07-15 00:00:00,0.0044709998182952,0.0040580001659691,0.002428000094369,135106,0.0054279998876154,0.0044709998182952
2022-07-16 00:00:00,0.004313999786973,0.0044709998182952,0.0041470001451671,150918,0.0048170001246035,0.004313999786973
2022-07-17 00:00:00,0.0024119999725371,0.004313999786973,0.0024119999725371,92059,0.0065839998424053,0.0024119999725371
2022-07-18 00:00:00,0.0040629999712109,0.0024119999725371,0.0024119999725371,144667,0.00450100004673,0.0040629999712109
2022-07-19 00:00:00,0.0021460000425577,0.0040629999712109,0.0005089999758638,164890,0.0060359998606145,0.0021460000425577
2022-07-20 00:00:00,0.0031510000117123,0.0021460000425577,0.0014029999729245,129646,0.0041620000265538,0.0031510000117123
2022-07-21 00:00:00,0.0015579999890178,0.0031510000117123,0.0003190000134054,206762,0.0062540001235902,0.0015579999890178
2022-07-22 00:00:00,0.0031940001063048,0.0015579999890178,0.0013960000360384,122188,0.0070859999395906,0.0031940001063048
2022-07-23 00:00:00,0.0036500000860542,0.0031940001063048,0.0025309999473392,132545,0.0065230000764131,0.0036500000860542
2022-07-24 00:00:00,0.0055630002170801,0.0036500000860542,0.0036500000860542,126535,0.0069539998658001,0.0055630002170801
2022-07-25 00:00:00,0.0080599999055266,0.0055630002170801,0.0055630002170801,156530,0.0083389999344944,0.0080599999055266
2022-07-26 00:00:00,0.0076680001802742,0.0080599999055266,0.0076589998789131,143661,0.0080709997564554,0.0076680001802742
2022-07-27 00:00:00,0.0076210000552237,0.0076680001802742,0.0075949998572468,131972,0.0077080000191926,0.0076210000552237
2022-07-28 00:00:00,0.0080749997869133,0.0076210000552237,0.0074319997802376,219955,0.0080920001491904,0.0080749997869133
2022-07-29 00:00:00,0.0080490000545978,0.0080749997869133,0.0077769998461008,258142,0.0082949995994567,0.0080490000545978
2022-07-30 00:00:00,0.0080829998478293,0.0080490000545978,0.008042000234127,136238,0.0081390002742409,0.0080829998478293
2022-07-31 00:00:00,0.0079020000994205,0.0080829998478293,0.0078940000385046,129017,0.0081430003046989,0.0079020000994205
2022-08-01 00:00:00,0.0078220004215836,0.0079020000994205,0.0077829998917877,178453,0.0079899998381733,0.0078220004215836
2022-08-02 00:00:00,0.0079720001667737,0.0078220004215836,0.0078220004215836,118800,0.0080390004441142,0.0079720001667737
2022-08-03 00:00:00,0.0079870000481605,0.0079720001667737,0.0078859999775886,122008,0.0079880002886056,0.0079870000481605
2022-08-04 00:00:00,0.0077069997787475,0.0079870000481605,0.0071939998306334,177570,0.00802499987185,0.0077069997787475
2022-08-05 00:00:00,0.007763999979943,0.0077069997787475,0.0075460001826286,141661,0.0077829998917877,0.007763999979943
2022-08-06 00:00:00,0.0077349999919533,0.007763999979943,0.0077149998396635,130195,0.0077800001017749,0.0077349999919533
2022-08-07 00:00:00,0.007868000306189,0.0077349999919533,0.0075909998267889,157154,0.0078849997371435,0.007868000306189
2022-08-08 00:00:00,0.0074640000239014,0.007868000306189,0.0074499999172985,228656,0.0078750001266598,0.0074640000239014
2022-08-09 00:00:00,0.0072599998675286,0.0074640000239014,0.0072470000013709,166124,0.0074720000848174,0.0072599998675286
2022-08-10 00:00:00,0.0073299999348819,0.0072599998675286,0.0067199999466538,156955,0.007412000093609,0.0073299999348819
2022-08-11 00:00:00,0.0077019999735057,0.0073299999348819,0.0073250001296401,178425,0.0078070000745356,0.0077019999735057
2022-08-12 00:00:00,0.007590000052005,0.0077019999735057,0.0075889998115599,119339,0.0077149998396635,0.007590000052005
2022-08-13 00:00:00,0.0079030003398656,0.007590000052005,0.0075819999910891,155865,0.0079950001090765,0.0079030003398656
2022-08-14 00:00:00,0.0078779999166727,0.0079020000994205,0.0078689996153116,124333,0.0079049998894333,0.0078779999166727
2022-08-15 00:00:00,0.0073409997858107,0.0078779999166727,0.0072119999676942,273880,0.0079229995608329,0.0073409997858107
2022-08-16 00:00:00,0.007331000175327,0.0073409997858107,0.0072119999676942,152475,0.0073469998314976,0.007331000175327
2022-08-17 00:00:00,0.007139999885112,0.0073319999501109,0.0070340000092983,192415,0.0073790000751614,0.007139999885112
2022-08-18 00:00:00,0.0070679998025298,0.007139999885112,0.0070119998417794,206112,0.0072679999284446,0.0070679998025298
2022-08-19 00:00:00,0.0069120000116527,0.0070679998025298,0.0065080001950263,262683,0.0070850001648068,0.0069120000116527
2022-08-20 00:00:00,0.0069809998385608,0.0069120000116527,0.0069099999964237,141366,0.0070050000213086,0.0069809998385608
2022-08-21 00:00:00,0.0068799997679889,0.0069809998385608,0.0066249999217689,176205,0.0069940001703798,0.0068799997679889
2022-08-22 00:00:00,0.0066840001381933,0.0068799997679889,0.0065970001742243,134890,0.0069189998321235,0.0066840001381933
2022-08-23 00:00:00,0.0066309999674558,0.0066840001381933,0.0064690001308918,153515,0.0066909999586641,0.0066309999674558
2022-08-24 00:00:00,0.0067190001718699,0.0066309999674558,0.0066030002199113,143547,0.0068299998529255,0.0067190001718699
2022-08-25 00:00:00,0.0067289997823536,0.0067190001718699,0.0065790000371634,154763,0.0067369998432695,0.0067289997823536
2022-08-26 00:00:00,0.0068680001422762,0.0067289997823536,0.0067250002175569,135269,0.006878999993205,0.0068680001422762
2022-08-27 00:00:00,0.0071009998209774,0.0068680001422762,0.0068430001847445,142344,0.0071140001527965,0.0071009998209774
2022-08-28 00:00:00,0.007135999854654,0.0071009998209774,0.0070940000005066,139483,0.0071539999917149,0.007135999854654
2022-08-29 00:00:00,0.0071669998578727,0.007135999854654,0.0070600002072751,169500,0.0072400001809,0.0071669998578727
2022-08-30 00:00:00,0.006713000126183,0.0071669998578727,0.0063620000146329,237012,0.0071760001592338,0.006713000126183
2022-08-31 00:00:00,0.0067590000107884,0.006713000126183,0.0066860001534223,161676,0.0068720001727342,0.0067590000107884
2022-09-01 00:00:00,0.0068239998072385,0.0067590000107884,0.0067590000107884,170967,0.0069320001639425,0.0068239998072385
2022-09-02 00:00:00,0.0068230000324547,0.0068230000324547,0.0067380000837147,132208,0.0068299998529255,0.0068230000324547
2022-09-03 00:00:00,0.006878999993205,0.0068230000324547,0.0068149999715387,140728,0.0069039999507367,0.006878999993205
2022-09-04 00:00:00,0.0064469999633729,0.006878999993205,0.0063700000755488,200003,0.006878999993205,0.0064469999633729
2022-09-05 00:00:00,0.0063209999352693,0.0064469999633729,0.0063089998438954,125834,0.0064650001004338,0.0063209999352693
2022-09-06 00:00:00,0.0063550001941621,0.0063209999352693,0.0061449999921023,199746,0.0063800001516938,0.0063550001941621
2022-09-07 00:00:00,0.0063169999048113,0.0063539999537169,0.0062919999472796,137775,0.0063599999994039,0.0063169999048113
2022-09-08 00:00:00,0.0062429998070001,0.0063169999048113,0.0061490000225603,179412,0.0063200001604855,0.0062429998070001
2022-09-09 00:00:00,0.0065709999762475,0.0062429998070001,0.0060939998365938,218633,0.0065970001742243,0.0065709999762475
2022-09-10 00:00:00,0.0066129998303949,0.0065709999762475,0.0065669999457895,156380,0.0066390000283718,0.0066129998303949
2022-09-11 00:00:00,0.0066610001958906,0.0066129998303949,0.0065629999153316,129598,0.0066849999129772,0.0066610001958906
2022-09-12 00:00:00,0.0067739998921751,0.0066610001958906,0.0066610001958906,133391,0.0067759999074041,0.0067739998921751
2022-09-13 00:00:00,0.0068299998529255,0.0067739998921751,0.0067650000564754,132351,0.0068299998529255,0.0068299998529255
2022-09-14 00:00:00,0.0067909997887909,0.0068160002119839,0.0067850002087652,142245,0.0068330001085996,0.0067909997887909
2022-09-15 00:00:00,0.0067289997823536,0.0067909997887909,0.0067059998400509,106250,0.0067949998192489,0.0067289997823536
2022-09-16 00:00:00,0.0064429999329149,0.0067289997823536,0.006087000016123,176830,0.0067329998128116,0.0064429999329149
2022-09-17 00:00:00,0.0064260000362992,0.0064409999176859,0.0062210001051425,106073,0.0065440000034868,0.0064260000362992
2022-09-18 00:00:00,0.0065540000796318,0.006426999811083,0.0064179999753832,130834,0.0065859998576343,0.0065540000796318
2022-09-19 00:00:00,0.0065060001797974,0.0065540000796318,0.0065060001797974,121714,0.0065620001405477,0.0065060001797974
2022-09-20 00:00:00,0.0063009997829794,0.0065060001797974,0.0062839998863637,120069,0.0065210000611841,0.0063009997829794
2022-09-21 00:00:00,0.006446000188589,0.0063020000234246,0.0061289998702704,190570,0.0064489999786019,0.006446000188589
2022-09-22 00:00:00,0.0067770001478493,0.006446000188589,0.006436999887228,139956,0.0067909997887909,0.0067770001478493
2022-09-23 00:00:00,0.007139999885112,0.0067770001478493,0.0067650000564754,184106,0.0074359998106956,0.007139999885112
2022-09-24 00:00:00,0.0071020000614225,0.007139999885112,0.0070839999243617,127282,0.00714399991557,0.0071020000614225
2022-09-25 00:00:00,0.0071100001223385,0.0071020000614225,0.0070910002104938,152206,0.0071629998274147,0.0071100001223385
2022-09-26 00:00:00,0.0070670000277459,0.0071100001223385,0.0069610001519322,142244,0.0071160001680254,0.0070670000277459
2022-09-27 00:00:00,0.0070500001311302,0.0070670000277459,0.0070400000549852,117539,0.0070750000886619,0.0070500001311302
2022-09-28 08:57:00,0.0073840795084834,0.0070498888380825,0.0070439521223306,147011,0.0073840795084834,0.0073840795084834
