TIMESTAMP,JUICE30330_OPEN_PRICE_USD,JUICE30330_HIGH_PRICE_USD,JUICE30330_LOW_PRICE_USD,JUICE30330_CLOSE_PRICE_USD,JUICE30330_VOLUME_USD,JUICE30330_DIVIDENDS_USD,JUICE30330_STOCK_SPLITS_USD
2024-04-02 00:00:00+00:00,0.23089000582695007,0.24000999331474304,0.226283997297287,0.2375829964876175,350728,0.0,0.0
2024-04-03 00:00:00+00:00,0.2375829964876175,0.28033798933029175,0.2309029996395111,0.27457600831985474,380828,0.0,0.0
2024-04-04 00:00:00+00:00,0.27457600831985474,0.27487099170684814,0.2603830099105835,0.26540300250053406,421967,0.0,0.0
2024-04-05 00:00:00+00:00,0.26540300250053406,0.35372400283813477,0.26515498757362366,0.35372400283813477,469979,0.0,0.0
2024-04-06 00:00:00+00:00,0.35372400283813477,0.45026901364326477,0.35263699293136597,0.43054500222206116,418777,0.0,0.0
2024-04-07 00:00:00+00:00,0.43054500222206116,0.4531260132789612,0.40525299310684204,0.4523389935493469,412826,0.0,0.0
2024-04-08 00:00:00+00:00,0.4523389935493469,0.45791199803352356,0.4049220085144043,0.4154509902000427,419034,0.0,0.0
2024-04-09 00:00:00+00:00,0.4154509902000427,0.41785600781440735,0.3626770079135895,0.37538599967956543,399879,0.0,0.0
2024-04-10 00:00:00+00:00,0.37538599967956543,0.39830100536346436,0.3609350025653839,0.38508400321006775,425385,0.0,0.0
2024-04-11 00:00:00+00:00,0.38508400321006775,0.4706119894981384,0.3842799961566925,0.45285001397132874,419580,0.0,0.0
2024-04-12 00:00:00+00:00,0.45285001397132874,0.4538950026035309,0.37860599160194397,0.4185410141944885,387357,0.0,0.0
2024-04-13 00:00:00+00:00,0.4185410141944885,0.4185410141944885,0.33233898878097534,0.335099995136261,372847,0.0,0.0
2024-04-14 00:00:00+00:00,0.335099995136261,0.3494420051574707,0.292838990688324,0.3115130066871643,418326,0.0,0.0
2024-04-15 00:00:00+00:00,0.3150300085544586,0.3703419864177704,0.31264999508857727,0.3657670021057129,428938,0.0,0.0
2024-04-16 00:00:00+00:00,0.3657670021057129,0.4338189959526062,0.3645929992198944,0.405254989862442,387384,0.0,0.0
2024-04-17 00:00:00+00:00,0.4035339951515198,0.41902199387550354,0.3758789896965027,0.39037901163101196,425183,0.0,0.0
2024-04-18 00:00:00+00:00,0.39037901163101196,0.48635900020599365,0.39037901163101196,0.473565012216568,431976,0.0,0.0
2024-04-19 00:00:00+00:00,0.473565012216568,0.4906559884548187,0.44502899050712585,0.4491240084171295,328019,0.0,0.0
2024-04-20 00:00:00+00:00,0.4491240084171295,0.4711039960384369,0.44565001130104065,0.46584901213645935,393131,0.0,0.0
2024-04-21 00:00:00+00:00,0.46608200669288635,0.4709939956665039,0.4336859881877899,0.4366059899330139,216370,0.0,0.0
2024-04-22 00:00:00+00:00,0.4366059899330139,0.4432159960269928,0.3678649961948395,0.3706749975681305,338430,0.0,0.0
2024-04-23 00:00:00+00:00,0.3706749975681305,0.37986400723457336,0.3449459969997406,0.3489510118961334,442231,0.0,0.0
2024-04-24 00:00:00+00:00,0.3480280041694641,0.35109999775886536,0.328233003616333,0.3328309953212738,424038,0.0,0.0
2024-04-25 00:00:00+00:00,0.3328309953212738,0.3339659869670868,0.2968200147151947,0.3040030002593994,434548,0.0,0.0
2024-04-26 00:00:00+00:00,0.3040030002593994,0.30706700682640076,0.29497000575065613,0.3018440008163452,385395,0.0,0.0
2024-04-27 00:00:00+00:00,0.3018440008163452,0.3143500089645386,0.28874701261520386,0.3143079876899719,369860,0.0,0.0
2024-04-28 00:00:00+00:00,0.3143079876899719,0.31459400057792664,0.27624601125717163,0.2792159914970398,239386,0.0,0.0
2024-04-29 00:00:00+00:00,0.2792159914970398,0.28120699524879456,0.24802400171756744,0.25933700799942017,203838,0.0,0.0
2024-04-30 00:00:00+00:00,0.25933700799942017,0.2903980016708374,0.2408509999513626,0.25414401292800903,195318,0.0,0.0
2024-05-01 00:00:00+00:00,0.25414401292800903,0.25719600915908813,0.23847800493240356,0.2532230019569397,291333,0.0,0.0
2024-05-02 00:00:00+00:00,0.2532230019569397,0.26493701338768005,0.24536100029945374,0.26398101449012756,245231,0.0,0.0
2024-05-03 00:00:00+00:00,0.2630870044231415,0.26642200350761414,0.2540059983730316,0.26465898752212524,264287,0.0,0.0
2024-05-04 00:00:00+00:00,0.26465898752212524,0.2663930058479309,0.23360000550746918,0.24522699415683746,256605,0.0,0.0
2024-05-05 00:00:00+00:00,0.24522699415683746,0.2486719936132431,0.23110200464725494,0.23642300069332123,252346,0.0,0.0
2024-05-06 00:00:00+00:00,0.23642300069332123,0.2417760044336319,0.22712400555610657,0.22785699367523193,224881,0.0,0.0
2024-05-07 00:00:00+00:00,0.22785699367523193,0.231346994638443,0.2245360016822815,0.22839899361133575,289432,0.0,0.0
2024-05-08 00:00:00+00:00,0.22839899361133575,0.22971999645233154,0.22290000319480896,0.225164994597435,233068,0.0,0.0
2024-05-09 00:00:00+00:00,0.225164994597435,0.23338299989700317,0.2250239998102188,0.23221899569034576,263238,0.0,0.0
2024-05-10 00:00:00+00:00,0.23221899569034576,0.23277099430561066,0.21715399622917175,0.22205400466918945,237045,0.0,0.0
2024-05-11 00:00:00+00:00,0.22205400466918945,0.2364010065793991,0.22200800478458405,0.23370200395584106,209742,0.0,0.0
2024-05-12 00:00:00+00:00,0.23370200395584106,0.2352149933576584,0.22419799864292145,0.22610799968242645,246215,0.0,0.0
2024-05-13 00:00:00+00:00,0.22596099972724915,0.22749699652194977,0.2159709930419922,0.2159709930419922,254707,0.0,0.0
2024-05-14 00:00:00+00:00,0.2159709930419922,0.23449000716209412,0.21124500036239624,0.23254799842834473,311981,0.0,0.0
2024-05-15 00:00:00+00:00,0.23254799842834473,0.24969600141048431,0.22970299422740936,0.24822799861431122,243899,0.0,0.0
2024-05-16 00:00:00+00:00,0.24822799861431122,0.24822799861431122,0.24136899411678314,0.2423730045557022,234795,0.0,0.0
2024-05-17 00:00:00+00:00,0.2423730045557022,0.2586100101470947,0.24149000644683838,0.25648200511932373,217192,0.0,0.0
2024-05-18 00:00:00+00:00,0.25648200511932373,0.2607029974460602,0.2447350025177002,0.24625800549983978,290366,0.0,0.0
2024-05-19 00:00:00+00:00,0.24625800549983978,0.2473980039358139,0.2368910014629364,0.23819099366664886,246130,0.0,0.0
2024-05-20 00:00:00+00:00,0.23785799741744995,0.28464600443840027,0.22721700370311737,0.28325098752975464,294560,0.0,0.0
2024-05-21 00:00:00+00:00,0.28325098752975464,0.2879059910774231,0.2565760016441345,0.265953004360199,289744,0.0,0.0
2024-05-22 00:00:00+00:00,0.265953004360199,0.2668589949607849,0.22534799575805664,0.229312002658844,268924,0.0,0.0
2024-05-23 00:00:00+00:00,0.229312002658844,0.25352901220321655,0.22206300497055054,0.22902600467205048,346986,0.0,0.0
2024-05-24 00:00:00+00:00,0.22902600467205048,0.2633959949016571,0.22218899428844452,0.2617909908294678,284503,0.0,0.0
2024-05-25 00:00:00+00:00,0.2617909908294678,0.27460598945617676,0.2605209946632385,0.27440398931503296,243913,0.0,0.0
2024-05-26 00:00:00+00:00,0.27551600337028503,0.2962929904460907,0.27551600337028503,0.292043000459671,271888,0.0,0.0
2024-05-27 00:00:00+00:00,0.29061898589134216,0.30508100986480713,0.29061898589134216,0.30008000135421753,267638,0.0,0.0
2024-05-28 00:00:00+00:00,0.30008000135421753,0.30206599831581116,0.28879499435424805,0.29005399346351624,234212,0.0,0.0
2024-05-29 00:00:00+00:00,0.29005399346351624,0.2907930016517639,0.2639450132846832,0.2730349898338318,258385,0.0,0.0
2024-05-30 00:00:00+00:00,0.27232998609542847,0.28151199221611023,0.2679080069065094,0.26844000816345215,262976,0.0,0.0
2024-05-31 00:00:00+00:00,0.26873499155044556,0.27658000588417053,0.24091200530529022,0.24217699468135834,283200,0.0,0.0
2024-06-01 00:00:00+00:00,0.24217699468135834,0.2759549915790558,0.24154600501060486,0.27527299523353577,252774,0.0,0.0
2024-06-02 00:00:00+00:00,0.27474498748779297,0.29630398750305176,0.24377000331878662,0.24394899606704712,255653,0.0,0.0
2024-06-03 00:00:00+00:00,0.24394899606704712,0.25130999088287354,0.24150000512599945,0.2452089935541153,228650,0.0,0.0
2024-06-04 00:00:00+00:00,0.24718700349330902,0.262594997882843,0.2467849999666214,0.2586570084095001,283761,0.0,0.0
2024-06-05 00:00:00+00:00,0.2586570084095001,0.2596290111541748,0.24565400183200836,0.24940599501132965,240389,0.0,0.0
2024-06-06 00:00:00+00:00,0.25052401423454285,0.25154900550842285,0.24368800222873688,0.2456890046596527,264375,0.0,0.0
2024-06-07 00:00:00+00:00,0.24640999734401703,0.24759100377559662,0.23148700594902039,0.2364010065793991,266098,0.0,0.0
2024-06-08 00:00:00+00:00,0.2364010065793991,0.2685909867286682,0.21194900572299957,0.2167470008134842,336965,0.0,0.0
2024-06-09 00:00:00+00:00,0.21727900207042694,0.220550999045372,0.1983869969844818,0.21600300073623657,193282,0.0,0.0
2024-06-10 00:00:00+00:00,0.21600300073623657,0.22788800299167633,0.21493400633335114,0.22364699840545654,257392,0.0,0.0
2024-06-11 00:00:00+00:00,0.22364699840545654,0.23215100169181824,0.21377499401569366,0.23151199519634247,271324,0.0,0.0
2024-06-12 00:00:00+00:00,0.23151199519634247,0.2568820118904114,0.23026800155639648,0.2541019916534424,263956,0.0,0.0
2024-06-13 00:00:00+00:00,0.2541019916534424,0.26043701171875,0.22889600694179535,0.26043701171875,287713,0.0,0.0
2024-06-14 00:00:00+00:00,0.26043701171875,0.2761709988117218,0.25187399983406067,0.253944993019104,241388,0.0,0.0
2024-06-15 00:00:00+00:00,0.253944993019104,0.35508599877357483,0.25394099950790405,0.35450899600982666,382576,0.0,0.0
2024-06-16 00:00:00+00:00,0.35450899600982666,0.37352699041366577,0.3356350064277649,0.33817699551582336,249728,0.0,0.0
2024-06-17 00:00:00+00:00,0.33817699551582336,0.3389259874820709,0.3239929974079132,0.3251959979534149,245016,0.0,0.0
2024-06-18 00:00:00+00:00,0.3251959979534149,0.3255169987678528,0.30284398794174194,0.31873899698257446,272487,0.0,0.0
2024-06-19 00:00:00+00:00,0.31873899698257446,0.3354269862174988,0.3180829882621765,0.3247529864311218,281428,0.0,0.0
2024-06-20 00:00:00+00:00,0.3247529864311218,0.32936200499534607,0.3155589997768402,0.3176630139350891,217545,0.0,0.0
2024-06-21 00:00:00+00:00,0.3176630139350891,0.3242410123348236,0.3152860105037689,0.32221901416778564,223369,0.0,0.0
2024-06-22 00:00:00+00:00,0.322286993265152,0.41680699586868286,0.3198600113391876,0.41673099994659424,316561,0.0,0.0
2024-06-23 00:00:00+00:00,0.41673099994659424,0.41690000891685486,0.35762500762939453,0.357789009809494,209794,0.0,0.0
2024-06-24 00:00:00+00:00,0.357789009809494,0.3838230073451996,0.35286200046539307,0.3838230073451996,277517,0.0,0.0
2024-06-25 00:00:00+00:00,0.3838230073451996,0.40616199374198914,0.3821290135383606,0.4034389853477478,326572,0.0,0.0
2024-06-26 00:00:00+00:00,0.4034389853477478,0.4061110019683838,0.3927589952945709,0.39287498593330383,254851,0.0,0.0
2024-06-27 00:00:00+00:00,0.39287498593330383,0.500914990901947,0.3926889896392822,0.4707440137863159,346484,0.0,0.0
2024-06-28 00:00:00+00:00,0.4707440137863159,0.47411200404167175,0.4126709997653961,0.41274499893188477,205895,0.0,0.0
2024-06-29 00:00:00+00:00,0.41274499893188477,0.413442999124527,0.3549079895019531,0.3719319999217987,287312,0.0,0.0
2024-06-30 00:00:00+00:00,0.3719319999217987,0.3756220042705536,0.3682290017604828,0.37284499406814575,290450,0.0,0.0
2024-07-01 00:00:00+00:00,0.37284499406814575,0.38512200117111206,0.3723669946193695,0.3778879940509796,255245,0.0,0.0
2024-07-02 00:00:00+00:00,0.3778879940509796,0.3947620093822479,0.3752410113811493,0.393559992313385,304012,0.0,0.0
2024-07-03 00:00:00+00:00,0.393559992313385,0.39558398723602295,0.37278398871421814,0.37779700756073,300458,0.0,0.0
2024-07-04 00:00:00+00:00,0.37779700756073,0.37779700756073,0.3502649962902069,0.3502649962902069,265551,0.0,0.0
2024-07-05 00:00:00+00:00,0.3502649962902069,0.35348600149154663,0.31016600131988525,0.3108519911766052,292104,0.0,0.0
2024-07-06 00:00:00+00:00,0.3108519911766052,0.31787198781967163,0.30968600511550903,0.315324991941452,296979,0.0,0.0
2024-07-07 00:00:00+00:00,0.315324991941452,0.3156520128250122,0.3048250079154968,0.3048250079154968,212191,0.0,0.0
2024-07-08 00:00:00+00:00,0.3048250079154968,0.30891698598861694,0.2886599898338318,0.29846298694610596,319782,0.0,0.0
2024-07-09 00:00:00+00:00,0.29846298694610596,0.3059979975223541,0.290149986743927,0.2973029911518097,282018,0.0,0.0
2024-07-10 00:00:00+00:00,0.2973029911518097,0.30340200662612915,0.2913169860839844,0.2924090027809143,285415,0.0,0.0
2024-07-11 00:00:00+00:00,0.2924090027809143,0.3451269865036011,0.2636139988899231,0.3358840048313141,369932,0.0,0.0
2024-07-12 00:00:00+00:00,0.3358840048313141,0.33620700240135193,0.30581700801849365,0.3265329897403717,286627,0.0,0.0
2024-07-13 00:00:00+00:00,0.3265329897403717,0.3810279965400696,0.3246929943561554,0.3692060112953186,328019,0.0,0.0
2024-07-14 00:00:00+00:00,0.3692060112953186,0.40650999546051025,0.36020299792289734,0.3619529902935028,331740,0.0,0.0
2024-07-15 00:00:00+00:00,0.3619529902935028,0.41202300786972046,0.36089399456977844,0.4112659990787506,295228,0.0,0.0
2024-07-16 00:00:00+00:00,0.4112659990787506,0.4117429852485657,0.36813199520111084,0.37071898579597473,296666,0.0,0.0
2024-07-17 00:00:00+00:00,0.37071898579597473,0.3832690119743347,0.37053701281547546,0.3769780099391937,263653,0.0,0.0
2024-07-18 00:00:00+00:00,0.3769780099391937,0.39026400446891785,0.3722189962863922,0.3766170144081116,291509,0.0,0.0
2024-07-19 00:00:00+00:00,0.3766170144081116,0.3819189965724945,0.3727859854698181,0.3779059946537018,285962,0.0,0.0
2024-07-20 00:00:00+00:00,0.3779059946537018,0.3852660059928894,0.3757070004940033,0.3827100098133087,328428,0.0,0.0
2024-07-21 00:00:00+00:00,0.3827100098133087,0.39640098810195923,0.37670600414276123,0.3855609893798828,235670,0.0,0.0
2024-07-22 00:00:00+00:00,0.3855609893798828,0.39906999468803406,0.3626979887485504,0.3639949858188629,314197,0.0,0.0
2024-07-23 00:00:00+00:00,0.3639949858188629,0.37310099601745605,0.3558819890022278,0.3631089925765991,210228,0.0,0.0
2024-07-24 00:00:00+00:00,0.3631089925765991,0.36324700713157654,0.3204689919948578,0.32158398628234863,201750,0.0,0.0
2024-07-25 00:00:00+00:00,0.32158398628234863,0.3226499855518341,0.2917270064353943,0.3179830014705658,193539,0.0,0.0
2024-07-26 00:00:00+00:00,0.3179830014705658,0.3387649953365326,0.3120940029621124,0.33852100372314453,190297,0.0,0.0
2024-07-27 00:00:00+00:00,0.33852100372314453,0.347786009311676,0.33035099506378174,0.34306800365448,181674,0.0,0.0
2024-07-28 00:00:00+00:00,0.34306800365448,0.36056798696517944,0.3143270015716553,0.31766200065612793,200502,0.0,0.0
2024-07-29 00:00:00+00:00,0.31766200065612793,0.3271920084953308,0.30298900604248047,0.3069339990615845,173492,0.0,0.0
2024-07-30 00:00:00+00:00,0.3069339990615845,0.3233180046081543,0.30415400862693787,0.3161090016365051,192208,0.0,0.0
2024-07-31 00:00:00+00:00,0.3161090016365051,0.3391219973564148,0.3161090016365051,0.32394999265670776,162806,0.0,0.0
2024-08-01 00:00:00+00:00,0.32394999265670776,0.3359079957008362,0.2973029911518097,0.32029199600219727,213404,0.0,0.0
2024-08-02 00:00:00+00:00,0.32029199600219727,0.32108598947525024,0.27537599205970764,0.2887449860572815,171801,0.0,0.0
2024-08-03 00:00:00+00:00,0.2887449860572815,0.28884199261665344,0.27369600534439087,0.27933600544929504,179844,0.0,0.0
2024-08-04 00:00:00+00:00,0.27933600544929504,0.31666100025177,0.2762250006198883,0.2909800112247467,185353,0.0,0.0
2024-08-05 00:00:00+00:00,0.2909800112247467,0.29165399074554443,0.21668599545955658,0.25744301080703735,165615,0.0,0.0
2024-08-06 00:00:00+00:00,0.25744301080703735,0.3140060007572174,0.25723201036453247,0.25900799036026,183879,0.0,0.0
2024-08-07 00:00:00+00:00,0.25900799036026,0.2680889964103699,0.24079500138759613,0.2440119981765747,202603,0.0,0.0
2024-08-08 00:00:00+00:00,0.2440119981765747,0.3557739853858948,0.24377399682998657,0.3520340025424957,413046,0.0,0.0
2024-08-09 00:00:00+00:00,0.3520340025424957,0.3700290024280548,0.34940698742866516,0.3699530065059662,289608,0.0,0.0
2024-08-10 00:00:00+00:00,0.3699930012226105,0.386788010597229,0.361175000667572,0.3628830015659332,345024,0.0,0.0
2024-08-11 00:00:00+00:00,0.3628830015659332,0.3702720105648041,0.3304930031299591,0.3344449996948242,248762,0.0,0.0
2024-08-12 00:00:00+00:00,0.3344449996948242,0.35454699397087097,0.3144089877605438,0.3530009984970093,337634,0.0,0.0
2024-08-13 00:00:00+00:00,0.3530009984970093,0.3533720076084137,0.33862099051475525,0.3475239872932434,340926,0.0,0.0
2024-08-14 00:00:00+00:00,0.3475239872932434,0.35677599906921387,0.31440699100494385,0.3151150047779083,252776,0.0,0.0
2024-08-15 00:00:00+00:00,0.3151150047779083,0.3276219964027405,0.3061949908733368,0.31816598773002625,321068,0.0,0.0
2024-08-16 00:00:00+00:00,0.31816598773002625,0.3442299962043762,0.31744199991226196,0.3402419984340668,298959,0.0,0.0
2024-08-17 00:00:00+00:00,0.3402419984340668,0.3621619939804077,0.3402419984340668,0.361176997423172,315329,0.0,0.0
2024-08-18 00:00:00+00:00,0.36128899455070496,0.3974890112876892,0.359932005405426,0.3893139958381653,359773,0.0,0.0
2024-08-19 00:00:00+00:00,0.3893139958381653,0.3950600028038025,0.3636989891529083,0.382658988237381,295820,0.0,0.0
2024-08-20 00:00:00+00:00,0.38220199942588806,0.38569000363349915,0.328916996717453,0.33346500992774963,321525,0.0,0.0
2024-08-21 00:00:00+00:00,0.33290600776672363,0.33965998888015747,0.3273549973964691,0.3290550112724304,309811,0.0,0.0
2024-08-22 00:00:00+00:00,0.3290550112724304,0.32999399304389954,0.29721200466156006,0.3137440085411072,339511,0.0,0.0
2024-08-23 00:00:00+00:00,0.3137440085411072,0.35474899411201477,0.295879989862442,0.3141019940376282,373580,0.0,0.0
2024-08-24 00:00:00+00:00,0.3141019940376282,0.31474700570106506,0.294283002614975,0.29541900753974915,280226,0.0,0.0
2024-08-25 00:00:00+00:00,0.29541900753974915,0.3048020005226135,0.2930710017681122,0.29616498947143555,357205,0.0,0.0
2024-08-26 00:00:00+00:00,0.29616498947143555,0.29684799909591675,0.26453301310539246,0.26469099521636963,274362,0.0,0.0
2024-08-27 00:00:00+00:00,0.26469099521636963,0.27375298738479614,0.24161800742149353,0.24368199706077576,264566,0.0,0.0
2024-08-28 00:00:00+00:00,0.24368199706077576,0.28370800614356995,0.23993299901485443,0.281917005777359,300756,0.0,0.0
2024-08-29 00:00:00+00:00,0.281917005777359,0.2865000069141388,0.27576398849487305,0.27778899669647217,231707,0.0,0.0
2024-08-30 00:00:00+00:00,0.27778899669647217,0.2792850136756897,0.26381799578666687,0.27557501196861267,242953,0.0,0.0
2024-08-31 00:00:00+00:00,0.27557501196861267,0.2767910063266754,0.24550800025463104,0.2474689930677414,143428,0.0,0.0
2024-09-01 00:00:00+00:00,0.2474689930677414,0.24762700498104095,0.2319139987230301,0.23274299502372742,159141,0.0,0.0
2024-09-02 00:00:00+00:00,0.23274299502372742,0.2494630068540573,0.23274299502372742,0.24103200435638428,163479,0.0,0.0
2024-09-03 00:00:00+00:00,0.24103200435638428,0.2514509856700897,0.23155799508094788,0.2505370080471039,120803,0.0,0.0
2024-09-04 00:00:00+00:00,0.2505370080471039,0.2505370080471039,0.22768600285053253,0.24650900065898895,160391,0.0,0.0
2024-09-05 00:00:00+00:00,0.24650900065898895,0.24762099981307983,0.23591899871826172,0.23649099469184875,118559,0.0,0.0
2024-09-06 00:00:00+00:00,0.23649099469184875,0.2393919974565506,0.21216599643230438,0.22869999706745148,155211,0.0,0.0
2024-09-07 00:00:00+00:00,0.22869999706745148,0.23827800154685974,0.22862599790096283,0.23441100120544434,126928,0.0,0.0
2024-09-08 00:00:00+00:00,0.23441100120544434,0.24017299711704254,0.23107700049877167,0.2376050055027008,147642,0.0,0.0
2024-09-09 00:00:00+00:00,0.2376050055027008,0.2491620033979416,0.22750799357891083,0.24912500381469727,149232,0.0,0.0
2024-09-10 00:00:00+00:00,0.24912500381469727,0.24912500381469727,0.2284580022096634,0.23890100419521332,123717,0.0,0.0
2024-09-11 00:00:00+00:00,0.23890100419521332,0.23923799395561218,0.22835400700569153,0.23431800305843353,133864,0.0,0.0
2024-09-12 00:00:00+00:00,0.23431800305843353,0.24934400618076324,0.23235900700092316,0.24886499345302582,149519,0.0,0.0
2024-09-13 00:00:00+00:00,0.24886499345302582,0.27030500769615173,0.24122199416160583,0.27030500769615173,169427,0.0,0.0
2024-09-14 00:00:00+00:00,0.27030500769615173,0.30894601345062256,0.2699739933013916,0.3083769977092743,159389,0.0,0.0
2024-09-15 00:00:00+00:00,0.3083769977092743,0.31113800406455994,0.29555198550224304,0.29832398891448975,118525,0.0,0.0
2024-09-16 00:00:00+00:00,0.29832398891448975,0.2989659905433655,0.28997498750686646,0.2961919903755188,126529,0.0,0.0
2024-09-17 00:00:00+00:00,0.2961919903755188,0.3147290050983429,0.28812599182128906,0.31204700469970703,113657,0.0,0.0
2024-09-18 00:00:00+00:00,0.31204700469970703,0.3123970031738281,0.2978230118751526,0.29784300923347473,129454,0.0,0.0
2024-09-19 00:00:00+00:00,0.30239298939704895,0.3072670102119446,0.27133500576019287,0.27704599499702454,112899,0.0,0.0
2024-09-20 00:00:00+00:00,0.27704599499702454,0.2773270010948181,0.21017399430274963,0.21903200447559357,176640,0.0,0.0
2024-09-21 00:00:00+00:00,0.2191070020198822,0.226065993309021,0.16950799524784088,0.198403000831604,166705,0.0,0.0
2024-09-22 00:00:00+00:00,0.198403000831604,0.2044689953327179,0.1916559934616089,0.19358399510383606,122640,0.0,0.0
2024-09-23 00:00:00+00:00,0.19358399510383606,0.2433599978685379,0.1887589991092682,0.24093300104141235,169403,0.0,0.0
2024-09-24 00:00:00+00:00,0.24093300104141235,0.24095700681209564,0.2162580043077469,0.2219409942626953,142166,0.0,0.0
2024-09-25 00:00:00+00:00,0.2219409942626953,0.22293399274349213,0.21460700035095215,0.22029200196266174,102911,0.0,0.0
2024-09-26 00:00:00+00:00,0.22029200196266174,0.23104499280452728,0.2192460000514984,0.22672699391841888,134558,0.0,0.0
2024-09-27 00:00:00+00:00,0.22672699391841888,0.2352299988269806,0.21970300376415253,0.21970300376415253,143943,0.0,0.0
2024-09-28 00:00:00+00:00,0.21970300376415253,0.22041000425815582,0.21626700460910797,0.21807299554347992,100130,0.0,0.0
2024-09-29 00:00:00+00:00,0.21807299554347992,0.2180739939212799,0.19976499676704407,0.20425400137901306,107829,0.0,0.0
2024-09-30 00:00:00+00:00,0.2045229971408844,0.2045239955186844,0.19196200370788574,0.1934960037469864,133626,0.0,0.0
2024-10-01 00:00:00+00:00,0.1934960037469864,0.25279200077056885,0.18011300265789032,0.19105499982833862,164176,0.0,0.0
2024-10-02 00:00:00+00:00,0.19105499982833862,0.1988849937915802,0.18871000409126282,0.18939100205898285,121127,0.0,0.0
2024-10-03 00:00:00+00:00,0.18939100205898285,0.19192500412464142,0.18325300514698029,0.18787500262260437,124185,0.0,0.0
2024-10-04 00:00:00+00:00,0.18747399747371674,0.19667799770832062,0.1868630051612854,0.19533400237560272,123681,0.0,0.0
2024-10-05 00:00:00+00:00,0.19533400237560272,0.20015400648117065,0.19368599355220795,0.19890500605106354,124969,0.0,0.0
2024-10-06 00:00:00+00:00,0.19890500605106354,0.20198099315166473,0.19781099259853363,0.1995690017938614,145146,0.0,0.0
2024-10-07 00:00:00+00:00,0.1995690017938614,0.2109609991312027,0.1995690017938614,0.2052849978208542,104623,0.0,0.0
2024-10-08 00:00:00+00:00,0.2052849978208542,0.2065110057592392,0.19640600681304932,0.19859200716018677,121949,0.0,0.0
2024-10-09 00:00:00+00:00,0.1983260065317154,0.20081299543380737,0.18479199707508087,0.18513299524784088,113660,0.0,0.0
2024-10-10 00:00:00+00:00,0.18510299921035767,0.20005999505519867,0.18331900238990784,0.20005999505519867,79338,0.0,0.0
2024-10-11 00:00:00+00:00,0.20005999505519867,0.20005999505519867,0.17545099556446075,0.18904699385166168,3886,0.0,0.0
2024-10-12 00:00:00+00:00,0.18904699385166168,0.18904699385166168,0.16104799509048462,0.17199400067329407,20151,0.0,0.0
2024-10-13 00:00:00+00:00,0.17199400067329407,0.17518700659275055,0.16293099522590637,0.16293099522590637,3493,0.0,0.0
2024-10-14 00:00:00+00:00,0.16293099522590637,0.174577996134758,0.16285699605941772,0.17270499467849731,791,0.0,0.0
2024-10-15 00:00:00+00:00,0.17270499467849731,0.21482700109481812,0.1671449989080429,0.179407000541687,4619,0.0,0.0
2024-10-16 00:00:00+00:00,0.17940199375152588,0.19031499326229095,0.17875300347805023,0.1887589991092682,4766,0.0,0.0
2024-10-17 00:00:00+00:00,0.1887589991092682,0.19634799659252167,0.18875299394130707,0.1931139975786209,1139,0.0,0.0
2024-10-18 00:00:00+00:00,0.1931139975786209,0.21880799531936646,0.19310900568962097,0.21880799531936646,7241,0.0,0.0
2024-10-19 00:00:00+00:00,0.21880799531936646,0.21880799531936646,0.20282599329948425,0.20283399522304535,7066,0.0,0.0
2024-10-20 00:00:00+00:00,0.20283399522304535,0.21124300360679626,0.20105400681495667,0.2108059972524643,3321,0.0,0.0
2024-10-21 00:00:00+00:00,0.21082299947738647,0.2295760065317154,0.21077600121498108,0.22785800695419312,4850,0.0,0.0
2024-10-22 00:00:00+00:00,0.22785800695419312,0.22785800695419312,0.22101999819278717,0.22119399905204773,1230,0.0,0.0
2024-10-23 00:00:00+00:00,0.22119399905204773,0.2211959958076477,0.19221800565719604,0.19222299754619598,5959,0.0,0.0
2024-10-24 00:00:00+00:00,0.192221999168396,0.197051003575325,0.18392899632453918,0.19045600295066833,4539,0.0,0.0
2024-10-25 00:00:00+00:00,0.19039900600910187,0.1999019980430603,0.18678699433803558,0.19761300086975098,5558,0.0,0.0
2024-10-26 00:00:00+00:00,0.19761300086975098,0.19761499762535095,0.18845400214195251,0.18845400214195251,999,0.0,0.0
2024-10-27 00:00:00+00:00,0.18845400214195251,0.1891220062971115,0.18200400471687317,0.18911799788475037,2112,0.0,0.0
2024-10-28 00:00:00+00:00,0.18911799788475037,0.19704200327396393,0.1467059999704361,0.19680699706077576,29643,0.0,0.0
2024-10-29 00:00:00+00:00,0.19680699706077576,0.19684700667858124,0.16814599931240082,0.16815899312496185,9456,0.0,0.0
2024-10-30 00:00:00+00:00,0.16815699636936188,0.16903899610042572,0.16110500693321228,0.16224199533462524,2587,0.0,0.0
2024-10-31 00:00:00+00:00,0.16224199533462524,0.1771080046892166,0.16131800413131714,0.17177100479602814,5790,0.0,0.0
2024-11-01 00:00:00+00:00,0.17177100479602814,0.17199400067329407,0.16152000427246094,0.16167500615119934,679,0.0,0.0
2024-11-02 00:00:00+00:00,0.16167500615119934,0.16441699862480164,0.1570100039243698,0.16431699693202972,1638,0.0,0.0
2024-11-03 00:00:00+00:00,0.16431699693202972,0.16453899443149567,0.15656299889087677,0.15657100081443787,321,0.0,0.0
2024-11-04 00:00:00+00:00,0.14746999740600586,0.15992000699043274,0.1474120020866394,0.15799100697040558,3799,0.0,0.0
2024-11-05 00:00:00+00:00,0.15799100697040558,0.1605840027332306,0.15225400030612946,0.15529100596904755,9716,0.0,0.0
2024-11-06 00:00:00+00:00,0.15529100596904755,0.17514200508594513,0.15460899472236633,0.1738319993019104,37167,0.0,0.0
2024-11-07 00:00:00+00:00,0.17028899490833282,0.21520300209522247,0.17020300030708313,0.2146179974079132,63746,0.0,0.0
2024-11-08 00:00:00+00:00,0.2355010062456131,0.2773459851741791,0.2355010062456131,0.25642699003219604,93192,0.0,0.0
2024-11-09 00:00:00+00:00,0.26618799567222595,0.26738598942756653,0.22567200660705566,0.2336609959602356,58172,0.0,0.0
2024-11-10 00:00:00+00:00,0.2336609959602356,0.24090899527072906,0.22995899617671967,0.23415400087833405,42070,0.0,0.0
2024-11-11 00:00:00+00:00,0.23415400087833405,0.2512679994106293,0.23415400087833405,0.250806987285614,43090,0.0,0.0
2024-11-12 00:00:00+00:00,0.250789999961853,0.2666800022125244,0.24942399561405182,0.25966501235961914,39481,0.0,0.0
2024-11-13 00:00:00+00:00,0.2595140039920807,0.31915798783302307,0.23179300129413605,0.30845800042152405,93940,0.0,0.0
2024-11-14 00:00:00+00:00,0.30845800042152405,0.3312309980392456,0.2947080135345459,0.31224700808525085,70864,0.0,0.0
2024-11-15 00:00:00+00:00,0.31224700808525085,0.3131040036678314,0.2866100072860718,0.29490700364112854,46674,0.0,0.0
2024-11-16 00:00:00+00:00,0.2913689911365509,0.29291799664497375,0.24946700036525726,0.2497750073671341,80571,0.0,0.0
2024-11-17 00:00:00+00:00,0.2497750073671341,0.2522050142288208,0.24314700067043304,0.2520129978656769,50486,0.0,0.0
2024-11-18 00:00:00+00:00,0.2520129978656769,0.25228801369667053,0.23586100339889526,0.24107800424098969,50601,0.0,0.0
2024-11-19 00:00:00+00:00,0.24107800424098969,0.24208399653434753,0.23806099593639374,0.23842699825763702,49919,0.0,0.0
2024-11-20 00:00:00+00:00,0.23842699825763702,0.2781200110912323,0.22890500724315643,0.24272100627422333,87278,0.0,0.0
2024-11-21 00:00:00+00:00,0.24272100627422333,0.36776599287986755,0.22449800372123718,0.2955850064754486,98214,0.0,0.0
2024-11-22 00:00:00+00:00,0.2955850064754486,0.3383289873600006,0.2953369915485382,0.30151501297950745,16982,0.0,0.0
2024-11-23 00:00:00+00:00,0.3014009892940521,0.35798001289367676,0.3010689914226532,0.34100499749183655,13216,0.0,0.0
2024-11-24 00:00:00+00:00,0.34100499749183655,0.3718990087509155,0.31438300013542175,0.3192780017852783,15828,0.0,0.0
2024-11-25 00:00:00+00:00,0.31927499175071716,0.33376699686050415,0.3137519955635071,0.33299899101257324,594,0.0,0.0
2024-11-26 00:00:00+00:00,0.3332439959049225,0.3408310115337372,0.29639700055122375,0.2990820109844208,17029,0.0,0.0
2024-11-27 00:00:00+00:00,0.2990820109844208,0.3101840019226074,0.2990820109844208,0.30530500411987305,15689,0.0,0.0
2024-11-28 00:00:00+00:00,0.30524998903274536,0.36129501461982727,0.3000180125236511,0.36128801107406616,23522,0.0,0.0
2024-11-29 00:00:00+00:00,0.36128801107406616,0.37209299206733704,0.3544690012931824,0.37080299854278564,9972,0.0,0.0
2024-11-30 00:00:00+00:00,0.3707619905471802,0.4514560103416443,0.3701249957084656,0.4384770095348358,42269,0.0,0.0
2024-12-01 00:00:00+00:00,0.4384770095348358,0.4384770095348358,0.38257500529289246,0.40826401114463806,43150,0.0,0.0
2024-12-02 00:00:00+00:00,0.40813401341438293,0.4203839898109436,0.3979099988937378,0.4033220112323761,17264,0.0,0.0
2024-12-03 00:00:00+00:00,0.39571601152420044,0.39598900079727173,0.3338660001754761,0.33513501286506653,21874,0.0,0.0
2024-12-04 00:00:00+00:00,0.3344930112361908,0.3790070116519928,0.33447200059890747,0.3437280058860779,31975,0.0,0.0
2024-12-05 00:00:00+00:00,0.3437280058860779,0.35671499371528625,0.3362239897251129,0.3362239897251129,10378,0.0,0.0
2024-12-06 00:00:00+00:00,0.3388729989528656,0.34419700503349304,0.3212130069732666,0.3303939998149872,13882,0.0,0.0
2024-12-07 00:00:00+00:00,0.3303939998149872,0.3733539879322052,0.3303939998149872,0.36993101239204407,33643,0.0,0.0
2024-12-08 00:00:00+00:00,0.3683309853076935,0.36835500597953796,0.3594149947166443,0.3594459891319275,8934,0.0,0.0
2024-12-09 00:00:00+00:00,0.3595080077648163,0.4009459912776947,0.35947200655937195,0.3894760012626648,23880,0.0,0.0
2024-12-10 00:00:00+00:00,0.3894760012626648,0.39671599864959717,0.366580992937088,0.3804360032081604,7754,0.0,0.0
2024-12-11 00:00:00+00:00,0.3804360032081604,0.3859519958496094,0.3663100004196167,0.37308600544929504,4217,0.0,0.0
2024-12-12 00:00:00+00:00,0.37308600544929504,0.4356819987297058,0.37308400869369507,0.43561801314353943,22140,0.0,0.0
2024-12-13 00:00:00+00:00,0.43561801314353943,0.4610919952392578,0.398283988237381,0.4009070098400116,36271,0.0,0.0
2024-12-14 00:00:00+00:00,0.40087398886680603,0.4471760094165802,0.39570701122283936,0.4471760094165802,14630,0.0,0.0
2024-12-15 00:00:00+00:00,0.4471629858016968,0.44892600178718567,0.4443199932575226,0.4488469958305359,2231,0.0,0.0
2024-12-16 00:00:00+00:00,0.4573349952697754,0.46612000465393066,0.4573329985141754,0.46494901180267334,1451,0.0,0.0
2024-12-17 00:00:00+00:00,0.46494901180267334,0.46997299790382385,0.4250839948654175,0.42514100670814514,16036,0.0,0.0
2024-12-18 00:00:00+00:00,0.42514100670814514,0.44612500071525574,0.38294199109077454,0.38294199109077454,24549,0.0,0.0
2024-12-19 00:00:00+00:00,0.38294199109077454,0.41922301054000854,0.3535279929637909,0.3765049874782562,21769,0.0,0.0
2024-12-20 00:00:00+00:00,0.3765049874782562,0.3895359933376312,0.37569698691368103,0.3842329978942871,9291,0.0,0.0
2024-12-21 00:00:00+00:00,0.3842329978942871,0.3842869997024536,0.3363089859485626,0.3363089859485626,17311,0.0,0.0
2024-12-22 00:00:00+00:00,0.3363089859485626,0.3363089859485626,0.32419899106025696,0.32427701354026794,7488,0.0,0.0
2024-12-23 00:00:00+00:00,0.32427701354026794,0.324398010969162,0.2963710129261017,0.30657199025154114,10195,0.0,0.0
2024-12-24 00:00:00+00:00,0.30657199025154114,0.33681198954582214,0.30417901277542114,0.32975998520851135,5277,0.0,0.0
2024-12-25 00:00:00+00:00,0.32975998520851135,0.3408389985561371,0.31536000967025757,0.3190520107746124,13847,0.0,0.0
2024-12-26 00:00:00+00:00,0.3190520107746124,0.3532159924507141,0.307545006275177,0.3075590133666992,16327,0.0,0.0
2024-12-27 00:00:00+00:00,0.3075590133666992,0.323837012052536,0.2933729887008667,0.2934289872646332,12110,0.0,0.0
2024-12-28 00:00:00+00:00,0.2934289872646332,0.29790300130844116,0.2934040129184723,0.2971529960632324,45,0.0,0.0
2024-12-29 00:00:00+00:00,0.2971529960632324,0.3014400005340576,0.2781740128993988,0.279323011636734,11805,0.0,0.0
2024-12-30 00:00:00+00:00,0.279323011636734,0.27985599637031555,0.25824201107025146,0.2582559883594513,17775,0.0,0.0
2024-12-31 00:00:00+00:00,0.2582559883594513,0.2583709955215454,0.2362460047006607,0.2362460047006607,15723,0.0,0.0
2025-01-01 00:00:00+00:00,0.2362460047006607,0.2462809979915619,0.2308260053396225,0.2376980036497116,10474,0.0,0.0
2025-01-02 00:00:00+00:00,0.2376980036497116,0.23952999711036682,0.23551400005817413,0.23551400005817413,1518,0.0,0.0
2025-01-03 00:00:00+00:00,0.23551400005817413,0.25012698769569397,0.23417699337005615,0.24979299306869507,7832,0.0,0.0
2025-01-04 00:00:00+00:00,0.24979299306869507,0.2555829882621765,0.2491849958896637,0.25458699464797974,6860,0.0,0.0
2025-01-05 00:00:00+00:00,0.25458699464797974,0.25458699464797974,0.2374970018863678,0.2383899986743927,5810,0.0,0.0
2025-01-06 00:00:00+00:00,0.2383899986743927,0.24195000529289246,0.23826199769973755,0.23826900124549866,7529,0.0,0.0
2025-01-07 00:00:00+00:00,0.23826900124549866,0.29239699244499207,0.21558600664138794,0.2156590074300766,14824,0.0,0.0
2025-01-08 00:00:00+00:00,0.2156590074300766,0.2156590074300766,0.1949159950017929,0.1949159950017929,7581,0.0,0.0
2025-01-09 00:00:00+00:00,0.1949159950017929,0.1961980015039444,0.18805600702762604,0.19531600177288055,9588,0.0,0.0
2025-01-10 00:00:00+00:00,0.19531600177288055,0.2275020033121109,0.19531600177288055,0.21373699605464935,41860,0.0,0.0
2025-01-11 00:00:00+00:00,0.21373699605464935,0.21373699605464935,0.17636199295520782,0.18263499438762665,29155,0.0,0.0
2025-01-12 00:00:00+00:00,0.18263499438762665,0.1826390027999878,0.1664550006389618,0.16983799636363983,9445,0.0,0.0
2025-01-13 00:00:00+00:00,0.16983799636363983,0.20145900547504425,0.16981300711631775,0.19522599875926971,18372,0.0,0.0
2025-01-14 00:00:00+00:00,0.19522599875926971,0.20087799429893494,0.11484500020742416,0.1285499930381775,133090,0.0,0.0
2025-01-15 00:00:00+00:00,0.1285499930381775,0.14855000376701355,0.12840600311756134,0.1461009979248047,14435,0.0,0.0
2025-01-16 00:00:00+00:00,0.1461009979248047,0.1461009979248047,0.13802200555801392,0.13838499784469604,12523,0.0,0.0
2025-01-17 00:00:00+00:00,0.13838499784469604,0.1389639973640442,0.12940600514411926,0.1366170048713684,12067,0.0,0.0
2025-01-18 00:00:00+00:00,0.1366170048713684,0.13946600258350372,0.1291700005531311,0.12970000505447388,7281,0.0,0.0
2025-01-19 00:00:00+00:00,0.12970000505447388,0.13736699521541595,0.12531700730323792,0.13068799674510956,11033,0.0,0.0
2025-01-20 00:00:00+00:00,0.13068799674510956,0.13075900077819824,0.12164799869060516,0.12214700132608414,3132,0.0,0.0
2025-01-21 00:00:00+00:00,0.12214700132608414,0.14789000153541565,0.1217849999666214,0.13015800714492798,12561,0.0,0.0
2025-01-22 00:00:00+00:00,0.13015800714492798,0.1578429937362671,0.12045600265264511,0.12048099935054779,11450,0.0,0.0
2025-01-23 00:00:00+00:00,0.12048099935054779,0.13009299337863922,0.1204729974269867,0.12920799851417542,8606,0.0,0.0
2025-01-24 00:00:00+00:00,0.12920799851417542,0.14729900658130646,0.12250000238418579,0.14717000722885132,7069,0.0,0.0
2025-01-25 00:00:00+00:00,0.14717000722885132,0.19196699559688568,0.14679700136184692,0.17683899402618408,34637,0.0,0.0
2025-01-26 00:00:00+00:00,0.17683899402618408,0.1780489981174469,0.17215199768543243,0.1725749969482422,9628,0.0,0.0
2025-01-27 00:00:00+00:00,0.1725749969482422,0.1762930005788803,0.1535000056028366,0.1554040014743805,9552,0.0,0.0
2025-01-28 00:00:00+00:00,0.1554040014743805,0.16486500203609467,0.15460599958896637,0.1547040045261383,9112,0.0,0.0
2025-01-29 00:00:00+00:00,0.1547040045261383,0.1572140008211136,0.14894500374794006,0.15265199542045593,18762,0.0,0.0
2025-01-30 00:00:00+00:00,0.15265199542045593,0.16715699434280396,0.1508149951696396,0.15895600616931915,10408,0.0,0.0
2025-01-31 00:00:00+00:00,0.15895600616931915,0.16430799663066864,0.1567859947681427,0.16301099956035614,7763,0.0,0.0
2025-02-01 00:00:00+00:00,0.16301099956035614,0.16698400676250458,0.1504639983177185,0.15619300305843353,7865,0.0,0.0
2025-02-02 00:00:00+00:00,0.15619300305843353,0.15619799494743347,0.1321289986371994,0.1321299970149994,17466,0.0,0.0
2025-02-03 00:00:00+00:00,0.1321299970149994,0.13962799310684204,0.11856599897146225,0.13917100429534912,5681,0.0,0.0
2025-02-04 00:00:00+00:00,0.13917100429534912,0.1391720026731491,0.131290003657341,0.13130100071430206,1809,0.0,0.0
2025-02-05 00:00:00+00:00,0.13130100071430206,0.14388200640678406,0.12828299403190613,0.13414600491523743,2194,0.0,0.0
2025-02-06 00:00:00+00:00,0.13414600491523743,0.13565799593925476,0.12804199755191803,0.12900599837303162,1530,0.0,0.0
2025-02-07 00:00:00+00:00,0.12900599837303162,0.1348859965801239,0.12030000239610672,0.1207680031657219,3240,0.0,0.0
2025-02-08 00:00:00+00:00,0.1207680031657219,0.12682999670505524,0.11809200048446655,0.11809200048446655,5050,0.0,0.0
2025-02-09 00:00:00+00:00,0.11809200048446655,0.11809200048446655,0.11639299988746643,0.11692400276660919,1972,0.0,0.0
2025-02-10 00:00:00+00:00,0.11692400276660919,0.12242300063371658,0.10958799719810486,0.10958900302648544,3629,0.0,0.0
2025-02-11 00:00:00+00:00,0.10958900302648544,0.11372599750757217,0.10701700299978256,0.11365699768066406,275,0.0,0.0
2025-02-12 00:00:00+00:00,0.11365699768066406,0.11370799690485,0.09987899661064148,0.10301399976015091,1909,0.0,0.0
2025-02-13 00:00:00+00:00,0.10301399976015091,0.10301399976015091,0.09472700208425522,0.0982080027461052,5632,0.0,0.0
2025-02-14 00:00:00+00:00,0.0982080027461052,0.10232599824666977,0.09820699691772461,0.09993100166320801,150,0.0,0.0
2025-02-15 00:00:00+00:00,0.09993100166320801,0.10465499758720398,0.09557700157165527,0.09557700157165527,2958,0.0,0.0
2025-02-16 00:00:00+00:00,0.09557700157165527,0.09600300341844559,0.09341400116682053,0.09342200309038162,1929,0.0,0.0
2025-02-17 00:00:00+00:00,0.09342200309038162,0.09481000155210495,0.09160900115966797,0.09281100332736969,2237,0.0,0.0
2025-02-18 00:00:00+00:00,0.09281100332736969,0.09282299876213074,0.0811460018157959,0.0811460018157959,3815,0.0,0.0
2025-02-19 00:00:00+00:00,0.0811460018157959,0.09001900255680084,0.08093299716711044,0.08882699906826019,4897,0.0,0.0
2025-02-20 00:00:00+00:00,0.08882699906826019,0.10097700357437134,0.08878599852323532,0.10096599906682968,1583,0.0,0.0
2025-02-21 00:00:00+00:00,0.10096599906682968,0.10141299664974213,0.08056099712848663,0.0885860025882721,1452,0.0,0.0
2025-02-22 00:00:00+00:00,0.0885860025882721,0.097632996737957,0.0885860025882721,0.09258099645376205,4807,0.0,0.0
2025-02-23 00:00:00+00:00,0.09258099645376205,0.10305599868297577,0.09241499751806259,0.09469100087881088,8606,0.0,0.0
2025-02-24 00:00:00+00:00,0.09469100087881088,0.0961730033159256,0.0860690027475357,0.0860690027475357,7115,0.0,0.0
2025-02-25 00:00:00+00:00,0.0860690027475357,0.09491699934005737,0.07687599956989288,0.07883399724960327,4603,0.0,0.0
2025-02-26 00:00:00+00:00,0.07883399724960327,0.08133000135421753,0.0671359971165657,0.0671359971165657,4645,0.0,0.0
2025-02-27 00:00:00+00:00,0.0671359971165657,0.11160299926996231,0.06474199891090393,0.06816799938678741,9637,0.0,0.0
2025-02-28 00:00:00+00:00,0.06816799938678741,0.07604900002479553,0.05551299825310707,0.057016000151634216,7802,0.0,0.0
2025-03-01 00:00:00+00:00,0.057016000151634216,0.057016000151634216,0.05396300181746483,0.05396300181746483,5720,0.0,0.0
2025-03-02 00:00:00+00:00,0.05396300181746483,0.055980000644922256,0.05396300181746483,0.055980000644922256,6489,0.0,0.0
2025-03-03 00:00:00+00:00,0.055980000644922256,0.056352000683546066,0.05453500151634216,0.05453500151634216,5983,0.0,0.0
2025-03-04 00:00:00+00:00,0.05453500151634216,0.05634399875998497,0.05407699942588806,0.05634399875998497,5721,0.0,0.0
2025-03-05 00:00:00+00:00,0.05634399875998497,0.05765499919652939,0.05601000040769577,0.05636899918317795,5723,0.0,0.0
2025-03-06 00:00:00+00:00,0.05636899918317795,0.05644400045275688,0.054211001843214035,0.0557590015232563,5723,0.0,0.0
2025-03-07 00:00:00+00:00,0.0557590015232563,0.0557590015232563,0.05396300181746483,0.05469899997115135,5721,0.0,0.0
2025-03-08 00:00:00+00:00,0.05469899997115135,0.05469899997115135,0.05396300181746483,0.05396300181746483,5721,0.0,0.0
2025-03-09 00:00:00+00:00,0.05396300181746483,0.054276999086141586,0.05396300181746483,0.054276999086141586,5720,0.0,0.0
2025-03-10 00:00:00+00:00,0.054276999086141586,0.06073100119829178,0.054276999086141586,0.06025899946689606,5720,0.0,0.0
2025-03-11 00:00:00+00:00,0.06025899946689606,0.06025899946689606,0.05396300181746483,0.05699799954891205,5721,0.0,0.0
2025-03-12 00:00:00+00:00,0.05699799954891205,0.05699799954891205,0.05396300181746483,0.05396300181746483,5721,0.0,0.0
2025-03-13 00:00:00+00:00,0.05396300181746483,0.05443200096487999,0.05396300181746483,0.05443200096487999,5720,0.0,0.0
2025-03-14 00:00:00+00:00,0.05443200096487999,0.055727001279592514,0.05443200096487999,0.05526699870824814,5724,0.0,0.0
2025-03-15 00:00:00+00:00,0.05526699870824814,0.06074099987745285,0.05424899980425835,0.06074099987745285,7810,0.0,0.0
2025-03-16 00:00:00+00:00,0.06074099987745285,0.0615370012819767,0.05559900030493736,0.05559900030493736,5724,0.0,0.0
2025-03-17 00:00:00+00:00,0.05559900030493736,0.06793899834156036,0.0546410009264946,0.06747099757194519,5723,0.0,0.0
2025-03-18 00:00:00+00:00,0.06659500300884247,0.06758499890565872,0.058104999363422394,0.05855400115251541,6996,0.0,0.0
2025-03-19 00:00:00+00:00,0.05855400115251541,0.05927199870347977,0.05623000115156174,0.05885399878025055,5724,0.0,0.0
2025-03-20 00:00:00+00:00,0.05885399878025055,0.05885399878025055,0.05539200082421303,0.05539200082421303,5720,0.0,0.0
2025-03-21 00:00:00+00:00,0.05539200082421303,0.06311800330877304,0.055243998765945435,0.06311800330877304,6239,0.0,0.0
2025-03-22 00:00:00+00:00,0.06311800330877304,0.06689000129699707,0.06233200058341026,0.06233200058341026,5722,0.0,0.0
2025-03-23 00:00:00+00:00,0.06233200058341026,0.06233200058341026,0.05396300181746483,0.057360999286174774,5723,0.0,0.0
2025-03-24 00:00:00+00:00,0.057360999286174774,0.06572700291872025,0.057360999286174774,0.06376899778842926,5724,0.0,0.0
2025-03-25 00:00:00+00:00,0.06376899778842926,0.06376899778842926,0.05396300181746483,0.06035200133919716,5724,0.0,0.0
2025-03-26 00:00:00+00:00,0.06035200133919716,0.06035200133919716,0.05396300181746483,0.05396300181746483,5723,0.0,0.0
2025-03-27 00:00:00+00:00,0.05396300181746483,0.05396300181746483,0.05396300181746483,0.05396300181746483,5721,0.0,0.0
2025-03-28 00:00:00+00:00,0.05396300181746483,0.056915998458862305,0.05396300181746483,0.056915998458862305,5720,0.0,0.0
2025-03-29 00:00:00+00:00,0.056915998458862305,0.05710500106215477,0.0545479990541935,0.0545479990541935,5721,0.0,0.0
2025-03-30 00:00:00+00:00,0.0545479990541935,0.0545479990541935,0.054044999182224274,0.054044999182224274,5722,0.0,0.0
2025-03-31 00:00:00+00:00,0.054044999182224274,0.054044999182224274,0.05396300181746483,0.05396300181746483,5722,0.0,0.0
2025-04-01 00:00:00+00:00,0.05396300181746483,0.0596730001270771,0.05396300181746483,0.0596730001270771,5723,0.0,0.0
2025-04-02 00:00:00+00:00,0.0596730001270771,0.0596730001270771,0.05396300181746483,0.054361000657081604,5722,0.0,0.0
2025-04-03 00:00:00+00:00,0.054361000657081604,0.0685880035161972,0.054322998970746994,0.06837300211191177,5720,0.0,0.0
2025-04-04 00:00:00+00:00,0.06837300211191177,0.0693420022726059,0.05709800124168396,0.06349500268697739,5721,0.0,0.0
2025-04-05 00:00:00+00:00,0.06349500268697739,0.06349500268697739,0.053984999656677246,0.053984999656677246,5720,0.0,0.0
2025-04-06 00:00:00+00:00,0.053984999656677246,0.053984999656677246,0.05396300181746483,0.05396300181746483,5719,0.0,0.0
2025-04-07 00:00:00+00:00,0.05396300181746483,0.05666299909353256,0.05396300181746483,0.05666299909353256,5721,0.0,0.0
2025-04-08 00:00:00+00:00,0.05666299909353256,0.06362199783325195,0.05655800178647041,0.06135600060224533,5718,0.0,0.0
2025-04-09 00:00:00+00:00,0.06135600060224533,0.06135600060224533,0.05484100058674812,0.05484100058674812,5721,0.0,0.0
2025-04-10 00:00:00+00:00,0.05484100058674812,0.08577100187540054,0.054249998182058334,0.0798339992761612,142,0.0,0.0
2025-04-11 00:00:00+00:00,0.0798339992761612,0.08191400021314621,0.0798339992761612,0.08191400021314621,0,0.0,0.0
2025-04-12 00:00:00+00:00,0.08191400021314621,0.08272500336170197,0.08191400021314621,0.08272500336170197,0,0.0,0.0
2025-04-13 00:00:00+00:00,0.08272500336170197,0.08272500336170197,0.08272500336170197,0.08272500336170197,0,0.0,0.0
2025-04-14 00:00:00+00:00,0.08272500336170197,0.08272500336170197,0.07872200012207031,0.08194100111722946,0,0.0,0.0
2025-04-15 00:00:00+00:00,0.08194100111722946,0.08299200236797333,0.08194100111722946,0.08299200236797333,0,0.0,0.0
2025-04-16 00:00:00+00:00,0.08299200236797333,0.08299200236797333,0.08299200236797333,0.08299200236797333,0,0.0,0.0
2025-04-17 00:00:00+00:00,0.08299200236797333,0.08299200236797333,0.08299200236797333,0.08299200236797333,0,0.0,0.0
2025-04-18 00:00:00+00:00,0.08299200236797333,0.08299200236797333,0.08060599863529205,0.08060599863529205,0,0.0,0.0
2025-04-19 00:00:00+00:00,0.08060599863529205,0.08060599863529205,0.08060599863529205,0.08060599863529205,0,0.0,0.0
2025-04-20 00:00:00+00:00,0.08060599863529205,0.08060599863529205,0.08060599863529205,0.08060599863529205,0,0.0,0.0
2025-04-21 00:00:00+00:00,0.08060599863529205,0.08060599863529205,0.08060599863529205,0.08060599863529205,0,0.0,0.0
2025-04-22 00:00:00+00:00,0.08060599863529205,0.08442100137472153,0.08060599863529205,0.08442100137472153,0,0.0,0.0
2025-04-23 00:00:00+00:00,0.08442100137472153,0.09335500001907349,0.08442100137472153,0.09335500001907349,0,0.0,0.0
2025-04-24 00:00:00+00:00,0.09335500001907349,0.09335500001907349,0.09335500001907349,0.09335500001907349,0,0.0,0.0
2025-04-25 00:00:00+00:00,0.09335500001907349,0.09377700090408325,0.09335500001907349,0.09377700090408325,0,0.0,0.0
2025-04-26 00:00:00+00:00,0.09377700090408325,0.09377700090408325,0.0862329974770546,0.0862329974770546,3106,0.0,0.0
2025-04-27 00:00:00+00:00,0.0862329974770546,0.0862329974770546,0.0862329974770546,0.0862329974770546,0,0.0,0.0
2025-04-28 00:00:00+00:00,0.0862329974770546,0.0862329974770546,0.08433300256729126,0.08455000072717667,0,0.0,0.0
2025-04-29 00:00:00+00:00,0.08455000072717667,0.08573900163173676,0.08455000072717667,0.08573900163173676,0,0.0,0.0
2025-04-30 00:00:00+00:00,0.08573900163173676,0.08573900163173676,0.08361700177192688,0.08361700177192688,0,0.0,0.0
2025-05-01 00:00:00+00:00,0.08361700177192688,0.08361700177192688,0.08361700177192688,0.08361700177192688,0,0.0,0.0
2025-05-02 00:00:00+00:00,0.08361700177192688,0.08361700177192688,0.08361700177192688,0.08361700177192688,0,0.0,0.0
2025-05-03 00:00:00+00:00,0.08361700177192688,0.08361700177192688,0.08361700177192688,0.08361700177192688,0,0.0,0.0
2025-05-04 00:00:00+00:00,0.08361700177192688,0.08361700177192688,0.08101099729537964,0.08247099816799164,0,0.0,0.0
2025-05-05 00:00:00+00:00,0.08247099816799164,0.08247099816799164,0.08169999718666077,0.08210700005292892,0,0.0,0.0
2025-05-06 00:00:00+00:00,0.08210700005292892,0.08210700005292892,0.08210700005292892,0.08210700005292892,0,0.0,0.0
2025-05-07 00:00:00+00:00,0.08210700005292892,0.08210700005292892,0.06273700296878815,0.06598900258541107,0,0.0,0.0
2025-05-08 00:00:00+00:00,0.06598900258541107,0.07914000004529953,0.06598900258541107,0.07914000004529953,17,0.0,0.0
2025-05-09 00:00:00+00:00,0.07914000004529953,0.0852150022983551,0.07914000004529953,0.0852150022983551,0,0.0,0.0
2025-05-10 00:00:00+00:00,0.0852150022983551,0.0852150022983551,0.0852150022983551,0.0852150022983551,0,0.0,0.0
2025-05-11 00:00:00+00:00,0.0852150022983551,0.09281300008296967,0.0852150022983551,0.09281300008296967,0,0.0,0.0
2025-05-12 00:00:00+00:00,0.09281300008296967,0.09281300008296967,0.09281300008296967,0.09281300008296967,0,0.0,0.0
2025-05-13 00:00:00+00:00,0.09281300008296967,0.09626699984073639,0.08918700367212296,0.09626699984073639,86,0.0,0.0
2025-05-14 00:00:00+00:00,0.09626699984073639,0.09626699984073639,0.09316600114107132,0.09358599781990051,0,0.0,0.0
2025-05-15 00:00:00+00:00,0.09358599781990051,0.09358599781990051,0.09129200130701065,0.09153199940919876,0,0.0,0.0
2025-05-16 00:00:00+00:00,0.09153199940919876,0.09153199940919876,0.09108000248670578,0.09108000248670578,0,0.0,0.0
2025-05-17 00:00:00+00:00,0.09108000248670578,0.09108000248670578,0.08671899884939194,0.08671899884939194,0,0.0,0.0
2025-05-18 00:00:00+00:00,0.08671899884939194,0.08914700150489807,0.08671899884939194,0.08914700150489807,0,0.0,0.0
2025-05-19 00:00:00+00:00,0.08914700150489807,0.08914700150489807,0.08914700150489807,0.08914700150489807,0,0.0,0.0
2025-05-20 00:00:00+00:00,0.08914700150489807,0.08914700150489807,0.08758799731731415,0.08758799731731415,0,0.0,0.0
2025-05-21 00:00:00+00:00,0.08758799731731415,0.08758799731731415,0.08758799731731415,0.08758799731731415,0,0.0,0.0
2025-05-22 00:00:00+00:00,0.08758799731731415,0.09184399992227554,0.08758799731731415,0.09143900126218796,0,0.0,0.0
2025-05-23 00:00:00+00:00,0.09143900126218796,0.09143900126218796,0.08685100078582764,0.08685100078582764,0,0.0,0.0
2025-05-24 00:00:00+00:00,0.08685100078582764,0.08685100078582764,0.08685100078582764,0.08685100078582764,0,0.0,0.0
2025-05-25 00:00:00+00:00,0.08685100078582764,0.08685100078582764,0.08487299829721451,0.08487299829721451,0,0.0,0.0
2025-05-26 00:00:00+00:00,0.08487299829721451,0.0866980031132698,0.08148200064897537,0.08235599845647812,2155,0.0,0.0
2025-05-27 00:00:00+00:00,0.08235599845647812,0.08440399914979935,0.07948300242424011,0.08440399914979935,0,0.0,0.0
2025-05-28 00:00:00+00:00,0.08440399914979935,0.0881740003824234,0.08440399914979935,0.0881740003824234,0,0.0,0.0
2025-05-29 00:00:00+00:00,0.0881740003824234,0.08969099819660187,0.0881740003824234,0.08969099819660187,0,0.0,0.0
2025-05-30 00:00:00+00:00,0.08969099819660187,0.08969099819660187,0.08969099819660187,0.08969099819660187,0,0.0,0.0
2025-05-31 00:00:00+00:00,0.08651299774646759,0.08651299774646759,0.08651299774646759,0.08651299774646759,0,0.0,0.0
2025-06-01 00:00:00+00:00,0.0865134447813034,0.0865134447813034,0.08116122335195541,0.08160783350467682,2592,0.0,0.0
